BSS 26:0b:2a:c1:ba:51(on wlxd0374542d42e) -- associated
	TSF: 235972329171 usec (2d, 17:32:52)
	freq: 5560.0
	beacon interval: 100 TUs
	capability: ESS Privacy ShortPreamble SpectrumMgmt RadioMeasure (0x1131)
	signal: -43.00 dBm
	last seen: 1 ms ago
	Information elements from Probe Response frame:
	SSID: VHT KEANGNAM
	Supported rates: 6.0* 9.0 12.0* 18.0 24.0* 36.0 48.0 54.0 
	DS Parameter set: channel 112
	ERP: Barker_Preamble_Mode
	RSN:	 * Version: 1
		 * Group cipher: CCMP
		 * Pairwise ciphers: CCMP
		 * Authentication suites: PSK
		 * Capabilities: 1-PTKSA-RC 1-GTKSA-RC (0x0000)
	HT capabilities:
		Capabilities: 0x9ef
			RX LDPC
			HT20/HT40
			SM Power Save disabled
			RX HT20 SGI
			RX HT40 SGI
			TX STBC
			RX STBC 1-stream
			Max AMSDU length: 7935 bytes
			No DSSS/CCK HT40
		Maximum RX AMPDU length 65535 bytes (exponent: 0x003)
		Minimum RX AMPDU time spacing: 2 usec (0x04)
		HT RX MCS rate indexes supported: 0-15
		HT TX MCS rate indexes are undefined
	HT operation:
		 * primary channel: 112
		 * secondary channel offset: below
		 * STA channel width: any
		 * RIFS: 0
		 * HT protection: 20 MHz
		 * non-GF present: 1
		 * OBSS non-GF present: 0
		 * dual beacon: 0
		 * dual CTS protection: 0
		 * STBC beacon: 0
		 * L-SIG TXOP Prot: 0
		 * PCO active: 0
		 * PCO phase: 0
	Extended capabilities:
		 * BSS Transition
		 * Interworking
		 * Operating Mode Notification
		 * TWT Responder Support
		 * 85
		 * Max Number Of MSDUs In A-MSDU is unlimited
	802.11u Interworking:
		Network Options: 0x0
			Network Type: 0 (Private)
		Venue Group: 2 (Business)
		Venue Type: 8
		HESSID: 00:00:00:00:00:00
	802.11u Advertisement:
		Query Response Info: 0x7f
			Query Response Length Limit: 127
			ANQP
	WMM:	 * Parameter version 1
		 * BE: CW 15-1023, AIFSN 3
		 * BK: CW 15-1023, AIFSN 7
		 * VI: CW 7-15, AIFSN 2, TXOP 3008 usec
		 * VO: CW 3-7, AIFSN 2, TXOP 1504 usec
	RM enabled capabilities:
		Capabilities: 0x02 0x00 0x01 0x00 0x00
			Neighbor Report
			AP Channel Report
		Nonoperating Channel Max Measurement Duration: 0
		Measurement Pilot Capability: 0
	AP Channel Report:
		 * operating class: 128
		 * channel(s): 42 58 106 122
	Power constraint: 0 dB
	TPC report: TX power: 15 dBm
	Transmit Power Envelope:
	Country: VN	Environment: bogus
		Channels [42 - 54] @ -1 dBm
	VHT capabilities:
		VHT Capabilities (0x33ca79b2):
			Max MPDU length: 11454
			Supported Channel Width: neither 160 nor 80+80
			RX LDPC
			short GI (80 MHz)
			TX STBC
			SU Beamformer
			SU Beamformee
			MU Beamformer
			+HTC-VHT
			RX antenna pattern consistency
			TX antenna pattern consistency
		VHT RX MCS set:
			1 streams: MCS 0-9
			2 streams: MCS 0-9
			3 streams: not supported
			4 streams: not supported
			5 streams: not supported
			6 streams: not supported
			7 streams: not supported
			8 streams: not supported
		VHT RX highest supported: 780 Mbps
		VHT TX MCS set:
			1 streams: MCS 0-9
			2 streams: MCS 0-9
			3 streams: not supported
			4 streams: not supported
			5 streams: not supported
			6 streams: not supported
			7 streams: not supported
			8 streams: not supported
		VHT TX highest supported: 780 Mbps
		VHT extended NSS: supported
	VHT operation:
		 * channel width: 1 (80 MHz)
		 * center freq segment 1: 106
		 * center freq segment 2: 0
		 * VHT basic MCS set: 0xfffc
	HE capabilities:
		HE MAC Capabilities (0x00051a081044):
			+HTC HE Supported
			TWT Responder
			BSR
			OM Control
			Maximum A-MPDU Length Exponent: 3
			BQR
			A-MSDU in A-MPDU
			OM Control UL MU Data Disable RX
		HE PHY Capabilities: (0x0420ce926f12af10110c00):
			HE40/HE80/5GHz
			LDPC Coding in Payload
			NDP with 4x HE-LTF and 3.2us GI
			STBC Tx <= 80MHz
			STBC Rx <= 80MHz
			Full Bandwidth UL MU-MIMO
			Partial Bandwidth UL MU-MIMO
			DCM Max Constellation: 2
			DCM Max Constellation Rx: 2
			SU Beamformer
			SU Beamformee
			MU Beamformer
			Beamformee STS <= 80Mhz: 3
			Beamformee STS > 80Mhz: 3
			Sounding Dimensions <= 80Mhz: 2
			Sounding Dimensions > 80Mhz: 2
			Codebook Size SU Feedback
			Codebook Size MU Feedback
			Triggered SU Beamforming Feedback
			Triggered MU Beamforming Feedback
			Partial Bandwidth Extended Range
			PPE Threshold Present
			Max NC: 2
			HE ER SU PPDU 4x HE-LTF 0.8us GI
			HE ER SU PPDU 1x HE-LTF 0.8us GI
			TX 1024-QAM
			RX 1024-QAM
		HE RX MCS and NSS set <= 80 MHz
			1 streams: MCS 0-11
			2 streams: MCS 0-11
			3 streams: not supported
			4 streams: not supported
			5 streams: not supported
			6 streams: not supported
			7 streams: not supported
			8 streams: not supported
		HE TX MCS and NSS set <= 80 MHz
			1 streams: MCS 0-11
			2 streams: MCS 0-11
			3 streams: not supported
			4 streams: not supported
			5 streams: not supported
			6 streams: not supported
			7 streams: not supported
			8 streams: not supported
		PPE Threshold 0x39 0x1c 0xc7 0x71 0x1c 0x07 
BSS 26:0b:2a:df:e9:33(on wlxd0374542d42e)
	TSF: 236032939539 usec (2d, 17:33:52)
	freq: 5560.0
	beacon interval: 100 TUs
	capability: ESS Privacy ShortPreamble SpectrumMgmt RadioMeasure (0x1131)
	signal: -46.00 dBm
	last seen: 1 ms ago
	Information elements from Probe Response frame:
	SSID: VHT KEANGNAM 5GHz
	Supported rates: 6.0* 9.0 12.0* 18.0 24.0* 36.0 48.0 54.0 
	DS Parameter set: channel 112
	ERP: Barker_Preamble_Mode
	RSN:	 * Version: 1
		 * Group cipher: CCMP
		 * Pairwise ciphers: CCMP
		 * Authentication suites: PSK
		 * Capabilities: 1-PTKSA-RC 1-GTKSA-RC (0x0000)
	HT capabilities:
		Capabilities: 0x9ef
			RX LDPC
			HT20/HT40
			SM Power Save disabled
			RX HT20 SGI
			RX HT40 SGI
			TX STBC
			RX STBC 1-stream
			Max AMSDU length: 7935 bytes
			No DSSS/CCK HT40
		Maximum RX AMPDU length 65535 bytes (exponent: 0x003)
		Minimum RX AMPDU time spacing: 2 usec (0x04)
		HT RX MCS rate indexes supported: 0-15
		HT TX MCS rate indexes are undefined
	HT operation:
		 * primary channel: 112
		 * secondary channel offset: below
		 * STA channel width: any
		 * RIFS: 0
		 * HT protection: no
		 * non-GF present: 1
		 * OBSS non-GF present: 0
		 * dual beacon: 0
		 * dual CTS protection: 0
		 * STBC beacon: 0
		 * L-SIG TXOP Prot: 0
		 * PCO active: 0
		 * PCO phase: 0
	Extended capabilities:
		 * BSS Transition
		 * Interworking
		 * Operating Mode Notification
		 * TWT Responder Support
		 * 85
		 * Max Number Of MSDUs In A-MSDU is unlimited
	WMM:	 * Parameter version 1
		 * BE: CW 15-1023, AIFSN 3
		 * BK: CW 15-1023, AIFSN 7
		 * VI: CW 7-15, AIFSN 2, TXOP 3008 usec
		 * VO: CW 3-7, AIFSN 2, TXOP 1504 usec
	RM enabled capabilities:
		Capabilities: 0x02 0x00 0x01 0x00 0x00
			Neighbor Report
			AP Channel Report
		Nonoperating Channel Max Measurement Duration: 0
		Measurement Pilot Capability: 0
	AP Channel Report:
		 * operating class: 128
		 * channel(s): 42 58 106 122
	Power constraint: 0 dB
	TPC report: TX power: 15 dBm
	Transmit Power Envelope:
	Country: VN	Environment: bogus
		Channels [42 - 54] @ -1 dBm
	VHT capabilities:
		VHT Capabilities (0x33ca79b2):
			Max MPDU length: 11454
			Supported Channel Width: neither 160 nor 80+80
			RX LDPC
			short GI (80 MHz)
			TX STBC
			SU Beamformer
			SU Beamformee
			MU Beamformer
			+HTC-VHT
			RX antenna pattern consistency
			TX antenna pattern consistency
		VHT RX MCS set:
			1 streams: MCS 0-9
			2 streams: MCS 0-9
			3 streams: not supported
			4 streams: not supported
			5 streams: not supported
			6 streams: not supported
			7 streams: not supported
			8 streams: not supported
		VHT RX highest supported: 780 Mbps
		VHT TX MCS set:
			1 streams: MCS 0-9
			2 streams: MCS 0-9
			3 streams: not supported
			4 streams: not supported
			5 streams: not supported
			6 streams: not supported
			7 streams: not supported
			8 streams: not supported
		VHT TX highest supported: 780 Mbps
		VHT extended NSS: supported
	VHT operation:
		 * channel width: 1 (80 MHz)
		 * center freq segment 1: 106
		 * center freq segment 2: 0
		 * VHT basic MCS set: 0xfffc
	HE capabilities:
		HE MAC Capabilities (0x00051a081044):
			+HTC HE Supported
			TWT Responder
			BSR
			OM Control
			Maximum A-MPDU Length Exponent: 3
			BQR
			A-MSDU in A-MPDU
			OM Control UL MU Data Disable RX
		HE PHY Capabilities: (0x0420ce926f12af10110c00):
			HE40/HE80/5GHz
			LDPC Coding in Payload
			NDP with 4x HE-LTF and 3.2us GI
			STBC Tx <= 80MHz
			STBC Rx <= 80MHz
			Full Bandwidth UL MU-MIMO
			Partial Bandwidth UL MU-MIMO
			DCM Max Constellation: 2
			DCM Max Constellation Rx: 2
			SU Beamformer
			SU Beamformee
			MU Beamformer
			Beamformee STS <= 80Mhz: 3
			Beamformee STS > 80Mhz: 3
			Sounding Dimensions <= 80Mhz: 2
			Sounding Dimensions > 80Mhz: 2
			Codebook Size SU Feedback
			Codebook Size MU Feedback
			Triggered SU Beamforming Feedback
			Triggered MU Beamforming Feedback
			Partial Bandwidth Extended Range
			PPE Threshold Present
			Max NC: 2
			HE ER SU PPDU 4x HE-LTF 0.8us GI
			HE ER SU PPDU 1x HE-LTF 0.8us GI
			TX 1024-QAM
			RX 1024-QAM
		HE RX MCS and NSS set <= 80 MHz
			1 streams: MCS 0-11
			2 streams: MCS 0-11
			3 streams: not supported
			4 streams: not supported
			5 streams: not supported
			6 streams: not supported
			7 streams: not supported
			8 streams: not supported
		HE TX MCS and NSS set <= 80 MHz
			1 streams: MCS 0-11
			2 streams: MCS 0-11
			3 streams: not supported
			4 streams: not supported
			5 streams: not supported
			6 streams: not supported
			7 streams: not supported
			8 streams: not supported
		PPE Threshold 0x39 0x1c 0xc7 0x71 0x1c 0x07 
BSS 26:0b:2a:b1:b9:20(on wlxd0374542d42e)
	TSF: 58261708877 usec (0d, 16:11:01)
	freq: 5540.0
	beacon interval: 100 TUs
	capability: ESS Privacy ShortPreamble SpectrumMgmt APSD RadioMeasure (0x1931)
	signal: -42.00 dBm
	last seen: 100 ms ago
	Supported rates: 6.0* 9.0 12.0* 18.0 24.0* 36.0 48.0 54.0 
	DS Parameter set: channel 108
	TIM: DTIM Count 0 DTIM Period 1 Bitmap Control 0x0 Bitmap[0] 0x0
	Country: VN	Environment: Indoor/Outdoor
		Channels [36 - 64] @ 30 dBm
		Channels [100 - 120] @ 30 dBm
		Channels [149 - 161] @ 30 dBm
	Power constraint: 0 dB
	TPC report: TX power: 22 dBm
	Transmit Power Envelope:
	RM enabled capabilities:
		Capabilities: 0x02 0x00 0x01 0x00 0x00
			Neighbor Report
			AP Channel Report
		Nonoperating Channel Max Measurement Duration: 0
		Measurement Pilot Capability: 0
	AP Channel Report:
		 * operating class: 128
		 * channel(s): 42 58 106 122
	RSN:	 * Version: 1
		 * Group cipher: CCMP
		 * Pairwise ciphers: CCMP
		 * Authentication suites: PSK SAE
		 * Capabilities: 1-PTKSA-RC 1-GTKSA-RC MFP-capable (0x0080)
		 * 0 PMKIDs
		 * Group mgmt cipher suite: AES-128-CMAC
	BSS Load:
		 * station count: 2
		 * channel utilisation: 92/255
		 * available admission capacity: 31250 [*32us]
	HT capabilities:
		Capabilities: 0x9ef
			RX LDPC
			HT20/HT40
			SM Power Save disabled
			RX HT20 SGI
			RX HT40 SGI
			TX STBC
			RX STBC 1-stream
			Max AMSDU length: 7935 bytes
			No DSSS/CCK HT40
		Maximum RX AMPDU length 65535 bytes (exponent: 0x003)
		Minimum RX AMPDU time spacing: 4 usec (0x05)
		HT RX MCS rate indexes supported: 0-15
		HT TX MCS rate indexes are undefined
	HT operation:
		 * primary channel: 108
		 * secondary channel offset: above
		 * STA channel width: any
		 * RIFS: 0
		 * HT protection: nonmember
		 * non-GF present: 1
		 * OBSS non-GF present: 0
		 * dual beacon: 0
		 * dual CTS protection: 0
		 * STBC beacon: 0
		 * L-SIG TXOP Prot: 0
		 * PCO active: 0
		 * PCO phase: 0
	VHT capabilities:
		VHT Capabilities (0x33c979b2):
			Max MPDU length: 11454
			Supported Channel Width: neither 160 nor 80+80
			RX LDPC
			short GI (80 MHz)
			TX STBC
			SU Beamformer
			SU Beamformee
			MU Beamformer
			+HTC-VHT
			RX antenna pattern consistency
			TX antenna pattern consistency
		VHT RX MCS set:
			1 streams: MCS 0-9
			2 streams: MCS 0-9
			3 streams: not supported
			4 streams: not supported
			5 streams: not supported
			6 streams: not supported
			7 streams: not supported
			8 streams: not supported
		VHT RX highest supported: 780 Mbps
		VHT TX MCS set:
			1 streams: MCS 0-9
			2 streams: MCS 0-9
			3 streams: not supported
			4 streams: not supported
			5 streams: not supported
			6 streams: not supported
			7 streams: not supported
			8 streams: not supported
		VHT TX highest supported: 780 Mbps
		VHT extended NSS: supported
	VHT operation:
		 * channel width: 1 (80 MHz)
		 * center freq segment 1: 106
		 * center freq segment 2: 0
		 * VHT basic MCS set: 0xfffc
	Extended capabilities:
		 * BSS Transition
		 * Interworking
		 * Operating Mode Notification
		 * TWT Responder Support
		 * Max Number Of MSDUs In A-MSDU is unlimited
	WMM:	 * Parameter version 1
		 * u-APSD
		 * BE: CW 15-1023, AIFSN 3
		 * BK: CW 15-1023, AIFSN 7
		 * VI: CW 7-15, AIFSN 2, TXOP 3008 usec
		 * VO: CW 3-7, AIFSN 2, TXOP 1504 usec
	HE capabilities:
		HE MAC Capabilities (0x00051a081044):
			+HTC HE Supported
			TWT Responder
			BSR
			OM Control
			Maximum A-MPDU Length Exponent: 3
			BQR
			A-MSDU in A-MPDU
			OM Control UL MU Data Disable RX
		HE PHY Capabilities: (0x0420ce926f09af08110c00):
			HE40/HE80/5GHz
			LDPC Coding in Payload
			NDP with 4x HE-LTF and 3.2us GI
			STBC Tx <= 80MHz
			STBC Rx <= 80MHz
			Full Bandwidth UL MU-MIMO
			Partial Bandwidth UL MU-MIMO
			DCM Max Constellation: 2
			DCM Max Constellation Rx: 2
			SU Beamformer
			SU Beamformee
			MU Beamformer
			Beamformee STS <= 80Mhz: 3
			Beamformee STS > 80Mhz: 3
			Sounding Dimensions <= 80Mhz: 1
			Sounding Dimensions > 80Mhz: 1
			Codebook Size SU Feedback
			Codebook Size MU Feedback
			Triggered SU Beamforming Feedback
			Triggered MU Beamforming Feedback
			Partial Bandwidth Extended Range
			PPE Threshold Present
			Max NC: 1
			HE ER SU PPDU 4x HE-LTF 0.8us GI
			HE ER SU PPDU 1x HE-LTF 0.8us GI
			TX 1024-QAM
			RX 1024-QAM
		HE RX MCS and NSS set <= 80 MHz
			1 streams: MCS 0-11
			2 streams: MCS 0-11
			3 streams: not supported
			4 streams: not supported
			5 streams: not supported
			6 streams: not supported
			7 streams: not supported
			8 streams: not supported
		HE TX MCS and NSS set <= 80 MHz
			1 streams: MCS 0-11
			2 streams: MCS 0-11
			3 streams: not supported
			4 streams: not supported
			5 streams: not supported
			6 streams: not supported
			7 streams: not supported
			8 streams: not supported
		PPE Threshold 0x39 0x1c 0xc7 0x71 0x1c 0x07 
BSS 26:0b:2a:b1:f7:20(on wlxd0374542d42e)
	TSF: 146849280096 usec (1d, 16:47:29)
	freq: 5560.0
	beacon interval: 100 TUs
	capability: ESS Privacy ShortPreamble SpectrumMgmt APSD RadioMeasure (0x1931)
	signal: -61.00 dBm
	last seen: 94 ms ago
	Supported rates: 6.0* 9.0 12.0* 18.0 24.0* 36.0 48.0 54.0 
	DS Parameter set: channel 112
	TIM: DTIM Count 0 DTIM Period 1 Bitmap Control 0x0 Bitmap[0] 0x0
	Country: VN	Environment: Indoor/Outdoor
		Channels [36 - 64] @ 30 dBm
		Channels [100 - 120] @ 30 dBm
		Channels [149 - 161] @ 30 dBm
	Power constraint: 0 dB
	TPC report: TX power: 22 dBm
	Transmit Power Envelope:
	RM enabled capabilities:
		Capabilities: 0x02 0x00 0x01 0x00 0x00
			Neighbor Report
			AP Channel Report
		Nonoperating Channel Max Measurement Duration: 0
		Measurement Pilot Capability: 0
	AP Channel Report:
		 * operating class: 128
		 * channel(s): 42 58 106 122
	RSN:	 * Version: 1
		 * Group cipher: CCMP
		 * Pairwise ciphers: CCMP
		 * Authentication suites: PSK SAE
		 * Capabilities: 1-PTKSA-RC 1-GTKSA-RC MFP-capable (0x0080)
		 * 0 PMKIDs
		 * Group mgmt cipher suite: AES-128-CMAC
	BSS Load:
		 * station count: 0
		 * channel utilisation: 85/255
		 * available admission capacity: 31250 [*32us]
	HT capabilities:
		Capabilities: 0x9ef
			RX LDPC
			HT20/HT40
			SM Power Save disabled
			RX HT20 SGI
			RX HT40 SGI
			TX STBC
			RX STBC 1-stream
			Max AMSDU length: 7935 bytes
			No DSSS/CCK HT40
		Maximum RX AMPDU length 65535 bytes (exponent: 0x003)
		Minimum RX AMPDU time spacing: 4 usec (0x05)
		HT RX MCS rate indexes supported: 0-15
		HT TX MCS rate indexes are undefined
	HT operation:
		 * primary channel: 112
		 * secondary channel offset: below
		 * STA channel width: any
		 * RIFS: 0
		 * HT protection: no
		 * non-GF present: 0
		 * OBSS non-GF present: 0
		 * dual beacon: 0
		 * dual CTS protection: 0
		 * STBC beacon: 0
		 * L-SIG TXOP Prot: 0
		 * PCO active: 0
		 * PCO phase: 0
	VHT capabilities:
		VHT Capabilities (0x33c979b2):
			Max MPDU length: 11454
			Supported Channel Width: neither 160 nor 80+80
			RX LDPC
			short GI (80 MHz)
			TX STBC
			SU Beamformer
			SU Beamformee
			MU Beamformer
			+HTC-VHT
			RX antenna pattern consistency
			TX antenna pattern consistency
		VHT RX MCS set:
			1 streams: MCS 0-9
			2 streams: MCS 0-9
			3 streams: not supported
			4 streams: not supported
			5 streams: not supported
			6 streams: not supported
			7 streams: not supported
			8 streams: not supported
		VHT RX highest supported: 780 Mbps
		VHT TX MCS set:
			1 streams: MCS 0-9
			2 streams: MCS 0-9
			3 streams: not supported
			4 streams: not supported
			5 streams: not supported
			6 streams: not supported
			7 streams: not supported
			8 streams: not supported
		VHT TX highest supported: 780 Mbps
		VHT extended NSS: supported
	VHT operation:
		 * channel width: 1 (80 MHz)
		 * center freq segment 1: 106
		 * center freq segment 2: 0
		 * VHT basic MCS set: 0xfffc
	Extended capabilities:
		 * BSS Transition
		 * Interworking
		 * Operating Mode Notification
		 * TWT Responder Support
		 * Max Number Of MSDUs In A-MSDU is unlimited
	WMM:	 * Parameter version 1
		 * u-APSD
		 * BE: CW 15-1023, AIFSN 3
		 * BK: CW 15-1023, AIFSN 7
		 * VI: CW 7-15, AIFSN 2, TXOP 3008 usec
		 * VO: CW 3-7, AIFSN 2, TXOP 1504 usec
	HE capabilities:
		HE MAC Capabilities (0x00051a081044):
			+HTC HE Supported
			TWT Responder
			BSR
			OM Control
			Maximum A-MPDU Length Exponent: 3
			BQR
			A-MSDU in A-MPDU
			OM Control UL MU Data Disable RX
		HE PHY Capabilities: (0x0420ce926f09af08110c00):
			HE40/HE80/5GHz
			LDPC Coding in Payload
			NDP with 4x HE-LTF and 3.2us GI
			STBC Tx <= 80MHz
			STBC Rx <= 80MHz
			Full Bandwidth UL MU-MIMO
			Partial Bandwidth UL MU-MIMO
			DCM Max Constellation: 2
			DCM Max Constellation Rx: 2
			SU Beamformer
			SU Beamformee
			MU Beamformer
			Beamformee STS <= 80Mhz: 3
			Beamformee STS > 80Mhz: 3
			Sounding Dimensions <= 80Mhz: 1
			Sounding Dimensions > 80Mhz: 1
			Codebook Size SU Feedback
			Codebook Size MU Feedback
			Triggered SU Beamforming Feedback
			Triggered MU Beamforming Feedback
			Partial Bandwidth Extended Range
			PPE Threshold Present
			Max NC: 1
			HE ER SU PPDU 4x HE-LTF 0.8us GI
			HE ER SU PPDU 1x HE-LTF 0.8us GI
			TX 1024-QAM
			RX 1024-QAM
		HE RX MCS and NSS set <= 80 MHz
			1 streams: MCS 0-11
			2 streams: MCS 0-11
			3 streams: not supported
			4 streams: not supported
			5 streams: not supported
			6 streams: not supported
			7 streams: not supported
			8 streams: not supported
		HE TX MCS and NSS set <= 80 MHz
			1 streams: MCS 0-11
			2 streams: MCS 0-11
			3 streams: not supported
			4 streams: not supported
			5 streams: not supported
			6 streams: not supported
			7 streams: not supported
			8 streams: not supported
		PPE Threshold 0x39 0x1c 0xc7 0x71 0x1c 0x07 
BSS 26:0b:2a:d1:ba:51(on wlxd0374542d42e)
	TSF: 235972330471 usec (2d, 17:32:52)
	freq: 5560.0
	beacon interval: 100 TUs
	capability: ESS Privacy ShortPreamble SpectrumMgmt RadioMeasure (0x1131)
	signal: -43.00 dBm
	last seen: 173 ms ago
	Information elements from Probe Response frame:
	SSID: VHT KEANGNAM 5GHz
	Supported rates: 6.0* 9.0 12.0* 18.0 24.0* 36.0 48.0 54.0 
	DS Parameter set: channel 112
	ERP: Barker_Preamble_Mode
	RSN:	 * Version: 1
		 * Group cipher: CCMP
		 * Pairwise ciphers: CCMP
		 * Authentication suites: PSK
		 * Capabilities: 1-PTKSA-RC 1-GTKSA-RC (0x0000)
	HT capabilities:
		Capabilities: 0x9ef
			RX LDPC
			HT20/HT40
			SM Power Save disabled
			RX HT20 SGI
			RX HT40 SGI
			TX STBC
			RX STBC 1-stream
			Max AMSDU length: 7935 bytes
			No DSSS/CCK HT40
		Maximum RX AMPDU length 65535 bytes (exponent: 0x003)
		Minimum RX AMPDU time spacing: 2 usec (0x04)
		HT RX MCS rate indexes supported: 0-15
		HT TX MCS rate indexes are undefined
	HT operation:
		 * primary channel: 112
		 * secondary channel offset: below
		 * STA channel width: any
		 * RIFS: 0
		 * HT protection: 20 MHz
		 * non-GF present: 1
		 * OBSS non-GF present: 0
		 * dual beacon: 0
		 * dual CTS protection: 0
		 * STBC beacon: 0
		 * L-SIG TXOP Prot: 0
		 * PCO active: 0
		 * PCO phase: 0
	Extended capabilities:
		 * BSS Transition
		 * Interworking
		 * Operating Mode Notification
		 * TWT Responder Support
		 * 85
		 * Max Number Of MSDUs In A-MSDU is unlimited
	WMM:	 * Parameter version 1
		 * BE: CW 15-1023, AIFSN 3
		 * BK: CW 15-1023, AIFSN 7
		 * VI: CW 7-15, AIFSN 2, TXOP 3008 usec
		 * VO: CW 3-7, AIFSN 2, TXOP 1504 usec
	RM enabled capabilities:
		Capabilities: 0x02 0x00 0x01 0x00 0x00
			Neighbor Report
			AP Channel Report
		Nonoperating Channel Max Measurement Duration: 0
		Measurement Pilot Capability: 0
	AP Channel Report:
		 * operating class: 128
		 * channel(s): 42 58 106 122
	Power constraint: 0 dB
	TPC report: TX power: 15 dBm
	Transmit Power Envelope:
	Country: VN	Environment: bogus
		Channels [42 - 54] @ -1 dBm
	VHT capabilities:
		VHT Capabilities (0x33ca79b2):
			Max MPDU length: 11454
			Supported Channel Width: neither 160 nor 80+80
			RX LDPC
			short GI (80 MHz)
			TX STBC
			SU Beamformer
			SU Beamformee
			MU Beamformer
			+HTC-VHT
			RX antenna pattern consistency
			TX antenna pattern consistency
		VHT RX MCS set:
			1 streams: MCS 0-9
			2 streams: MCS 0-9
			3 streams: not supported
			4 streams: not supported
			5 streams: not supported
			6 streams: not supported
			7 streams: not supported
			8 streams: not supported
		VHT RX highest supported: 780 Mbps
		VHT TX MCS set:
			1 streams: MCS 0-9
			2 streams: MCS 0-9
			3 streams: not supported
			4 streams: not supported
			5 streams: not supported
			6 streams: not supported
			7 streams: not supported
			8 streams: not supported
		VHT TX highest supported: 780 Mbps
		VHT extended NSS: supported
	VHT operation:
		 * channel width: 1 (80 MHz)
		 * center freq segment 1: 106
		 * center freq segment 2: 0
		 * VHT basic MCS set: 0xfffc
	HE capabilities:
		HE MAC Capabilities (0x00051a081044):
			+HTC HE Supported
			TWT Responder
			BSR
			OM Control
			Maximum A-MPDU Length Exponent: 3
			BQR
			A-MSDU in A-MPDU
			OM Control UL MU Data Disable RX
		HE PHY Capabilities: (0x0420ce926f12af10110c00):
			HE40/HE80/5GHz
			LDPC Coding in Payload
			NDP with 4x HE-LTF and 3.2us GI
			STBC Tx <= 80MHz
			STBC Rx <= 80MHz
			Full Bandwidth UL MU-MIMO
			Partial Bandwidth UL MU-MIMO
			DCM Max Constellation: 2
			DCM Max Constellation Rx: 2
			SU Beamformer
			SU Beamformee
			MU Beamformer
			Beamformee STS <= 80Mhz: 3
			Beamformee STS > 80Mhz: 3
			Sounding Dimensions <= 80Mhz: 2
			Sounding Dimensions > 80Mhz: 2
			Codebook Size SU Feedback
			Codebook Size MU Feedback
			Triggered SU Beamforming Feedback
			Triggered MU Beamforming Feedback
			Partial Bandwidth Extended Range
			PPE Threshold Present
			Max NC: 2
			HE ER SU PPDU 4x HE-LTF 0.8us GI
			HE ER SU PPDU 1x HE-LTF 0.8us GI
			TX 1024-QAM
			RX 1024-QAM
		HE RX MCS and NSS set <= 80 MHz
			1 streams: MCS 0-11
			2 streams: MCS 0-11
			3 streams: not supported
			4 streams: not supported
			5 streams: not supported
			6 streams: not supported
			7 streams: not supported
			8 streams: not supported
		HE TX MCS and NSS set <= 80 MHz
			1 streams: MCS 0-11
			2 streams: MCS 0-11
			3 streams: not supported
			4 streams: not supported
			5 streams: not supported
			6 streams: not supported
			7 streams: not supported
			8 streams: not supported
		PPE Threshold 0x39 0x1c 0xc7 0x71 0x1c 0x07 
BSS 26:0b:2a:f1:ba:51(on wlxd0374542d42e)
	TSF: 236039066229 usec (2d, 17:33:59)
	freq: 5560.0
	beacon interval: 100 TUs
	capability: ESS Privacy ShortPreamble SpectrumMgmt RadioMeasure (0x1131)
	signal: -43.00 dBm
	last seen: 168 ms ago
	Supported rates: 6.0* 9.0 12.0* 18.0 24.0* 36.0 48.0 54.0 
	DS Parameter set: channel 112
	TIM: DTIM Count 0 DTIM Period 1 Bitmap Control 0x0 Bitmap[0] 0x0
	Country: VN	Environment: bogus
		Channels [36 - 64] @ 30 dBm
		Channels [100 - 120] @ 30 dBm
		Channels [149 - 161] @ 30 dBm
	Power constraint: 0 dB
	TPC report: TX power: 15 dBm
	Transmit Power Envelope:
	RM enabled capabilities:
		Capabilities: 0x02 0x00 0x01 0x00 0x00
			Neighbor Report
			AP Channel Report
		Nonoperating Channel Max Measurement Duration: 0
		Measurement Pilot Capability: 0
	AP Channel Report:
		 * operating class: 128
		 * channel(s): 42 58 106 122
	RSN:	 * Version: 1
		 * Group cipher: CCMP
		 * Pairwise ciphers: CCMP
		 * Authentication suites: PSK SAE
		 * Capabilities: 1-PTKSA-RC 1-GTKSA-RC MFP-capable (0x0080)
		 * 0 PMKIDs
		 * Group mgmt cipher suite: AES-128-CMAC
	HT capabilities:
		Capabilities: 0x9ef
			RX LDPC
			HT20/HT40
			SM Power Save disabled
			RX HT20 SGI
			RX HT40 SGI
			TX STBC
			RX STBC 1-stream
			Max AMSDU length: 7935 bytes
			No DSSS/CCK HT40
		Maximum RX AMPDU length 65535 bytes (exponent: 0x003)
		Minimum RX AMPDU time spacing: 2 usec (0x04)
		HT RX MCS rate indexes supported: 0-15
		HT TX MCS rate indexes are undefined
	HT operation:
		 * primary channel: 112
		 * secondary channel offset: below
		 * STA channel width: any
		 * RIFS: 0
		 * HT protection: 20 MHz
		 * non-GF present: 1
		 * OBSS non-GF present: 0
		 * dual beacon: 0
		 * dual CTS protection: 0
		 * STBC beacon: 0
		 * L-SIG TXOP Prot: 0
		 * PCO active: 0
		 * PCO phase: 0
	VHT capabilities:
		VHT Capabilities (0x33ca79b2):
			Max MPDU length: 11454
			Supported Channel Width: neither 160 nor 80+80
			RX LDPC
			short GI (80 MHz)
			TX STBC
			SU Beamformer
			SU Beamformee
			MU Beamformer
			+HTC-VHT
			RX antenna pattern consistency
			TX antenna pattern consistency
		VHT RX MCS set:
			1 streams: MCS 0-9
			2 streams: MCS 0-9
			3 streams: not supported
			4 streams: not supported
			5 streams: not supported
			6 streams: not supported
			7 streams: not supported
			8 streams: not supported
		VHT RX highest supported: 780 Mbps
		VHT TX MCS set:
			1 streams: MCS 0-9
			2 streams: MCS 0-9
			3 streams: not supported
			4 streams: not supported
			5 streams: not supported
			6 streams: not supported
			7 streams: not supported
			8 streams: not supported
		VHT TX highest supported: 780 Mbps
		VHT extended NSS: supported
	VHT operation:
		 * channel width: 1 (80 MHz)
		 * center freq segment 1: 106
		 * center freq segment 2: 0
		 * VHT basic MCS set: 0xfffc
	Extended capabilities:
		 * BSS Transition
		 * Interworking
		 * Operating Mode Notification
		 * TWT Responder Support
		 * 85
		 * Max Number Of MSDUs In A-MSDU is unlimited
	WMM:	 * Parameter version 1
		 * BE: CW 15-1023, AIFSN 3
		 * BK: CW 15-1023, AIFSN 7
		 * VI: CW 7-15, AIFSN 2, TXOP 3008 usec
		 * VO: CW 3-7, AIFSN 2, TXOP 1504 usec
	HE capabilities:
		HE MAC Capabilities (0x00051a081044):
			+HTC HE Supported
			TWT Responder
			BSR
			OM Control
			Maximum A-MPDU Length Exponent: 3
			BQR
			A-MSDU in A-MPDU
			OM Control UL MU Data Disable RX
		HE PHY Capabilities: (0x0420ce926f12af10110c00):
			HE40/HE80/5GHz
			LDPC Coding in Payload
			NDP with 4x HE-LTF and 3.2us GI
			STBC Tx <= 80MHz
			STBC Rx <= 80MHz
			Full Bandwidth UL MU-MIMO
			Partial Bandwidth UL MU-MIMO
			DCM Max Constellation: 2
			DCM Max Constellation Rx: 2
			SU Beamformer
			SU Beamformee
			MU Beamformer
			Beamformee STS <= 80Mhz: 3
			Beamformee STS > 80Mhz: 3
			Sounding Dimensions <= 80Mhz: 2
			Sounding Dimensions > 80Mhz: 2
			Codebook Size SU Feedback
			Codebook Size MU Feedback
			Triggered SU Beamforming Feedback
			Triggered MU Beamforming Feedback
			Partial Bandwidth Extended Range
			PPE Threshold Present
			Max NC: 2
			HE ER SU PPDU 4x HE-LTF 0.8us GI
			HE ER SU PPDU 1x HE-LTF 0.8us GI
			TX 1024-QAM
			RX 1024-QAM
		HE RX MCS and NSS set <= 80 MHz
			1 streams: MCS 0-11
			2 streams: MCS 0-11
			3 streams: not supported
			4 streams: not supported
			5 streams: not supported
			6 streams: not supported
			7 streams: not supported
			8 streams: not supported
		HE TX MCS and NSS set <= 80 MHz
			1 streams: MCS 0-11
			2 streams: MCS 0-11
			3 streams: not supported
			4 streams: not supported
			5 streams: not supported
			6 streams: not supported
			7 streams: not supported
			8 streams: not supported
		PPE Threshold 0x39 0x1c 0xc7 0x71 0x1c 0x07 
BSS 26:0b:2a:cf:e9:33(on wlxd0374542d42e)
	TSF: 236037018198 usec (2d, 17:33:57)
	freq: 5560.0
	beacon interval: 100 TUs
	capability: ESS Privacy ShortPreamble SpectrumMgmt RadioMeasure (0x1131)
	signal: -44.00 dBm
	last seen: 270 ms ago
	SSID: VHT KEANGNAM
	Supported rates: 6.0* 9.0 12.0* 18.0 24.0* 36.0 48.0 54.0 
	DS Parameter set: channel 112
	TIM: DTIM Count 0 DTIM Period 1 Bitmap Control 0x1 Bitmap[0] 0x0
	Country: VN	Environment: bogus
		Channels [36 - 64] @ 30 dBm
		Channels [100 - 120] @ 30 dBm
		Channels [149 - 161] @ 30 dBm
	Power constraint: 0 dB
	TPC report: TX power: 15 dBm
	Transmit Power Envelope:
	RM enabled capabilities:
		Capabilities: 0x02 0x00 0x01 0x00 0x00
			Neighbor Report
			AP Channel Report
		Nonoperating Channel Max Measurement Duration: 0
		Measurement Pilot Capability: 0
	AP Channel Report:
		 * operating class: 128
		 * channel(s): 42 58 106 122
	RSN:	 * Version: 1
		 * Group cipher: CCMP
		 * Pairwise ciphers: CCMP
		 * Authentication suites: PSK
		 * Capabilities: 1-PTKSA-RC 1-GTKSA-RC (0x0000)
	802.11u Interworking:
		Network Options: 0x0
			Network Type: 0 (Private)
		Venue Group: 2 (Business)
		Venue Type: 8
		HESSID: 00:00:00:00:00:00
	802.11u Advertisement:
		Query Response Info: 0x7f
			Query Response Length Limit: 127
			ANQP
	HT capabilities:
		Capabilities: 0x9ef
			RX LDPC
			HT20/HT40
			SM Power Save disabled
			RX HT20 SGI
			RX HT40 SGI
			TX STBC
			RX STBC 1-stream
			Max AMSDU length: 7935 bytes
			No DSSS/CCK HT40
		Maximum RX AMPDU length 65535 bytes (exponent: 0x003)
		Minimum RX AMPDU time spacing: 2 usec (0x04)
		HT RX MCS rate indexes supported: 0-15
		HT TX MCS rate indexes are undefined
	HT operation:
		 * primary channel: 112
		 * secondary channel offset: below
		 * STA channel width: any
		 * RIFS: 0
		 * HT protection: no
		 * non-GF present: 1
		 * OBSS non-GF present: 0
		 * dual beacon: 0
		 * dual CTS protection: 0
		 * STBC beacon: 0
		 * L-SIG TXOP Prot: 0
		 * PCO active: 0
		 * PCO phase: 0
	VHT capabilities:
		VHT Capabilities (0x33ca79b2):
			Max MPDU length: 11454
			Supported Channel Width: neither 160 nor 80+80
			RX LDPC
			short GI (80 MHz)
			TX STBC
			SU Beamformer
			SU Beamformee
			MU Beamformer
			+HTC-VHT
			RX antenna pattern consistency
			TX antenna pattern consistency
		VHT RX MCS set:
			1 streams: MCS 0-9
			2 streams: MCS 0-9
			3 streams: not supported
			4 streams: not supported
			5 streams: not supported
			6 streams: not supported
			7 streams: not supported
			8 streams: not supported
		VHT RX highest supported: 780 Mbps
		VHT TX MCS set:
			1 streams: MCS 0-9
			2 streams: MCS 0-9
			3 streams: not supported
			4 streams: not supported
			5 streams: not supported
			6 streams: not supported
			7 streams: not supported
			8 streams: not supported
		VHT TX highest supported: 780 Mbps
		VHT extended NSS: supported
	VHT operation:
		 * channel width: 1 (80 MHz)
		 * center freq segment 1: 106
		 * center freq segment 2: 0
		 * VHT basic MCS set: 0xfffc
	Extended capabilities:
		 * BSS Transition
		 * Interworking
		 * Operating Mode Notification
		 * TWT Responder Support
		 * 85
		 * Max Number Of MSDUs In A-MSDU is unlimited
	WMM:	 * Parameter version 1
		 * BE: CW 15-1023, AIFSN 3
		 * BK: CW 15-1023, AIFSN 7
		 * VI: CW 7-15, AIFSN 2, TXOP 3008 usec
		 * VO: CW 3-7, AIFSN 2, TXOP 1504 usec
	HE capabilities:
		HE MAC Capabilities (0x00051a081044):
			+HTC HE Supported
			TWT Responder
			BSR
			OM Control
			Maximum A-MPDU Length Exponent: 3
			BQR
			A-MSDU in A-MPDU
			OM Control UL MU Data Disable RX
		HE PHY Capabilities: (0x0420ce926f12af10110c00):
			HE40/HE80/5GHz
			LDPC Coding in Payload
			NDP with 4x HE-LTF and 3.2us GI
			STBC Tx <= 80MHz
			STBC Rx <= 80MHz
			Full Bandwidth UL MU-MIMO
			Partial Bandwidth UL MU-MIMO
			DCM Max Constellation: 2
			DCM Max Constellation Rx: 2
			SU Beamformer
			SU Beamformee
			MU Beamformer
			Beamformee STS <= 80Mhz: 3
			Beamformee STS > 80Mhz: 3
			Sounding Dimensions <= 80Mhz: 2
			Sounding Dimensions > 80Mhz: 2
			Codebook Size SU Feedback
			Codebook Size MU Feedback
			Triggered SU Beamforming Feedback
			Triggered MU Beamforming Feedback
			Partial Bandwidth Extended Range
			PPE Threshold Present
			Max NC: 2
			HE ER SU PPDU 4x HE-LTF 0.8us GI
			HE ER SU PPDU 1x HE-LTF 0.8us GI
			TX 1024-QAM
			RX 1024-QAM
		HE RX MCS and NSS set <= 80 MHz
			1 streams: MCS 0-11
			2 streams: MCS 0-11
			3 streams: not supported
			4 streams: not supported
			5 streams: not supported
			6 streams: not supported
			7 streams: not supported
			8 streams: not supported
		HE TX MCS and NSS set <= 80 MHz
			1 streams: MCS 0-11
			2 streams: MCS 0-11
			3 streams: not supported
			4 streams: not supported
			5 streams: not supported
			6 streams: not supported
			7 streams: not supported
			8 streams: not supported
		PPE Threshold 0x39 0x1c 0xc7 0x71 0x1c 0x07 
BSS 26:0b:2a:ff:e9:33(on wlxd0374542d42e)
	TSF: 236037120065 usec (2d, 17:33:57)
	freq: 5560.0
	beacon interval: 100 TUs
	capability: ESS Privacy ShortPreamble SpectrumMgmt RadioMeasure (0x1131)
	signal: -44.00 dBm
	last seen: 160 ms ago
	Supported rates: 6.0* 9.0 12.0* 18.0 24.0* 36.0 48.0 54.0 
	DS Parameter set: channel 112
	TIM: DTIM Count 0 DTIM Period 1 Bitmap Control 0x0 Bitmap[0] 0x0
	Country: VN	Environment: bogus
		Channels [36 - 64] @ 30 dBm
		Channels [100 - 120] @ 30 dBm
		Channels [149 - 161] @ 30 dBm
	Power constraint: 0 dB
	TPC report: TX power: 15 dBm
	Transmit Power Envelope:
	RM enabled capabilities:
		Capabilities: 0x02 0x00 0x01 0x00 0x00
			Neighbor Report
			AP Channel Report
		Nonoperating Channel Max Measurement Duration: 0
		Measurement Pilot Capability: 0
	AP Channel Report:
		 * operating class: 128
		 * channel(s): 42 58 106 122
	RSN:	 * Version: 1
		 * Group cipher: CCMP
		 * Pairwise ciphers: CCMP
		 * Authentication suites: PSK SAE
		 * Capabilities: 1-PTKSA-RC 1-GTKSA-RC MFP-capable (0x0080)
		 * 0 PMKIDs
		 * Group mgmt cipher suite: AES-128-CMAC
	HT capabilities:
		Capabilities: 0x9ef
			RX LDPC
			HT20/HT40
			SM Power Save disabled
			RX HT20 SGI
			RX HT40 SGI
			TX STBC
			RX STBC 1-stream
			Max AMSDU length: 7935 bytes
			No DSSS/CCK HT40
		Maximum RX AMPDU length 65535 bytes (exponent: 0x003)
		Minimum RX AMPDU time spacing: 2 usec (0x04)
		HT RX MCS rate indexes supported: 0-15
		HT TX MCS rate indexes are undefined
	HT operation:
		 * primary channel: 112
		 * secondary channel offset: below
		 * STA channel width: any
		 * RIFS: 0
		 * HT protection: no
		 * non-GF present: 1
		 * OBSS non-GF present: 0
		 * dual beacon: 0
		 * dual CTS protection: 0
		 * STBC beacon: 0
		 * L-SIG TXOP Prot: 0
		 * PCO active: 0
		 * PCO phase: 0
	VHT capabilities:
		VHT Capabilities (0x33ca79b2):
			Max MPDU length: 11454
			Supported Channel Width: neither 160 nor 80+80
			RX LDPC
			short GI (80 MHz)
			TX STBC
			SU Beamformer
			SU Beamformee
			MU Beamformer
			+HTC-VHT
			RX antenna pattern consistency
			TX antenna pattern consistency
		VHT RX MCS set:
			1 streams: MCS 0-9
			2 streams: MCS 0-9
			3 streams: not supported
			4 streams: not supported
			5 streams: not supported
			6 streams: not supported
			7 streams: not supported
			8 streams: not supported
		VHT RX highest supported: 780 Mbps
		VHT TX MCS set:
			1 streams: MCS 0-9
			2 streams: MCS 0-9
			3 streams: not supported
			4 streams: not supported
			5 streams: not supported
			6 streams: not supported
			7 streams: not supported
			8 streams: not supported
		VHT TX highest supported: 780 Mbps
		VHT extended NSS: supported
	VHT operation:
		 * channel width: 1 (80 MHz)
		 * center freq segment 1: 106
		 * center freq segment 2: 0
		 * VHT basic MCS set: 0xfffc
	Extended capabilities:
		 * BSS Transition
		 * Interworking
		 * Operating Mode Notification
		 * TWT Responder Support
		 * 85
		 * Max Number Of MSDUs In A-MSDU is unlimited
	WMM:	 * Parameter version 1
		 * BE: CW 15-1023, AIFSN 3
		 * BK: CW 15-1023, AIFSN 7
		 * VI: CW 7-15, AIFSN 2, TXOP 3008 usec
		 * VO: CW 3-7, AIFSN 2, TXOP 1504 usec
	HE capabilities:
		HE MAC Capabilities (0x00051a081044):
			+HTC HE Supported
			TWT Responder
			BSR
			OM Control
			Maximum A-MPDU Length Exponent: 3
			BQR
			A-MSDU in A-MPDU
			OM Control UL MU Data Disable RX
		HE PHY Capabilities: (0x0420ce926f12af10110c00):
			HE40/HE80/5GHz
			LDPC Coding in Payload
			NDP with 4x HE-LTF and 3.2us GI
			STBC Tx <= 80MHz
			STBC Rx <= 80MHz
			Full Bandwidth UL MU-MIMO
			Partial Bandwidth UL MU-MIMO
			DCM Max Constellation: 2
			DCM Max Constellation Rx: 2
			SU Beamformer
			SU Beamformee
			MU Beamformer
			Beamformee STS <= 80Mhz: 3
			Beamformee STS > 80Mhz: 3
			Sounding Dimensions <= 80Mhz: 2
			Sounding Dimensions > 80Mhz: 2
			Codebook Size SU Feedback
			Codebook Size MU Feedback
			Triggered SU Beamforming Feedback
			Triggered MU Beamforming Feedback
			Partial Bandwidth Extended Range
			PPE Threshold Present
			Max NC: 2
			HE ER SU PPDU 4x HE-LTF 0.8us GI
			HE ER SU PPDU 1x HE-LTF 0.8us GI
			TX 1024-QAM
			RX 1024-QAM
		HE RX MCS and NSS set <= 80 MHz
			1 streams: MCS 0-11
			2 streams: MCS 0-11
			3 streams: not supported
			4 streams: not supported
			5 streams: not supported
			6 streams: not supported
			7 streams: not supported
			8 streams: not supported
		HE TX MCS and NSS set <= 80 MHz
			1 streams: MCS 0-11
			2 streams: MCS 0-11
			3 streams: not supported
			4 streams: not supported
			5 streams: not supported
			6 streams: not supported
			7 streams: not supported
			8 streams: not supported
		PPE Threshold 0x39 0x1c 0xc7 0x71 0x1c 0x07 
BSS 02:0c:43:46:60:c8(on wlxd0374542d42e)
	TSF: 80878594070 usec (0d, 22:27:58)
	freq: 5560.0
	beacon interval: 100 TUs
	capability: ESS Privacy ShortPreamble SpectrumMgmt RadioMeasure (0x1131)
	signal: -48.00 dBm
	last seen: 150 ms ago
	Information elements from Probe Response frame:
	SSID: VIETTEL_AP_BFE97E
	Supported rates: 6.0* 9.0 12.0* 18.0 24.0* 36.0 48.0 54.0 
	DS Parameter set: channel 112
	ERP: <no flags>
	RSN:	 * Version: 1
		 * Group cipher: CCMP
		 * Pairwise ciphers: CCMP
		 * Authentication suites: PSK
		 * Capabilities: 1-PTKSA-RC 1-GTKSA-RC (0x0000)
	HT capabilities:
		Capabilities: 0x9ef
			RX LDPC
			HT20/HT40
			SM Power Save disabled
			RX HT20 SGI
			RX HT40 SGI
			TX STBC
			RX STBC 1-stream
			Max AMSDU length: 7935 bytes
			No DSSS/CCK HT40
		Maximum RX AMPDU length 65535 bytes (exponent: 0x003)
		Minimum RX AMPDU time spacing: 2 usec (0x04)
		HT RX MCS rate indexes supported: 0-15
		HT TX MCS rate indexes are undefined
	HT operation:
		 * primary channel: 112
		 * secondary channel offset: below
		 * STA channel width: any
		 * RIFS: 0
		 * HT protection: no
		 * non-GF present: 0
		 * OBSS non-GF present: 0
		 * dual beacon: 0
		 * dual CTS protection: 0
		 * STBC beacon: 0
		 * L-SIG TXOP Prot: 0
		 * PCO active: 0
		 * PCO phase: 0
	Extended capabilities:
		 * BSS Transition
		 * Interworking
		 * Operating Mode Notification
		 * TWT Responder Support
		 * 85
		 * Max Number Of MSDUs In A-MSDU is unlimited
	802.11u Interworking:
		Network Options: 0x0
			Network Type: 0 (Private)
		Venue Group: 2 (Business)
		Venue Type: 8
		HESSID: 00:00:00:00:00:00
	802.11u Advertisement:
		Query Response Info: 0x7f
			Query Response Length Limit: 127
			ANQP
	WMM:	 * Parameter version 1
		 * BE: CW 15-1023, AIFSN 3
		 * BK: CW 15-1023, AIFSN 7
		 * VI: CW 7-15, AIFSN 2, TXOP 3008 usec
		 * VO: CW 3-7, AIFSN 2, TXOP 1504 usec
	RM enabled capabilities:
		Capabilities: 0x02 0x00 0x01 0x00 0x00
			Neighbor Report
			AP Channel Report
		Nonoperating Channel Max Measurement Duration: 0
		Measurement Pilot Capability: 0
	AP Channel Report:
		 * operating class: 128
		 * channel(s): 42 58 106 122
	Power constraint: 0 dB
	TPC report: TX power: 15 dBm
	Transmit Power Envelope:
	Country: VN	Environment: bogus
		Channels [42 - 54] @ -1 dBm
	VHT capabilities:
		VHT Capabilities (0x33ca79b2):
			Max MPDU length: 11454
			Supported Channel Width: neither 160 nor 80+80
			RX LDPC
			short GI (80 MHz)
			TX STBC
			SU Beamformer
			SU Beamformee
			MU Beamformer
			+HTC-VHT
			RX antenna pattern consistency
			TX antenna pattern consistency
		VHT RX MCS set:
			1 streams: MCS 0-9
			2 streams: MCS 0-9
			3 streams: not supported
			4 streams: not supported
			5 streams: not supported
			6 streams: not supported
			7 streams: not supported
			8 streams: not supported
		VHT RX highest supported: 780 Mbps
		VHT TX MCS set:
			1 streams: MCS 0-9
			2 streams: MCS 0-9
			3 streams: not supported
			4 streams: not supported
			5 streams: not supported
			6 streams: not supported
			7 streams: not supported
			8 streams: not supported
		VHT TX highest supported: 780 Mbps
		VHT extended NSS: supported
	VHT operation:
		 * channel width: 1 (80 MHz)
		 * center freq segment 1: 106
		 * center freq segment 2: 0
		 * VHT basic MCS set: 0xfffc
	HE capabilities:
		HE MAC Capabilities (0x00051a081044):
			+HTC HE Supported
			TWT Responder
			BSR
			OM Control
			Maximum A-MPDU Length Exponent: 3
			BQR
			A-MSDU in A-MPDU
			OM Control UL MU Data Disable RX
		HE PHY Capabilities: (0x0420ce926f12af10110c00):
			HE40/HE80/5GHz
			LDPC Coding in Payload
			NDP with 4x HE-LTF and 3.2us GI
			STBC Tx <= 80MHz
			STBC Rx <= 80MHz
			Full Bandwidth UL MU-MIMO
			Partial Bandwidth UL MU-MIMO
			DCM Max Constellation: 2
			DCM Max Constellation Rx: 2
			SU Beamformer
			SU Beamformee
			MU Beamformer
			Beamformee STS <= 80Mhz: 3
			Beamformee STS > 80Mhz: 3
			Sounding Dimensions <= 80Mhz: 2
			Sounding Dimensions > 80Mhz: 2
			Codebook Size SU Feedback
			Codebook Size MU Feedback
			Triggered SU Beamforming Feedback
			Triggered MU Beamforming Feedback
			Partial Bandwidth Extended Range
			PPE Threshold Present
			Max NC: 2
			HE ER SU PPDU 4x HE-LTF 0.8us GI
			HE ER SU PPDU 1x HE-LTF 0.8us GI
			TX 1024-QAM
			RX 1024-QAM
		HE RX MCS and NSS set <= 80 MHz
			1 streams: MCS 0-11
			2 streams: MCS 0-11
			3 streams: not supported
			4 streams: not supported
			5 streams: not supported
			6 streams: not supported
			7 streams: not supported
			8 streams: not supported
		HE TX MCS and NSS set <= 80 MHz
			1 streams: MCS 0-11
			2 streams: MCS 0-11
			3 streams: not supported
			4 streams: not supported
			5 streams: not supported
			6 streams: not supported
			7 streams: not supported
			8 streams: not supported
		PPE Threshold 0x39 0x1c 0xc7 0x71 0x1c 0x07 
BSS 02:0c:43:76:60:c8(on wlxd0374542d42e)
	TSF: 80945356894 usec (0d, 22:29:05)
	freq: 5560.0
	beacon interval: 100 TUs
	capability: ESS Privacy ShortPreamble SpectrumMgmt RadioMeasure (0x1131)
	signal: -47.00 dBm
	last seen: 146 ms ago
	Supported rates: 6.0* 9.0 12.0* 18.0 24.0* 36.0 48.0 54.0 
	DS Parameter set: channel 112
	TIM: DTIM Count 0 DTIM Period 1 Bitmap Control 0x0 Bitmap[0] 0x0
	Country: VN	Environment: bogus
		Channels [36 - 64] @ 30 dBm
		Channels [100 - 120] @ 30 dBm
		Channels [149 - 161] @ 30 dBm
	Power constraint: 0 dB
	TPC report: TX power: 15 dBm
	Transmit Power Envelope:
	RM enabled capabilities:
		Capabilities: 0x02 0x00 0x01 0x00 0x00
			Neighbor Report
			AP Channel Report
		Nonoperating Channel Max Measurement Duration: 0
		Measurement Pilot Capability: 0
	AP Channel Report:
		 * operating class: 128
		 * channel(s): 42 58 106 122
	RSN:	 * Version: 1
		 * Group cipher: CCMP
		 * Pairwise ciphers: CCMP
		 * Authentication suites: PSK SAE
		 * Capabilities: 1-PTKSA-RC 1-GTKSA-RC MFP-capable (0x0080)
		 * 0 PMKIDs
		 * Group mgmt cipher suite: AES-128-CMAC
	HT capabilities:
		Capabilities: 0x9ef
			RX LDPC
			HT20/HT40
			SM Power Save disabled
			RX HT20 SGI
			RX HT40 SGI
			TX STBC
			RX STBC 1-stream
			Max AMSDU length: 7935 bytes
			No DSSS/CCK HT40
		Maximum RX AMPDU length 65535 bytes (exponent: 0x003)
		Minimum RX AMPDU time spacing: 2 usec (0x04)
		HT RX MCS rate indexes supported: 0-15
		HT TX MCS rate indexes are undefined
	HT operation:
		 * primary channel: 112
		 * secondary channel offset: below
		 * STA channel width: any
		 * RIFS: 0
		 * HT protection: no
		 * non-GF present: 0
		 * OBSS non-GF present: 0
		 * dual beacon: 0
		 * dual CTS protection: 0
		 * STBC beacon: 0
		 * L-SIG TXOP Prot: 0
		 * PCO active: 0
		 * PCO phase: 0
	VHT capabilities:
		VHT Capabilities (0x33ca79b2):
			Max MPDU length: 11454
			Supported Channel Width: neither 160 nor 80+80
			RX LDPC
			short GI (80 MHz)
			TX STBC
			SU Beamformer
			SU Beamformee
			MU Beamformer
			+HTC-VHT
			RX antenna pattern consistency
			TX antenna pattern consistency
		VHT RX MCS set:
			1 streams: MCS 0-9
			2 streams: MCS 0-9
			3 streams: not supported
			4 streams: not supported
			5 streams: not supported
			6 streams: not supported
			7 streams: not supported
			8 streams: not supported
		VHT RX highest supported: 780 Mbps
		VHT TX MCS set:
			1 streams: MCS 0-9
			2 streams: MCS 0-9
			3 streams: not supported
			4 streams: not supported
			5 streams: not supported
			6 streams: not supported
			7 streams: not supported
			8 streams: not supported
		VHT TX highest supported: 780 Mbps
		VHT extended NSS: supported
	VHT operation:
		 * channel width: 1 (80 MHz)
		 * center freq segment 1: 106
		 * center freq segment 2: 0
		 * VHT basic MCS set: 0xfffc
	Extended capabilities:
		 * BSS Transition
		 * Interworking
		 * Operating Mode Notification
		 * TWT Responder Support
		 * 85
		 * Max Number Of MSDUs In A-MSDU is unlimited
	WMM:	 * Parameter version 1
		 * BE: CW 15-1023, AIFSN 3
		 * BK: CW 15-1023, AIFSN 7
		 * VI: CW 7-15, AIFSN 2, TXOP 3008 usec
		 * VO: CW 3-7, AIFSN 2, TXOP 1504 usec
	HE capabilities:
		HE MAC Capabilities (0x00051a081044):
			+HTC HE Supported
			TWT Responder
			BSR
			OM Control
			Maximum A-MPDU Length Exponent: 3
			BQR
			A-MSDU in A-MPDU
			OM Control UL MU Data Disable RX
		HE PHY Capabilities: (0x0420ce926f12af10110c00):
			HE40/HE80/5GHz
			LDPC Coding in Payload
			NDP with 4x HE-LTF and 3.2us GI
			STBC Tx <= 80MHz
			STBC Rx <= 80MHz
			Full Bandwidth UL MU-MIMO
			Partial Bandwidth UL MU-MIMO
			DCM Max Constellation: 2
			DCM Max Constellation Rx: 2
			SU Beamformer
			SU Beamformee
			MU Beamformer
			Beamformee STS <= 80Mhz: 3
			Beamformee STS > 80Mhz: 3
			Sounding Dimensions <= 80Mhz: 2
			Sounding Dimensions > 80Mhz: 2
			Codebook Size SU Feedback
			Codebook Size MU Feedback
			Triggered SU Beamforming Feedback
			Triggered MU Beamforming Feedback
			Partial Bandwidth Extended Range
			PPE Threshold Present
			Max NC: 2
			HE ER SU PPDU 4x HE-LTF 0.8us GI
			HE ER SU PPDU 1x HE-LTF 0.8us GI
			TX 1024-QAM
			RX 1024-QAM
		HE RX MCS and NSS set <= 80 MHz
			1 streams: MCS 0-11
			2 streams: MCS 0-11
			3 streams: not supported
			4 streams: not supported
			5 streams: not supported
			6 streams: not supported
			7 streams: not supported
			8 streams: not supported
		HE TX MCS and NSS set <= 80 MHz
			1 streams: MCS 0-11
			2 streams: MCS 0-11
			3 streams: not supported
			4 streams: not supported
			5 streams: not supported
			6 streams: not supported
			7 streams: not supported
			8 streams: not supported
		PPE Threshold 0x39 0x1c 0xc7 0x71 0x1c 0x07 
BSS 26:0b:2a:cf:e9:7f(on wlxd0374542d42e)
	TSF: 59928779413 usec (0d, 16:38:48)
	freq: 5560.0
	beacon interval: 100 TUs
	capability: ESS Privacy ShortPreamble SpectrumMgmt RadioMeasure (0x1131)
	signal: -40.00 dBm
	last seen: 452 ms ago
	Information elements from Probe Response frame:
	SSID: VIETTEL_AP_BFE97E
	Supported rates: 6.0* 9.0 12.0* 18.0 24.0* 36.0 48.0 54.0 
	DS Parameter set: channel 112
	ERP: <no flags>
	RSN:	 * Version: 1
		 * Group cipher: CCMP
		 * Pairwise ciphers: CCMP
		 * Authentication suites: PSK
		 * Capabilities: 1-PTKSA-RC 1-GTKSA-RC (0x0000)
	HT capabilities:
		Capabilities: 0x9ef
			RX LDPC
			HT20/HT40
			SM Power Save disabled
			RX HT20 SGI
			RX HT40 SGI
			TX STBC
			RX STBC 1-stream
			Max AMSDU length: 7935 bytes
			No DSSS/CCK HT40
		Maximum RX AMPDU length 65535 bytes (exponent: 0x003)
		Minimum RX AMPDU time spacing: 2 usec (0x04)
		HT RX MCS rate indexes supported: 0-15
		HT TX MCS rate indexes are undefined
	HT operation:
		 * primary channel: 112
		 * secondary channel offset: below
		 * STA channel width: any
		 * RIFS: 0
		 * HT protection: no
		 * non-GF present: 1
		 * OBSS non-GF present: 0
		 * dual beacon: 0
		 * dual CTS protection: 0
		 * STBC beacon: 0
		 * L-SIG TXOP Prot: 0
		 * PCO active: 0
		 * PCO phase: 0
	Extended capabilities:
		 * BSS Transition
		 * Interworking
		 * Operating Mode Notification
		 * TWT Responder Support
		 * 85
		 * Max Number Of MSDUs In A-MSDU is unlimited
	802.11u Interworking:
		Network Options: 0x0
			Network Type: 0 (Private)
		Venue Group: 2 (Business)
		Venue Type: 8
		HESSID: 00:00:00:00:00:00
	802.11u Advertisement:
		Query Response Info: 0x7f
			Query Response Length Limit: 127
			ANQP
	WMM:	 * Parameter version 1
		 * BE: CW 15-1023, AIFSN 3
		 * BK: CW 15-1023, AIFSN 7
		 * VI: CW 7-15, AIFSN 2, TXOP 3008 usec
		 * VO: CW 3-7, AIFSN 2, TXOP 1504 usec
	RM enabled capabilities:
		Capabilities: 0x02 0x00 0x01 0x00 0x00
			Neighbor Report
			AP Channel Report
		Nonoperating Channel Max Measurement Duration: 0
		Measurement Pilot Capability: 0
	AP Channel Report:
		 * operating class: 128
		 * channel(s): 42 58 106 122
	Power constraint: 0 dB
	TPC report: TX power: 15 dBm
	Transmit Power Envelope:
	Country: VN	Environment: bogus
		Channels [42 - 54] @ -1 dBm
	VHT capabilities:
		VHT Capabilities (0x33ca79b2):
			Max MPDU length: 11454
			Supported Channel Width: neither 160 nor 80+80
			RX LDPC
			short GI (80 MHz)
			TX STBC
			SU Beamformer
			SU Beamformee
			MU Beamformer
			+HTC-VHT
			RX antenna pattern consistency
			TX antenna pattern consistency
		VHT RX MCS set:
			1 streams: MCS 0-9
			2 streams: MCS 0-9
			3 streams: not supported
			4 streams: not supported
			5 streams: not supported
			6 streams: not supported
			7 streams: not supported
			8 streams: not supported
		VHT RX highest supported: 780 Mbps
		VHT TX MCS set:
			1 streams: MCS 0-9
			2 streams: MCS 0-9
			3 streams: not supported
			4 streams: not supported
			5 streams: not supported
			6 streams: not supported
			7 streams: not supported
			8 streams: not supported
		VHT TX highest supported: 780 Mbps
		VHT extended NSS: supported
	VHT operation:
		 * channel width: 1 (80 MHz)
		 * center freq segment 1: 106
		 * center freq segment 2: 0
		 * VHT basic MCS set: 0xfffc
	HE capabilities:
		HE MAC Capabilities (0x00051a081044):
			+HTC HE Supported
			TWT Responder
			BSR
			OM Control
			Maximum A-MPDU Length Exponent: 3
			BQR
			A-MSDU in A-MPDU
			OM Control UL MU Data Disable RX
		HE PHY Capabilities: (0x0420ce926f12af10110c00):
			HE40/HE80/5GHz
			LDPC Coding in Payload
			NDP with 4x HE-LTF and 3.2us GI
			STBC Tx <= 80MHz
			STBC Rx <= 80MHz
			Full Bandwidth UL MU-MIMO
			Partial Bandwidth UL MU-MIMO
			DCM Max Constellation: 2
			DCM Max Constellation Rx: 2
			SU Beamformer
			SU Beamformee
			MU Beamformer
			Beamformee STS <= 80Mhz: 3
			Beamformee STS > 80Mhz: 3
			Sounding Dimensions <= 80Mhz: 2
			Sounding Dimensions > 80Mhz: 2
			Codebook Size SU Feedback
			Codebook Size MU Feedback
			Triggered SU Beamforming Feedback
			Triggered MU Beamforming Feedback
			Partial Bandwidth Extended Range
			PPE Threshold Present
			Max NC: 2
			HE ER SU PPDU 4x HE-LTF 0.8us GI
			HE ER SU PPDU 1x HE-LTF 0.8us GI
			TX 1024-QAM
			RX 1024-QAM
		HE RX MCS and NSS set <= 80 MHz
			1 streams: MCS 0-11
			2 streams: MCS 0-11
			3 streams: not supported
			4 streams: not supported
			5 streams: not supported
			6 streams: not supported
			7 streams: not supported
			8 streams: not supported
		HE TX MCS and NSS set <= 80 MHz
			1 streams: MCS 0-11
			2 streams: MCS 0-11
			3 streams: not supported
			4 streams: not supported
			5 streams: not supported
			6 streams: not supported
			7 streams: not supported
			8 streams: not supported
		PPE Threshold 0x39 0x1c 0xc7 0x71 0x1c 0x07 
BSS 26:0b:2a:ff:e9:7f(on wlxd0374542d42e)
	TSF: 59995445160 usec (0d, 16:39:55)
	freq: 5560.0
	beacon interval: 100 TUs
	capability: ESS Privacy ShortPreamble SpectrumMgmt RadioMeasure (0x1131)
	signal: -41.00 dBm
	last seen: 241 ms ago
	Supported rates: 6.0* 9.0 12.0* 18.0 24.0* 36.0 48.0 54.0 
	DS Parameter set: channel 112
	TIM: DTIM Count 0 DTIM Period 1 Bitmap Control 0x0 Bitmap[0] 0x0
	Country: VN	Environment: bogus
		Channels [36 - 64] @ 30 dBm
		Channels [100 - 120] @ 30 dBm
		Channels [149 - 161] @ 30 dBm
	Power constraint: 0 dB
	TPC report: TX power: 15 dBm
	Transmit Power Envelope:
	RM enabled capabilities:
		Capabilities: 0x02 0x00 0x01 0x00 0x00
			Neighbor Report
			AP Channel Report
		Nonoperating Channel Max Measurement Duration: 0
		Measurement Pilot Capability: 0
	AP Channel Report:
		 * operating class: 128
		 * channel(s): 42 58 106 122
	RSN:	 * Version: 1
		 * Group cipher: CCMP
		 * Pairwise ciphers: CCMP
		 * Authentication suites: PSK SAE
		 * Capabilities: 1-PTKSA-RC 1-GTKSA-RC MFP-capable (0x0080)
		 * 0 PMKIDs
		 * Group mgmt cipher suite: AES-128-CMAC
	HT capabilities:
		Capabilities: 0x9ef
			RX LDPC
			HT20/HT40
			SM Power Save disabled
			RX HT20 SGI
			RX HT40 SGI
			TX STBC
			RX STBC 1-stream
			Max AMSDU length: 7935 bytes
			No DSSS/CCK HT40
		Maximum RX AMPDU length 65535 bytes (exponent: 0x003)
		Minimum RX AMPDU time spacing: 2 usec (0x04)
		HT RX MCS rate indexes supported: 0-15
		HT TX MCS rate indexes are undefined
	HT operation:
		 * primary channel: 112
		 * secondary channel offset: below
		 * STA channel width: any
		 * RIFS: 0
		 * HT protection: no
		 * non-GF present: 1
		 * OBSS non-GF present: 0
		 * dual beacon: 0
		 * dual CTS protection: 0
		 * STBC beacon: 0
		 * L-SIG TXOP Prot: 0
		 * PCO active: 0
		 * PCO phase: 0
	VHT capabilities:
		VHT Capabilities (0x33ca79b2):
			Max MPDU length: 11454
			Supported Channel Width: neither 160 nor 80+80
			RX LDPC
			short GI (80 MHz)
			TX STBC
			SU Beamformer
			SU Beamformee
			MU Beamformer
			+HTC-VHT
			RX antenna pattern consistency
			TX antenna pattern consistency
		VHT RX MCS set:
			1 streams: MCS 0-9
			2 streams: MCS 0-9
			3 streams: not supported
			4 streams: not supported
			5 streams: not supported
			6 streams: not supported
			7 streams: not supported
			8 streams: not supported
		VHT RX highest supported: 780 Mbps
		VHT TX MCS set:
			1 streams: MCS 0-9
			2 streams: MCS 0-9
			3 streams: not supported
			4 streams: not supported
			5 streams: not supported
			6 streams: not supported
			7 streams: not supported
			8 streams: not supported
		VHT TX highest supported: 780 Mbps
		VHT extended NSS: supported
	VHT operation:
		 * channel width: 1 (80 MHz)
		 * center freq segment 1: 106
		 * center freq segment 2: 0
		 * VHT basic MCS set: 0xfffc
	Extended capabilities:
		 * BSS Transition
		 * Interworking
		 * Operating Mode Notification
		 * TWT Responder Support
		 * 85
		 * Max Number Of MSDUs In A-MSDU is unlimited
	WMM:	 * Parameter version 1
		 * BE: CW 15-1023, AIFSN 3
		 * BK: CW 15-1023, AIFSN 7
		 * VI: CW 7-15, AIFSN 2, TXOP 3008 usec
		 * VO: CW 3-7, AIFSN 2, TXOP 1504 usec
	HE capabilities:
		HE MAC Capabilities (0x00051a081044):
			+HTC HE Supported
			TWT Responder
			BSR
			OM Control
			Maximum A-MPDU Length Exponent: 3
			BQR
			A-MSDU in A-MPDU
			OM Control UL MU Data Disable RX
		HE PHY Capabilities: (0x0420ce926f12af10110c00):
			HE40/HE80/5GHz
			LDPC Coding in Payload
			NDP with 4x HE-LTF and 3.2us GI
			STBC Tx <= 80MHz
			STBC Rx <= 80MHz
			Full Bandwidth UL MU-MIMO
			Partial Bandwidth UL MU-MIMO
			DCM Max Constellation: 2
			DCM Max Constellation Rx: 2
			SU Beamformer
			SU Beamformee
			MU Beamformer
			Beamformee STS <= 80Mhz: 3
			Beamformee STS > 80Mhz: 3
			Sounding Dimensions <= 80Mhz: 2
			Sounding Dimensions > 80Mhz: 2
			Codebook Size SU Feedback
			Codebook Size MU Feedback
			Triggered SU Beamforming Feedback
			Triggered MU Beamforming Feedback
			Partial Bandwidth Extended Range
			PPE Threshold Present
			Max NC: 2
			HE ER SU PPDU 4x HE-LTF 0.8us GI
			HE ER SU PPDU 1x HE-LTF 0.8us GI
			TX 1024-QAM
			RX 1024-QAM
		HE RX MCS and NSS set <= 80 MHz
			1 streams: MCS 0-11
			2 streams: MCS 0-11
			3 streams: not supported
			4 streams: not supported
			5 streams: not supported
			6 streams: not supported
			7 streams: not supported
			8 streams: not supported
		HE TX MCS and NSS set <= 80 MHz
			1 streams: MCS 0-11
			2 streams: MCS 0-11
			3 streams: not supported
			4 streams: not supported
			5 streams: not supported
			6 streams: not supported
			7 streams: not supported
			8 streams: not supported
		PPE Threshold 0x39 0x1c 0xc7 0x71 0x1c 0x07 
BSS 24:0b:2a:d1:00:ad(on wlxd0374542d42e)
	TSF: 166619205230 usec (1d, 22:16:59)
	freq: 5560.0
	beacon interval: 100 TUs
	capability: ESS Privacy ShortPreamble SpectrumMgmt APSD RadioMeasure (0x1931)
	signal: -63.00 dBm
	last seen: 1 ms ago
	Information elements from Probe Response frame:
	SSID: VIETTEL_D100A8
	Supported rates: 6.0* 9.0 12.0* 18.0 24.0* 36.0 48.0 54.0 
	DS Parameter set: channel 112
	ERP: <no flags>
	RSN:	 * Version: 1
		 * Group cipher: CCMP
		 * Pairwise ciphers: CCMP
		 * Authentication suites: PSK
		 * Capabilities: 1-PTKSA-RC 1-GTKSA-RC (0x0000)
	HT capabilities:
		Capabilities: 0x9ef
			RX LDPC
			HT20/HT40
			SM Power Save disabled
			RX HT20 SGI
			RX HT40 SGI
			TX STBC
			RX STBC 1-stream
			Max AMSDU length: 7935 bytes
			No DSSS/CCK HT40
		Maximum RX AMPDU length 65535 bytes (exponent: 0x003)
		Minimum RX AMPDU time spacing: 4 usec (0x05)
		HT RX MCS rate indexes supported: 0-15
		HT TX MCS rate indexes are undefined
	HT operation:
		 * primary channel: 112
		 * secondary channel offset: below
		 * STA channel width: any
		 * RIFS: 0
		 * HT protection: no
		 * non-GF present: 0
		 * OBSS non-GF present: 0
		 * dual beacon: 0
		 * dual CTS protection: 0
		 * STBC beacon: 0
		 * L-SIG TXOP Prot: 0
		 * PCO active: 0
		 * PCO phase: 0
	Extended capabilities:
		 * BSS Transition
		 * Interworking
		 * WNM-Notification
		 * Operating Mode Notification
		 * TWT Responder Support
		 * Max Number Of MSDUs In A-MSDU is unlimited
	BSS Load:
		 * station count: 0
		 * channel utilisation: 117/255
		 * available admission capacity: 31250 [*32us]
	802.11u Interworking:
		Network Options: 0x0
			Network Type: 0 (Private)
		Venue Group: 2 (Business)
		Venue Type: 8
		HESSID: 24:0b:2a:d1:00:ad
	802.11u Advertisement:
		Query Response Info: 0x7f
			Query Response Length Limit: 127
			ANQP
	WMM:	 * Parameter version 1
		 * u-APSD
		 * BE: CW 15-1023, AIFSN 3
		 * BK: CW 15-1023, AIFSN 7
		 * VI: CW 7-15, AIFSN 2, TXOP 3008 usec
		 * VO: CW 3-7, AIFSN 2, TXOP 1504 usec
	RM enabled capabilities:
		Capabilities: 0x02 0x00 0x01 0x00 0x00
			Neighbor Report
			AP Channel Report
		Nonoperating Channel Max Measurement Duration: 0
		Measurement Pilot Capability: 0
	AP Channel Report:
		 * operating class: 128
		 * channel(s): 42 58 106 122
	Power constraint: 0 dB
	TPC report: TX power: 22 dBm
	Transmit Power Envelope:
	Country: VN	Environment: Indoor/Outdoor
		Channels [42 - 54] @ -1 dBm
	VHT capabilities:
		VHT Capabilities (0x33c979b2):
			Max MPDU length: 11454
			Supported Channel Width: neither 160 nor 80+80
			RX LDPC
			short GI (80 MHz)
			TX STBC
			SU Beamformer
			SU Beamformee
			MU Beamformer
			+HTC-VHT
			RX antenna pattern consistency
			TX antenna pattern consistency
		VHT RX MCS set:
			1 streams: MCS 0-9
			2 streams: MCS 0-9
			3 streams: not supported
			4 streams: not supported
			5 streams: not supported
			6 streams: not supported
			7 streams: not supported
			8 streams: not supported
		VHT RX highest supported: 780 Mbps
		VHT TX MCS set:
			1 streams: MCS 0-9
			2 streams: MCS 0-9
			3 streams: not supported
			4 streams: not supported
			5 streams: not supported
			6 streams: not supported
			7 streams: not supported
			8 streams: not supported
		VHT TX highest supported: 780 Mbps
		VHT extended NSS: supported
	VHT operation:
		 * channel width: 1 (80 MHz)
		 * center freq segment 1: 106
		 * center freq segment 2: 0
		 * VHT basic MCS set: 0xfffc
	HE capabilities:
		HE MAC Capabilities (0x00051a081044):
			+HTC HE Supported
			TWT Responder
			BSR
			OM Control
			Maximum A-MPDU Length Exponent: 3
			BQR
			A-MSDU in A-MPDU
			OM Control UL MU Data Disable RX
		HE PHY Capabilities: (0x0420ce926f09af08110c00):
			HE40/HE80/5GHz
			LDPC Coding in Payload
			NDP with 4x HE-LTF and 3.2us GI
			STBC Tx <= 80MHz
			STBC Rx <= 80MHz
			Full Bandwidth UL MU-MIMO
			Partial Bandwidth UL MU-MIMO
			DCM Max Constellation: 2
			DCM Max Constellation Rx: 2
			SU Beamformer
			SU Beamformee
			MU Beamformer
			Beamformee STS <= 80Mhz: 3
			Beamformee STS > 80Mhz: 3
			Sounding Dimensions <= 80Mhz: 1
			Sounding Dimensions > 80Mhz: 1
			Codebook Size SU Feedback
			Codebook Size MU Feedback
			Triggered SU Beamforming Feedback
			Triggered MU Beamforming Feedback
			Partial Bandwidth Extended Range
			PPE Threshold Present
			Max NC: 1
			HE ER SU PPDU 4x HE-LTF 0.8us GI
			HE ER SU PPDU 1x HE-LTF 0.8us GI
			TX 1024-QAM
			RX 1024-QAM
		HE RX MCS and NSS set <= 80 MHz
			1 streams: MCS 0-11
			2 streams: MCS 0-11
			3 streams: not supported
			4 streams: not supported
			5 streams: not supported
			6 streams: not supported
			7 streams: not supported
			8 streams: not supported
		HE TX MCS and NSS set <= 80 MHz
			1 streams: MCS 0-11
			2 streams: MCS 0-11
			3 streams: not supported
			4 streams: not supported
			5 streams: not supported
			6 streams: not supported
			7 streams: not supported
			8 streams: not supported
		PPE Threshold 0x39 0x1c 0xc7 0x71 0x1c 0x07 
BSS 26:0b:2a:b1:00:ac(on wlxd0374542d42e)
	TSF: 166622822819 usec (1d, 22:17:02)
	freq: 5560.0
	beacon interval: 100 TUs
	capability: ESS Privacy ShortPreamble SpectrumMgmt APSD RadioMeasure (0x1931)
	signal: -61.00 dBm
	last seen: 724 ms ago
	Supported rates: 6.0* 9.0 12.0* 18.0 24.0* 36.0 48.0 54.0 
	DS Parameter set: channel 112
	TIM: DTIM Count 0 DTIM Period 1 Bitmap Control 0x0 Bitmap[0] 0x0
	Country: VN	Environment: Indoor/Outdoor
		Channels [36 - 64] @ 30 dBm
		Channels [100 - 120] @ 30 dBm
		Channels [149 - 161] @ 30 dBm
	Power constraint: 0 dB
	TPC report: TX power: 22 dBm
	Transmit Power Envelope:
	RM enabled capabilities:
		Capabilities: 0x02 0x00 0x01 0x00 0x00
			Neighbor Report
			AP Channel Report
		Nonoperating Channel Max Measurement Duration: 0
		Measurement Pilot Capability: 0
	AP Channel Report:
		 * operating class: 128
		 * channel(s): 42 58 106 122
	RSN:	 * Version: 1
		 * Group cipher: CCMP
		 * Pairwise ciphers: CCMP
		 * Authentication suites: PSK SAE
		 * Capabilities: 1-PTKSA-RC 1-GTKSA-RC MFP-capable (0x0080)
		 * 0 PMKIDs
		 * Group mgmt cipher suite: AES-128-CMAC
	BSS Load:
		 * station count: 0
		 * channel utilisation: 117/255
		 * available admission capacity: 31250 [*32us]
	HT capabilities:
		Capabilities: 0x9ef
			RX LDPC
			HT20/HT40
			SM Power Save disabled
			RX HT20 SGI
			RX HT40 SGI
			TX STBC
			RX STBC 1-stream
			Max AMSDU length: 7935 bytes
			No DSSS/CCK HT40
		Maximum RX AMPDU length 65535 bytes (exponent: 0x003)
		Minimum RX AMPDU time spacing: 4 usec (0x05)
		HT RX MCS rate indexes supported: 0-15
		HT TX MCS rate indexes are undefined
	HT operation:
		 * primary channel: 112
		 * secondary channel offset: below
		 * STA channel width: any
		 * RIFS: 0
		 * HT protection: no
		 * non-GF present: 0
		 * OBSS non-GF present: 0
		 * dual beacon: 0
		 * dual CTS protection: 0
		 * STBC beacon: 0
		 * L-SIG TXOP Prot: 0
		 * PCO active: 0
		 * PCO phase: 0
	VHT capabilities:
		VHT Capabilities (0x33c979b2):
			Max MPDU length: 11454
			Supported Channel Width: neither 160 nor 80+80
			RX LDPC
			short GI (80 MHz)
			TX STBC
			SU Beamformer
			SU Beamformee
			MU Beamformer
			+HTC-VHT
			RX antenna pattern consistency
			TX antenna pattern consistency
		VHT RX MCS set:
			1 streams: MCS 0-9
			2 streams: MCS 0-9
			3 streams: not supported
			4 streams: not supported
			5 streams: not supported
			6 streams: not supported
			7 streams: not supported
			8 streams: not supported
		VHT RX highest supported: 780 Mbps
		VHT TX MCS set:
			1 streams: MCS 0-9
			2 streams: MCS 0-9
			3 streams: not supported
			4 streams: not supported
			5 streams: not supported
			6 streams: not supported
			7 streams: not supported
			8 streams: not supported
		VHT TX highest supported: 780 Mbps
		VHT extended NSS: supported
	VHT operation:
		 * channel width: 1 (80 MHz)
		 * center freq segment 1: 106
		 * center freq segment 2: 0
		 * VHT basic MCS set: 0xfffc
	Extended capabilities:
		 * BSS Transition
		 * Interworking
		 * Operating Mode Notification
		 * TWT Responder Support
		 * Max Number Of MSDUs In A-MSDU is unlimited
	WMM:	 * Parameter version 1
		 * u-APSD
		 * BE: CW 15-1023, AIFSN 3
		 * BK: CW 15-1023, AIFSN 7
		 * VI: CW 7-15, AIFSN 2, TXOP 3008 usec
		 * VO: CW 3-7, AIFSN 2, TXOP 1504 usec
	HE capabilities:
		HE MAC Capabilities (0x00051a081044):
			+HTC HE Supported
			TWT Responder
			BSR
			OM Control
			Maximum A-MPDU Length Exponent: 3
			BQR
			A-MSDU in A-MPDU
			OM Control UL MU Data Disable RX
		HE PHY Capabilities: (0x0420ce926f09af08110c00):
			HE40/HE80/5GHz
			LDPC Coding in Payload
			NDP with 4x HE-LTF and 3.2us GI
			STBC Tx <= 80MHz
			STBC Rx <= 80MHz
			Full Bandwidth UL MU-MIMO
			Partial Bandwidth UL MU-MIMO
			DCM Max Constellation: 2
			DCM Max Constellation Rx: 2
			SU Beamformer
			SU Beamformee
			MU Beamformer
			Beamformee STS <= 80Mhz: 3
			Beamformee STS > 80Mhz: 3
			Sounding Dimensions <= 80Mhz: 1
			Sounding Dimensions > 80Mhz: 1
			Codebook Size SU Feedback
			Codebook Size MU Feedback
			Triggered SU Beamforming Feedback
			Triggered MU Beamforming Feedback
			Partial Bandwidth Extended Range
			PPE Threshold Present
			Max NC: 1
			HE ER SU PPDU 4x HE-LTF 0.8us GI
			HE ER SU PPDU 1x HE-LTF 0.8us GI
			TX 1024-QAM
			RX 1024-QAM
		HE RX MCS and NSS set <= 80 MHz
			1 streams: MCS 0-11
			2 streams: MCS 0-11
			3 streams: not supported
			4 streams: not supported
			5 streams: not supported
			6 streams: not supported
			7 streams: not supported
			8 streams: not supported
		HE TX MCS and NSS set <= 80 MHz
			1 streams: MCS 0-11
			2 streams: MCS 0-11
			3 streams: not supported
			4 streams: not supported
			5 streams: not supported
			6 streams: not supported
			7 streams: not supported
			8 streams: not supported
		PPE Threshold 0x39 0x1c 0xc7 0x71 0x1c 0x07 
BSS 24:0b:2a:f1:b9:21(on wlxd0374542d42e)
	TSF: 58194628804 usec (0d, 16:09:54)
	freq: 5540.0
	beacon interval: 100 TUs
	capability: ESS Privacy ShortPreamble SpectrumMgmt APSD RadioMeasure (0x1931)
	signal: -40.00 dBm
	last seen: 207 ms ago
	Information elements from Probe Response frame:
	SSID: VIETTEL_F1B91C
	Supported rates: 6.0* 9.0 12.0* 18.0 24.0* 36.0 48.0 54.0 
	DS Parameter set: channel 108
	ERP: <no flags>
	RSN:	 * Version: 1
		 * Group cipher: CCMP
		 * Pairwise ciphers: CCMP
		 * Authentication suites: PSK
		 * Capabilities: 1-PTKSA-RC 1-GTKSA-RC (0x0000)
	HT capabilities:
		Capabilities: 0x9ef
			RX LDPC
			HT20/HT40
			SM Power Save disabled
			RX HT20 SGI
			RX HT40 SGI
			TX STBC
			RX STBC 1-stream
			Max AMSDU length: 7935 bytes
			No DSSS/CCK HT40
		Maximum RX AMPDU length 65535 bytes (exponent: 0x003)
		Minimum RX AMPDU time spacing: 4 usec (0x05)
		HT RX MCS rate indexes supported: 0-15
		HT TX MCS rate indexes are undefined
	HT operation:
		 * primary channel: 108
		 * secondary channel offset: above
		 * STA channel width: any
		 * RIFS: 0
		 * HT protection: nonmember
		 * non-GF present: 1
		 * OBSS non-GF present: 0
		 * dual beacon: 0
		 * dual CTS protection: 0
		 * STBC beacon: 0
		 * L-SIG TXOP Prot: 0
		 * PCO active: 0
		 * PCO phase: 0
	Extended capabilities:
		 * BSS Transition
		 * Interworking
		 * WNM-Notification
		 * Operating Mode Notification
		 * TWT Responder Support
		 * Max Number Of MSDUs In A-MSDU is unlimited
	BSS Load:
		 * station count: 0
		 * channel utilisation: 78/255
		 * available admission capacity: 31250 [*32us]
	802.11u Interworking:
		Network Options: 0x0
			Network Type: 0 (Private)
		Venue Group: 2 (Business)
		Venue Type: 8
		HESSID: 24:0b:2a:f1:b9:21
	802.11u Advertisement:
		Query Response Info: 0x7f
			Query Response Length Limit: 127
			ANQP
	WMM:	 * Parameter version 1
		 * u-APSD
		 * BE: CW 15-1023, AIFSN 3
		 * BK: CW 15-1023, AIFSN 7
		 * VI: CW 7-15, AIFSN 2, TXOP 3008 usec
		 * VO: CW 3-7, AIFSN 2, TXOP 1504 usec
	RM enabled capabilities:
		Capabilities: 0x02 0x00 0x01 0x00 0x00
			Neighbor Report
			AP Channel Report
		Nonoperating Channel Max Measurement Duration: 0
		Measurement Pilot Capability: 0
	AP Channel Report:
		 * operating class: 128
		 * channel(s): 42 58 106 122
	Power constraint: 0 dB
	TPC report: TX power: 22 dBm
	Transmit Power Envelope:
	Country: VN	Environment: Indoor/Outdoor
		Channels [42 - 54] @ -1 dBm
	VHT capabilities:
		VHT Capabilities (0x33c979b2):
			Max MPDU length: 11454
			Supported Channel Width: neither 160 nor 80+80
			RX LDPC
			short GI (80 MHz)
			TX STBC
			SU Beamformer
			SU Beamformee
			MU Beamformer
			+HTC-VHT
			RX antenna pattern consistency
			TX antenna pattern consistency
		VHT RX MCS set:
			1 streams: MCS 0-9
			2 streams: MCS 0-9
			3 streams: not supported
			4 streams: not supported
			5 streams: not supported
			6 streams: not supported
			7 streams: not supported
			8 streams: not supported
		VHT RX highest supported: 780 Mbps
		VHT TX MCS set:
			1 streams: MCS 0-9
			2 streams: MCS 0-9
			3 streams: not supported
			4 streams: not supported
			5 streams: not supported
			6 streams: not supported
			7 streams: not supported
			8 streams: not supported
		VHT TX highest supported: 780 Mbps
		VHT extended NSS: supported
	VHT operation:
		 * channel width: 1 (80 MHz)
		 * center freq segment 1: 106
		 * center freq segment 2: 0
		 * VHT basic MCS set: 0xfffc
	HE capabilities:
		HE MAC Capabilities (0x00051a081044):
			+HTC HE Supported
			TWT Responder
			BSR
			OM Control
			Maximum A-MPDU Length Exponent: 3
			BQR
			A-MSDU in A-MPDU
			OM Control UL MU Data Disable RX
		HE PHY Capabilities: (0x0420ce926f09af08110c00):
			HE40/HE80/5GHz
			LDPC Coding in Payload
			NDP with 4x HE-LTF and 3.2us GI
			STBC Tx <= 80MHz
			STBC Rx <= 80MHz
			Full Bandwidth UL MU-MIMO
			Partial Bandwidth UL MU-MIMO
			DCM Max Constellation: 2
			DCM Max Constellation Rx: 2
			SU Beamformer
			SU Beamformee
			MU Beamformer
			Beamformee STS <= 80Mhz: 3
			Beamformee STS > 80Mhz: 3
			Sounding Dimensions <= 80Mhz: 1
			Sounding Dimensions > 80Mhz: 1
			Codebook Size SU Feedback
			Codebook Size MU Feedback
			Triggered SU Beamforming Feedback
			Triggered MU Beamforming Feedback
			Partial Bandwidth Extended Range
			PPE Threshold Present
			Max NC: 1
			HE ER SU PPDU 4x HE-LTF 0.8us GI
			HE ER SU PPDU 1x HE-LTF 0.8us GI
			TX 1024-QAM
			RX 1024-QAM
		HE RX MCS and NSS set <= 80 MHz
			1 streams: MCS 0-11
			2 streams: MCS 0-11
			3 streams: not supported
			4 streams: not supported
			5 streams: not supported
			6 streams: not supported
			7 streams: not supported
			8 streams: not supported
		HE TX MCS and NSS set <= 80 MHz
			1 streams: MCS 0-11
			2 streams: MCS 0-11
			3 streams: not supported
			4 streams: not supported
			5 streams: not supported
			6 streams: not supported
			7 streams: not supported
			8 streams: not supported
		PPE Threshold 0x39 0x1c 0xc7 0x71 0x1c 0x07 
BSS 24:0b:2a:c1:f7:21(on wlxd0374542d42e)
	TSF: 146849280071 usec (1d, 16:47:29)
	freq: 5560.0
	beacon interval: 100 TUs
	capability: ESS Privacy ShortPreamble SpectrumMgmt APSD RadioMeasure (0x1931)
	signal: -61.00 dBm
	last seen: 98 ms ago
	SSID: VIETTEL_C1F71C
	Supported rates: 6.0* 9.0 12.0* 18.0 24.0* 36.0 48.0 54.0 
	DS Parameter set: channel 112
	TIM: DTIM Count 0 DTIM Period 1 Bitmap Control 0x0 Bitmap[0] 0x0
	Country: VN	Environment: Indoor/Outdoor
		Channels [36 - 64] @ 30 dBm
		Channels [100 - 120] @ 30 dBm
		Channels [149 - 161] @ 30 dBm
	Power constraint: 0 dB
	TPC report: TX power: 22 dBm
	Transmit Power Envelope:
	RM enabled capabilities:
		Capabilities: 0x02 0x00 0x01 0x00 0x00
			Neighbor Report
			AP Channel Report
		Nonoperating Channel Max Measurement Duration: 0
		Measurement Pilot Capability: 0
	AP Channel Report:
		 * operating class: 128
		 * channel(s): 42 58 106 122
	RSN:	 * Version: 1
		 * Group cipher: CCMP
		 * Pairwise ciphers: CCMP
		 * Authentication suites: PSK
		 * Capabilities: 1-PTKSA-RC 1-GTKSA-RC (0x0000)
	BSS Load:
		 * station count: 0
		 * channel utilisation: 85/255
		 * available admission capacity: 31250 [*32us]
	802.11u Interworking:
		Network Options: 0x0
			Network Type: 0 (Private)
		Venue Group: 2 (Business)
		Venue Type: 8
		HESSID: 24:0b:2a:c1:f7:21
	802.11u Advertisement:
		Query Response Info: 0x7f
			Query Response Length Limit: 127
			ANQP
	HT capabilities:
		Capabilities: 0x9ef
			RX LDPC
			HT20/HT40
			SM Power Save disabled
			RX HT20 SGI
			RX HT40 SGI
			TX STBC
			RX STBC 1-stream
			Max AMSDU length: 7935 bytes
			No DSSS/CCK HT40
		Maximum RX AMPDU length 65535 bytes (exponent: 0x003)
		Minimum RX AMPDU time spacing: 4 usec (0x05)
		HT RX MCS rate indexes supported: 0-15
		HT TX MCS rate indexes are undefined
	HT operation:
		 * primary channel: 112
		 * secondary channel offset: below
		 * STA channel width: any
		 * RIFS: 0
		 * HT protection: no
		 * non-GF present: 0
		 * OBSS non-GF present: 0
		 * dual beacon: 0
		 * dual CTS protection: 0
		 * STBC beacon: 0
		 * L-SIG TXOP Prot: 0
		 * PCO active: 0
		 * PCO phase: 0
	VHT capabilities:
		VHT Capabilities (0x33c979b2):
			Max MPDU length: 11454
			Supported Channel Width: neither 160 nor 80+80
			RX LDPC
			short GI (80 MHz)
			TX STBC
			SU Beamformer
			SU Beamformee
			MU Beamformer
			+HTC-VHT
			RX antenna pattern consistency
			TX antenna pattern consistency
		VHT RX MCS set:
			1 streams: MCS 0-9
			2 streams: MCS 0-9
			3 streams: not supported
			4 streams: not supported
			5 streams: not supported
			6 streams: not supported
			7 streams: not supported
			8 streams: not supported
		VHT RX highest supported: 780 Mbps
		VHT TX MCS set:
			1 streams: MCS 0-9
			2 streams: MCS 0-9
			3 streams: not supported
			4 streams: not supported
			5 streams: not supported
			6 streams: not supported
			7 streams: not supported
			8 streams: not supported
		VHT TX highest supported: 780 Mbps
		VHT extended NSS: supported
	VHT operation:
		 * channel width: 1 (80 MHz)
		 * center freq segment 1: 106
		 * center freq segment 2: 0
		 * VHT basic MCS set: 0xfffc
	Extended capabilities:
		 * BSS Transition
		 * Interworking
		 * WNM-Notification
		 * Operating Mode Notification
		 * TWT Responder Support
		 * Max Number Of MSDUs In A-MSDU is unlimited
	WMM:	 * Parameter version 1
		 * u-APSD
		 * BE: CW 15-1023, AIFSN 3
		 * BK: CW 15-1023, AIFSN 7
		 * VI: CW 7-15, AIFSN 2, TXOP 3008 usec
		 * VO: CW 3-7, AIFSN 2, TXOP 1504 usec
	HE capabilities:
		HE MAC Capabilities (0x00051a081044):
			+HTC HE Supported
			TWT Responder
			BSR
			OM Control
			Maximum A-MPDU Length Exponent: 3
			BQR
			A-MSDU in A-MPDU
			OM Control UL MU Data Disable RX
		HE PHY Capabilities: (0x0420ce926f09af08110c00):
			HE40/HE80/5GHz
			LDPC Coding in Payload
			NDP with 4x HE-LTF and 3.2us GI
			STBC Tx <= 80MHz
			STBC Rx <= 80MHz
			Full Bandwidth UL MU-MIMO
			Partial Bandwidth UL MU-MIMO
			DCM Max Constellation: 2
			DCM Max Constellation Rx: 2
			SU Beamformer
			SU Beamformee
			MU Beamformer
			Beamformee STS <= 80Mhz: 3
			Beamformee STS > 80Mhz: 3
			Sounding Dimensions <= 80Mhz: 1
			Sounding Dimensions > 80Mhz: 1
			Codebook Size SU Feedback
			Codebook Size MU Feedback
			Triggered SU Beamforming Feedback
			Triggered MU Beamforming Feedback
			Partial Bandwidth Extended Range
			PPE Threshold Present
			Max NC: 1
			HE ER SU PPDU 4x HE-LTF 0.8us GI
			HE ER SU PPDU 1x HE-LTF 0.8us GI
			TX 1024-QAM
			RX 1024-QAM
		HE RX MCS and NSS set <= 80 MHz
			1 streams: MCS 0-11
			2 streams: MCS 0-11
			3 streams: not supported
			4 streams: not supported
			5 streams: not supported
			6 streams: not supported
			7 streams: not supported
			8 streams: not supported
		HE TX MCS and NSS set <= 80 MHz
			1 streams: MCS 0-11
			2 streams: MCS 0-11
			3 streams: not supported
			4 streams: not supported
			5 streams: not supported
			6 streams: not supported
			7 streams: not supported
			8 streams: not supported
		PPE Threshold 0x39 0x1c 0xc7 0x71 0x1c 0x07 
BSS 26:0b:2a:c1:ba:7d(on wlxd0374542d42e)
	TSF: 235973283100 usec (2d, 17:32:53)
	freq: 5540.0
	beacon interval: 100 TUs
	capability: ESS Privacy ShortPreamble SpectrumMgmt RadioMeasure (0x1131)
	signal: -37.00 dBm
	last seen: 174 ms ago
	Information elements from Probe Response frame:
	SSID: _VHT-MESH-20Users
	Supported rates: 6.0* 9.0 12.0* 18.0 24.0* 36.0 48.0 54.0 
	DS Parameter set: channel 108
	ERP: Barker_Preamble_Mode
	RSN:	 * Version: 1
		 * Group cipher: CCMP
		 * Pairwise ciphers: CCMP
		 * Authentication suites: PSK
		 * Capabilities: 1-PTKSA-RC 1-GTKSA-RC (0x0000)
	HT capabilities:
		Capabilities: 0x9ef
			RX LDPC
			HT20/HT40
			SM Power Save disabled
			RX HT20 SGI
			RX HT40 SGI
			TX STBC
			RX STBC 1-stream
			Max AMSDU length: 7935 bytes
			No DSSS/CCK HT40
		Maximum RX AMPDU length 65535 bytes (exponent: 0x003)
		Minimum RX AMPDU time spacing: 2 usec (0x04)
		HT RX MCS rate indexes supported: 0-15
		HT TX MCS rate indexes are undefined
	HT operation:
		 * primary channel: 108
		 * secondary channel offset: above
		 * STA channel width: any
		 * RIFS: 0
		 * HT protection: no
		 * non-GF present: 1
		 * OBSS non-GF present: 0
		 * dual beacon: 0
		 * dual CTS protection: 0
		 * STBC beacon: 0
		 * L-SIG TXOP Prot: 0
		 * PCO active: 0
		 * PCO phase: 0
	Extended capabilities:
		 * BSS Transition
		 * Interworking
		 * Operating Mode Notification
		 * TWT Responder Support
		 * 85
		 * Max Number Of MSDUs In A-MSDU is unlimited
	802.11u Interworking:
		Network Options: 0x0
			Network Type: 0 (Private)
		Venue Group: 2 (Business)
		Venue Type: 8
		HESSID: 00:00:00:00:00:00
	802.11u Advertisement:
		Query Response Info: 0x7f
			Query Response Length Limit: 127
			ANQP
	WMM:	 * Parameter version 1
		 * BE: CW 15-1023, AIFSN 3
		 * BK: CW 15-1023, AIFSN 7
		 * VI: CW 7-15, AIFSN 2, TXOP 3008 usec
		 * VO: CW 3-7, AIFSN 2, TXOP 1504 usec
	RM enabled capabilities:
		Capabilities: 0x02 0x00 0x01 0x00 0x00
			Neighbor Report
			AP Channel Report
		Nonoperating Channel Max Measurement Duration: 0
		Measurement Pilot Capability: 0
	AP Channel Report:
		 * operating class: 128
		 * channel(s): 42 58 106 122
	Power constraint: 0 dB
	TPC report: TX power: 14 dBm
	Transmit Power Envelope:
	Country: VN	Environment: bogus
		Channels [42 - 54] @ -1 dBm
	VHT capabilities:
		VHT Capabilities (0x33ca79b2):
			Max MPDU length: 11454
			Supported Channel Width: neither 160 nor 80+80
			RX LDPC
			short GI (80 MHz)
			TX STBC
			SU Beamformer
			SU Beamformee
			MU Beamformer
			+HTC-VHT
			RX antenna pattern consistency
			TX antenna pattern consistency
		VHT RX MCS set:
			1 streams: MCS 0-9
			2 streams: MCS 0-9
			3 streams: not supported
			4 streams: not supported
			5 streams: not supported
			6 streams: not supported
			7 streams: not supported
			8 streams: not supported
		VHT RX highest supported: 780 Mbps
		VHT TX MCS set:
			1 streams: MCS 0-9
			2 streams: MCS 0-9
			3 streams: not supported
			4 streams: not supported
			5 streams: not supported
			6 streams: not supported
			7 streams: not supported
			8 streams: not supported
		VHT TX highest supported: 780 Mbps
		VHT extended NSS: supported
	VHT operation:
		 * channel width: 1 (80 MHz)
		 * center freq segment 1: 106
		 * center freq segment 2: 0
		 * VHT basic MCS set: 0xfffc
	HE capabilities:
		HE MAC Capabilities (0x00051a081044):
			+HTC HE Supported
			TWT Responder
			BSR
			OM Control
			Maximum A-MPDU Length Exponent: 3
			BQR
			A-MSDU in A-MPDU
			OM Control UL MU Data Disable RX
		HE PHY Capabilities: (0x0420ce926f12af10110c00):
			HE40/HE80/5GHz
			LDPC Coding in Payload
			NDP with 4x HE-LTF and 3.2us GI
			STBC Tx <= 80MHz
			STBC Rx <= 80MHz
			Full Bandwidth UL MU-MIMO
			Partial Bandwidth UL MU-MIMO
			DCM Max Constellation: 2
			DCM Max Constellation Rx: 2
			SU Beamformer
			SU Beamformee
			MU Beamformer
			Beamformee STS <= 80Mhz: 3
			Beamformee STS > 80Mhz: 3
			Sounding Dimensions <= 80Mhz: 2
			Sounding Dimensions > 80Mhz: 2
			Codebook Size SU Feedback
			Codebook Size MU Feedback
			Triggered SU Beamforming Feedback
			Triggered MU Beamforming Feedback
			Partial Bandwidth Extended Range
			PPE Threshold Present
			Max NC: 2
			HE ER SU PPDU 4x HE-LTF 0.8us GI
			HE ER SU PPDU 1x HE-LTF 0.8us GI
			TX 1024-QAM
			RX 1024-QAM
		HE RX MCS and NSS set <= 80 MHz
			1 streams: MCS 0-11
			2 streams: MCS 0-11
			3 streams: not supported
			4 streams: not supported
			5 streams: not supported
			6 streams: not supported
			7 streams: not supported
			8 streams: not supported
		HE TX MCS and NSS set <= 80 MHz
			1 streams: MCS 0-11
			2 streams: MCS 0-11
			3 streams: not supported
			4 streams: not supported
			5 streams: not supported
			6 streams: not supported
			7 streams: not supported
			8 streams: not supported
		PPE Threshold 0x39 0x1c 0xc7 0x71 0x1c 0x07 
BSS 24:0b:2a:bf:e7:9c(on wlxd0374542d42e)
	TSF: 76726418656 usec (0d, 21:18:46)
	freq: 2432.0
	beacon interval: 100 TUs
	capability: ESS Privacy ShortPreamble ShortSlotTime APSD RadioMeasure (0x1c31)
	signal: -32.00 dBm
	last seen: 3 ms ago
	Information elements from Probe Response frame:
	SSID: tthanhtm
	Supported rates: 1.0* 2.0* 5.5* 11.0* 9.0 18.0 36.0 54.0 
	DS Parameter set: channel 5
	ERP: <no flags>
	Extended supported rates: 6.0 12.0 24.0 48.0 
	RSN:	 * Version: 1
		 * Group cipher: CCMP
		 * Pairwise ciphers: CCMP
		 * Authentication suites: PSK
		 * Capabilities: 1-PTKSA-RC 1-GTKSA-RC (0x0000)
	HT capabilities:
		Capabilities: 0x9ad
			RX LDPC
			HT20
			SM Power Save disabled
			RX HT20 SGI
			TX STBC
			RX STBC 1-stream
			Max AMSDU length: 7935 bytes
			No DSSS/CCK HT40
		Maximum RX AMPDU length 65535 bytes (exponent: 0x003)
		Minimum RX AMPDU time spacing: 2 usec (0x04)
		HT RX MCS rate indexes supported: 0-15
		HT TX MCS rate indexes are undefined
	HT operation:
		 * primary channel: 5
		 * secondary channel offset: no secondary
		 * STA channel width: 20 MHz
		 * RIFS: 0
		 * HT protection: no
		 * non-GF present: 0
		 * OBSS non-GF present: 0
		 * dual beacon: 0
		 * dual CTS protection: 0
		 * STBC beacon: 0
		 * L-SIG TXOP Prot: 0
		 * PCO active: 0
		 * PCO phase: 0
	Extended capabilities:
		 * BSS Transition
		 * Interworking
		 * TWT Responder Support
	BSS Load:
		 * station count: 0
		 * channel utilisation: 216/255
		 * available admission capacity: 31250 [*32us]
	WMM:	 * Parameter version 1
		 * u-APSD
		 * BE: CW 15-1023, AIFSN 3
		 * BK: CW 15-1023, AIFSN 7
		 * VI: CW 7-15, AIFSN 2, TXOP 3008 usec
		 * VO: CW 3-7, AIFSN 2, TXOP 1504 usec
	RM enabled capabilities:
		Capabilities: 0x02 0x00 0x01 0x00 0x00
			Neighbor Report
			AP Channel Report
		Nonoperating Channel Max Measurement Duration: 0
		Measurement Pilot Capability: 0
	AP Channel Report:
		 * operating class: 81
		 * channel(s): 1 2 3 4 5 6 7 8 9 10 11 12 13
	Power constraint: 0 dB
	TPC report: TX power: 22 dBm
	Transmit Power Envelope:
	Country: VN	Environment: Indoor/Outdoor
		Channels [1 - 13] @ 20 dBm
	HE capabilities:
		HE MAC Capabilities (0x00051a081044):
			+HTC HE Supported
			TWT Responder
			BSR
			OM Control
			Maximum A-MPDU Length Exponent: 3
			BQR
			A-MSDU in A-MPDU
			OM Control UL MU Data Disable RX
		HE PHY Capabilities: (0x0020ce926f09af08110c00):
			LDPC Coding in Payload
			NDP with 4x HE-LTF and 3.2us GI
			STBC Tx <= 80MHz
			STBC Rx <= 80MHz
			Full Bandwidth UL MU-MIMO
			Partial Bandwidth UL MU-MIMO
			DCM Max Constellation: 2
			DCM Max Constellation Rx: 2
			SU Beamformer
			SU Beamformee
			MU Beamformer
			Beamformee STS <= 80Mhz: 3
			Beamformee STS > 80Mhz: 3
			Sounding Dimensions <= 80Mhz: 1
			Sounding Dimensions > 80Mhz: 1
			Codebook Size SU Feedback
			Codebook Size MU Feedback
			Triggered SU Beamforming Feedback
			Triggered MU Beamforming Feedback
			Partial Bandwidth Extended Range
			PPE Threshold Present
			Max NC: 1
			HE ER SU PPDU 4x HE-LTF 0.8us GI
			HE ER SU PPDU 1x HE-LTF 0.8us GI
			TX 1024-QAM
			RX 1024-QAM
		PPE Threshold 0xfa 0xff 0xfa 0xff 0x09 0x1c 0x07 
BSS 26:0b:2a:f1:ba:7d(on wlxd0374542d42e)
	TSF: 236039987294 usec (2d, 17:33:59)
	freq: 5540.0
	beacon interval: 100 TUs
	capability: ESS Privacy ShortPreamble SpectrumMgmt RadioMeasure (0x1131)
	signal: -38.00 dBm
	last seen: 477 ms ago
	Supported rates: 6.0* 9.0 12.0* 18.0 24.0* 36.0 48.0 54.0 
	DS Parameter set: channel 108
	TIM: DTIM Count 0 DTIM Period 1 Bitmap Control 0x0 Bitmap[0] 0x0
	Country: VN	Environment: bogus
		Channels [36 - 64] @ 30 dBm
		Channels [100 - 120] @ 30 dBm
		Channels [149 - 161] @ 30 dBm
	Power constraint: 0 dB
	TPC report: TX power: 14 dBm
	Transmit Power Envelope:
	RM enabled capabilities:
		Capabilities: 0x02 0x00 0x01 0x00 0x00
			Neighbor Report
			AP Channel Report
		Nonoperating Channel Max Measurement Duration: 0
		Measurement Pilot Capability: 0
	AP Channel Report:
		 * operating class: 128
		 * channel(s): 42 58 106 122
	RSN:	 * Version: 1
		 * Group cipher: CCMP
		 * Pairwise ciphers: CCMP
		 * Authentication suites: PSK SAE
		 * Capabilities: 1-PTKSA-RC 1-GTKSA-RC MFP-capable (0x0080)
		 * 0 PMKIDs
		 * Group mgmt cipher suite: AES-128-CMAC
	HT capabilities:
		Capabilities: 0x9ef
			RX LDPC
			HT20/HT40
			SM Power Save disabled
			RX HT20 SGI
			RX HT40 SGI
			TX STBC
			RX STBC 1-stream
			Max AMSDU length: 7935 bytes
			No DSSS/CCK HT40
		Maximum RX AMPDU length 65535 bytes (exponent: 0x003)
		Minimum RX AMPDU time spacing: 2 usec (0x04)
		HT RX MCS rate indexes supported: 0-15
		HT TX MCS rate indexes are undefined
	HT operation:
		 * primary channel: 108
		 * secondary channel offset: above
		 * STA channel width: any
		 * RIFS: 0
		 * HT protection: no
		 * non-GF present: 1
		 * OBSS non-GF present: 0
		 * dual beacon: 0
		 * dual CTS protection: 0
		 * STBC beacon: 0
		 * L-SIG TXOP Prot: 0
		 * PCO active: 0
		 * PCO phase: 0
	VHT capabilities:
		VHT Capabilities (0x33ca79b2):
			Max MPDU length: 11454
			Supported Channel Width: neither 160 nor 80+80
			RX LDPC
			short GI (80 MHz)
			TX STBC
			SU Beamformer
			SU Beamformee
			MU Beamformer
			+HTC-VHT
			RX antenna pattern consistency
			TX antenna pattern consistency
		VHT RX MCS set:
			1 streams: MCS 0-9
			2 streams: MCS 0-9
			3 streams: not supported
			4 streams: not supported
			5 streams: not supported
			6 streams: not supported
			7 streams: not supported
			8 streams: not supported
		VHT RX highest supported: 780 Mbps
		VHT TX MCS set:
			1 streams: MCS 0-9
			2 streams: MCS 0-9
			3 streams: not supported
			4 streams: not supported
			5 streams: not supported
			6 streams: not supported
			7 streams: not supported
			8 streams: not supported
		VHT TX highest supported: 780 Mbps
		VHT extended NSS: supported
	VHT operation:
		 * channel width: 1 (80 MHz)
		 * center freq segment 1: 106
		 * center freq segment 2: 0
		 * VHT basic MCS set: 0xfffc
	Extended capabilities:
		 * BSS Transition
		 * Interworking
		 * Operating Mode Notification
		 * TWT Responder Support
		 * 85
		 * Max Number Of MSDUs In A-MSDU is unlimited
	WMM:	 * Parameter version 1
		 * BE: CW 15-1023, AIFSN 3
		 * BK: CW 15-1023, AIFSN 7
		 * VI: CW 7-15, AIFSN 2, TXOP 3008 usec
		 * VO: CW 3-7, AIFSN 2, TXOP 1504 usec
	HE capabilities:
		HE MAC Capabilities (0x00051a081044):
			+HTC HE Supported
			TWT Responder
			BSR
			OM Control
			Maximum A-MPDU Length Exponent: 3
			BQR
			A-MSDU in A-MPDU
			OM Control UL MU Data Disable RX
		HE PHY Capabilities: (0x0420ce926f12af10110c00):
			HE40/HE80/5GHz
			LDPC Coding in Payload
			NDP with 4x HE-LTF and 3.2us GI
			STBC Tx <= 80MHz
			STBC Rx <= 80MHz
			Full Bandwidth UL MU-MIMO
			Partial Bandwidth UL MU-MIMO
			DCM Max Constellation: 2
			DCM Max Constellation Rx: 2
			SU Beamformer
			SU Beamformee
			MU Beamformer
			Beamformee STS <= 80Mhz: 3
			Beamformee STS > 80Mhz: 3
			Sounding Dimensions <= 80Mhz: 2
			Sounding Dimensions > 80Mhz: 2
			Codebook Size SU Feedback
			Codebook Size MU Feedback
			Triggered SU Beamforming Feedback
			Triggered MU Beamforming Feedback
			Partial Bandwidth Extended Range
			PPE Threshold Present
			Max NC: 2
			HE ER SU PPDU 4x HE-LTF 0.8us GI
			HE ER SU PPDU 1x HE-LTF 0.8us GI
			TX 1024-QAM
			RX 1024-QAM
		HE RX MCS and NSS set <= 80 MHz
			1 streams: MCS 0-11
			2 streams: MCS 0-11
			3 streams: not supported
			4 streams: not supported
			5 streams: not supported
			6 streams: not supported
			7 streams: not supported
			8 streams: not supported
		HE TX MCS and NSS set <= 80 MHz
			1 streams: MCS 0-11
			2 streams: MCS 0-11
			3 streams: not supported
			4 streams: not supported
			5 streams: not supported
			6 streams: not supported
			7 streams: not supported
			8 streams: not supported
		PPE Threshold 0x39 0x1c 0xc7 0x71 0x1c 0x07 
BSS 26:0b:2a:47:5b:c7(on wlxd0374542d42e)
	TSF: 236067744542 usec (2d, 17:34:27)
	freq: 2432.0
	beacon interval: 100 TUs
	capability: ESS Privacy ShortPreamble ShortSlotTime RadioMeasure (0x1431)
	signal: -36.00 dBm
	last seen: 10113 ms ago
	SSID: VIETTEL_F1B91C
	Supported rates: 1.0* 2.0* 5.5* 11.0* 9.0 18.0 36.0 54.0 
	DS Parameter set: channel 5
	TIM: DTIM Count 0 DTIM Period 1 Bitmap Control 0x0 Bitmap[0] 0x0
	Country: VN	Environment: Indoor/Outdoor
		Channels [1 - 13] @ 23 dBm
	Power constraint: 0 dB
	TPC report: TX power: 63 dBm
	RM enabled capabilities:
		Capabilities: 0x72 0x00 0x01 0x00 0x00
			Neighbor Report
			Beacon Passive Measurement
			Beacon Active Measurement
			Beacon Table Measurement
			AP Channel Report
		Nonoperating Channel Max Measurement Duration: 0
		Measurement Pilot Capability: 0
	AP Channel Report:
		 * operating class: 81
		 * channel(s): 1 2 3 4 5 6 7 8 9 10 11 12 13
	ERP: <no flags>
	Extended supported rates: 6.0 12.0 24.0 48.0 
	RSN:	 * Version: 1
		 * Group cipher: CCMP
		 * Pairwise ciphers: CCMP
		 * Authentication suites: PSK
		 * Capabilities: 1-PTKSA-RC 1-GTKSA-RC (0x0000)
	BSS Load:
		 * station count: 0
		 * channel utilisation: 155/255
		 * available admission capacity: 31250 [*32us]
	802.11u Interworking:
		Network Options: 0x0
			Network Type: 0 (Private)
		Venue Group: 2 (Business)
		Venue Type: 8
		HESSID: 26:0b:2a:47:5b:c7
	802.11u Advertisement:
		Query Response Info: 0x7f
			Query Response Length Limit: 127
			ANQP
	HT capabilities:
		Capabilities: 0x9ad
			RX LDPC
			HT20
			SM Power Save disabled
			RX HT20 SGI
			TX STBC
			RX STBC 1-stream
			Max AMSDU length: 7935 bytes
			No DSSS/CCK HT40
		Maximum RX AMPDU length 65535 bytes (exponent: 0x003)
		Minimum RX AMPDU time spacing: 4 usec (0x05)
		HT RX MCS rate indexes supported: 0-15
		HT TX MCS rate indexes are undefined
	HT operation:
		 * primary channel: 5
		 * secondary channel offset: no secondary
		 * STA channel width: 20 MHz
		 * RIFS: 0
		 * HT protection: no
		 * non-GF present: 0
		 * OBSS non-GF present: 0
		 * dual beacon: 0
		 * dual CTS protection: 0
		 * STBC beacon: 0
		 * L-SIG TXOP Prot: 0
		 * PCO active: 0
		 * PCO phase: 0
	Extended capabilities:
		 * BSS Transition
		 * Interworking
		 * QoS Map
		 * WNM-Notification
	WMM:	 * Parameter version 1
		 * BE: CW 15-1023, AIFSN 3
		 * BK: CW 15-1023, AIFSN 7
		 * VI: CW 7-15, AIFSN 2, TXOP 3008 usec
		 * VO: CW 3-7, AIFSN 2, TXOP 1504 usec
BSS 5c:18:dd:57:9b:b0(on wlxd0374542d42e)
	TSF: 236019620123 usec (2d, 17:33:39)
	freq: 2437.0
	beacon interval: 100 TUs
	capability: ESS Privacy ShortPreamble ShortSlotTime RadioMeasure (0x1431)
	signal: -39.00 dBm
	last seen: 9827 ms ago
	SSID: FPT Telecom-9BAD-IOT
	Supported rates: 1.0* 2.0* 5.5* 11.0* 6.0 9.0 12.0 18.0 
	DS Parameter set: channel 6
	TIM: DTIM Count 0 DTIM Period 1 Bitmap Control 0x0 Bitmap[0] 0x0
	Country: US	Environment: bogus
		Channels [1 - 11] @ 30 dBm
	TPC report: TX power: 25 dBm
	ERP: <no flags>
	Extended supported rates: 24.0 36.0 48.0 54.0 
	RSN:	 * Version: 1
		 * Group cipher: CCMP
		 * Pairwise ciphers: CCMP
		 * Authentication suites: PSK FT/PSK
		 * Capabilities: 16-PTKSA-RC 1-GTKSA-RC (0x000c)
	RM enabled capabilities:
		Capabilities: 0x73 0xd0 0x00 0x00 0x0c
			Link Measurement
			Neighbor Report
			Beacon Passive Measurement
			Beacon Active Measurement
			Beacon Table Measurement
			LCI Measurement
			Transmit Stream/Category Measurement
			Triggered Transmit Stream/Category
			FTM Range Report
			Civic Location Measurement
		Nonoperating Channel Max Measurement Duration: 0
		Measurement Pilot Capability: 4
	HT capabilities:
		Capabilities: 0x9ad
			RX LDPC
			HT20
			SM Power Save disabled
			RX HT20 SGI
			TX STBC
			RX STBC 1-stream
			Max AMSDU length: 7935 bytes
			No DSSS/CCK HT40
		Maximum RX AMPDU length 65535 bytes (exponent: 0x003)
		Minimum RX AMPDU time spacing: No restriction (0x00)
		HT TX/RX MCS rate indexes supported: 0-15
	HT operation:
		 * primary channel: 6
		 * secondary channel offset: no secondary
		 * STA channel width: 20 MHz
		 * RIFS: 1
		 * HT protection: no
		 * non-GF present: 0
		 * OBSS non-GF present: 0
		 * dual beacon: 0
		 * dual CTS protection: 0
		 * STBC beacon: 0
		 * L-SIG TXOP Prot: 0
		 * PCO active: 0
		 * PCO phase: 0
	Extended capabilities:
		 * Extended Channel Switching
		 * TFS
		 * WNM-Sleep Mode
		 * TIM Broadcast
		 * BSS Transition
		 * SSID List
		 * Interworking
		 * QoS Map
		 * Operating Mode Notification
		 * Max Number Of MSDUs In A-MSDU is unlimited
	802.11u Interworking:
		Network Options: 0x0
			Network Type: 0 (Private)
	802.11u Advertisement:
		Query Response Info: 0x7f
			Query Response Length Limit: 127
			ANQP
	VHT capabilities:
		VHT Capabilities (0x33817992):
			Max MPDU length: 11454
			Supported Channel Width: neither 160 nor 80+80
			RX LDPC
			TX STBC
			SU Beamformer
			SU Beamformee
			RX antenna pattern consistency
			TX antenna pattern consistency
		VHT RX MCS set:
			1 streams: MCS 0-9
			2 streams: MCS 0-9
			3 streams: not supported
			4 streams: not supported
			5 streams: not supported
			6 streams: not supported
			7 streams: not supported
			8 streams: not supported
		VHT RX highest supported: 0 Mbps
		VHT TX MCS set:
			1 streams: MCS 0-9
			2 streams: MCS 0-9
			3 streams: not supported
			4 streams: not supported
			5 streams: not supported
			6 streams: not supported
			7 streams: not supported
			8 streams: not supported
		VHT TX highest supported: 0 Mbps
		VHT extended NSS: not supported
	VHT operation:
		 * channel width: 0 (20 or 40 MHz)
		 * center freq segment 1: 6
		 * center freq segment 2: 0
		 * VHT basic MCS set: 0xfffc
	WMM:	 * Parameter version 1
		 * u-APSD
		 * BE: CW 15-1023, AIFSN 3
		 * BK: CW 15-1023, AIFSN 7
		 * VI: CW 7-15, AIFSN 2, TXOP 3008 usec
		 * VO: CW 3-7, AIFSN 2, TXOP 1504 usec
	WPA:	 * Version: 1
		 * Group cipher: CCMP
		 * Pairwise ciphers: CCMP
		 * Authentication suites: PSK
	WPS:	 * Version: 1.0
		 * Wi-Fi Protected Setup State: 2 (Configured)
		 * RF Bands: 0x3
		 * Version2: 2.0
BSS 24:0b:2a:bf:e8:f8(on wlxd0374542d42e)
	TSF: 162941436841 usec (1d, 21:15:41)
	freq: 2447.0
	beacon interval: 100 TUs
	capability: ESS Privacy ShortPreamble ShortSlotTime APSD RadioMeasure (0x1c31)
	signal: -33.00 dBm
	last seen: 3 ms ago
	Information elements from Probe Response frame:
	SSID: VHT-MESH ONT6
	Supported rates: 1.0* 2.0* 5.5* 11.0* 9.0 18.0 36.0 54.0 
	DS Parameter set: channel 8
	ERP: Barker_Preamble_Mode
	Extended supported rates: 6.0 12.0 24.0 48.0 
	RSN:	 * Version: 1
		 * Group cipher: CCMP
		 * Pairwise ciphers: CCMP
		 * Authentication suites: PSK
		 * Capabilities: 1-PTKSA-RC 1-GTKSA-RC (0x0000)
	HT capabilities:
		Capabilities: 0x9ad
			RX LDPC
			HT20
			SM Power Save disabled
			RX HT20 SGI
			TX STBC
			RX STBC 1-stream
			Max AMSDU length: 7935 bytes
			No DSSS/CCK HT40
		Maximum RX AMPDU length 65535 bytes (exponent: 0x003)
		Minimum RX AMPDU time spacing: 2 usec (0x04)
		HT RX MCS rate indexes supported: 0-15
		HT TX MCS rate indexes are undefined
	HT operation:
		 * primary channel: 8
		 * secondary channel offset: no secondary
		 * STA channel width: 20 MHz
		 * RIFS: 0
		 * HT protection: no
		 * non-GF present: 0
		 * OBSS non-GF present: 0
		 * dual beacon: 0
		 * dual CTS protection: 0
		 * STBC beacon: 0
		 * L-SIG TXOP Prot: 0
		 * PCO active: 0
		 * PCO phase: 0
	Extended capabilities:
		 * BSS Transition
		 * Interworking
		 * WNM-Notification
		 * TWT Responder Support
	BSS Load:
		 * station count: 0
		 * channel utilisation: 186/255
		 * available admission capacity: 31250 [*32us]
	802.11u Interworking:
		Network Options: 0x0
			Network Type: 0 (Private)
		Venue Group: 2 (Business)
		Venue Type: 8
		HESSID: 24:0b:2a:bf:e8:f8
	802.11u Advertisement:
		Query Response Info: 0x7f
			Query Response Length Limit: 127
			ANQP
	WMM:	 * Parameter version 1
		 * u-APSD
		 * BE: CW 15-1023, AIFSN 3
		 * BK: CW 15-1023, AIFSN 7
		 * VI: CW 7-15, AIFSN 2, TXOP 3008 usec
		 * VO: CW 3-7, AIFSN 2, TXOP 1504 usec
	RM enabled capabilities:
		Capabilities: 0x02 0x00 0x01 0x00 0x00
			Neighbor Report
			AP Channel Report
		Nonoperating Channel Max Measurement Duration: 0
		Measurement Pilot Capability: 0
	AP Channel Report:
		 * operating class: 81
		 * channel(s): 1 2 3 4 5 6 7 8 9 10 11 12 13
	Power constraint: 0 dB
	TPC report: TX power: 22 dBm
	Transmit Power Envelope:
	Country: VN	Environment: Indoor/Outdoor
		Channels [1 - 13] @ 20 dBm
	HE capabilities:
		HE MAC Capabilities (0x00051a081044):
			+HTC HE Supported
			TWT Responder
			BSR
			OM Control
			Maximum A-MPDU Length Exponent: 3
			BQR
			A-MSDU in A-MPDU
			OM Control UL MU Data Disable RX
		HE PHY Capabilities: (0x0020ce926f09af08110c00):
			LDPC Coding in Payload
			NDP with 4x HE-LTF and 3.2us GI
			STBC Tx <= 80MHz
			STBC Rx <= 80MHz
			Full Bandwidth UL MU-MIMO
			Partial Bandwidth UL MU-MIMO
			DCM Max Constellation: 2
			DCM Max Constellation Rx: 2
			SU Beamformer
			SU Beamformee
			MU Beamformer
			Beamformee STS <= 80Mhz: 3
			Beamformee STS > 80Mhz: 3
			Sounding Dimensions <= 80Mhz: 1
			Sounding Dimensions > 80Mhz: 1
			Codebook Size SU Feedback
			Codebook Size MU Feedback
			Triggered SU Beamforming Feedback
			Triggered MU Beamforming Feedback
			Partial Bandwidth Extended Range
			PPE Threshold Present
			Max NC: 1
			HE ER SU PPDU 4x HE-LTF 0.8us GI
			HE ER SU PPDU 1x HE-LTF 0.8us GI
			TX 1024-QAM
			RX 1024-QAM
		PPE Threshold 0xfa 0xff 0xfa 0xff 0x09 0x1c 0x07 
BSS 24:0b:2a:bf:e8:20(on wlxd0374542d42e)
	TSF: 53547632253 usec (0d, 14:52:27)
	freq: 2447.0
	beacon interval: 100 TUs
	capability: ESS Privacy ShortPreamble ShortSlotTime APSD RadioMeasure (0x1c31)
	signal: -29.00 dBm
	last seen: 3 ms ago
	Information elements from Probe Response frame:
	SSID: hieupt35_ont6
	Supported rates: 1.0* 2.0* 5.5* 11.0* 9.0 18.0 36.0 54.0 
	DS Parameter set: channel 8
	ERP: <no flags>
	Extended supported rates: 6.0 12.0 24.0 48.0 
	RSN:	 * Version: 1
		 * Group cipher: CCMP
		 * Pairwise ciphers: CCMP
		 * Authentication suites: PSK
		 * Capabilities: 1-PTKSA-RC 1-GTKSA-RC (0x0000)
	HT capabilities:
		Capabilities: 0x9ad
			RX LDPC
			HT20
			SM Power Save disabled
			RX HT20 SGI
			TX STBC
			RX STBC 1-stream
			Max AMSDU length: 7935 bytes
			No DSSS/CCK HT40
		Maximum RX AMPDU length 65535 bytes (exponent: 0x003)
		Minimum RX AMPDU time spacing: 2 usec (0x04)
		HT RX MCS rate indexes supported: 0-15
		HT TX MCS rate indexes are undefined
	HT operation:
		 * primary channel: 8
		 * secondary channel offset: no secondary
		 * STA channel width: 20 MHz
		 * RIFS: 0
		 * HT protection: no
		 * non-GF present: 0
		 * OBSS non-GF present: 0
		 * dual beacon: 0
		 * dual CTS protection: 0
		 * STBC beacon: 0
		 * L-SIG TXOP Prot: 0
		 * PCO active: 0
		 * PCO phase: 0
	Extended capabilities:
		 * BSS Transition
		 * Interworking
		 * WNM-Notification
		 * TWT Responder Support
	BSS Load:
		 * station count: 0
		 * channel utilisation: 180/255
		 * available admission capacity: 31250 [*32us]
	802.11u Interworking:
		Network Options: 0x0
			Network Type: 0 (Private)
		Venue Group: 2 (Business)
		Venue Type: 8
		HESSID: 24:0b:2a:bf:e8:20
	802.11u Advertisement:
		Query Response Info: 0x7f
			Query Response Length Limit: 127
			ANQP
	WMM:	 * Parameter version 1
		 * u-APSD
		 * BE: CW 15-1023, AIFSN 3
		 * BK: CW 15-1023, AIFSN 7
		 * VI: CW 7-15, AIFSN 2, TXOP 3008 usec
		 * VO: CW 3-7, AIFSN 2, TXOP 1504 usec
	RM enabled capabilities:
		Capabilities: 0x02 0x00 0x01 0x00 0x00
			Neighbor Report
			AP Channel Report
		Nonoperating Channel Max Measurement Duration: 0
		Measurement Pilot Capability: 0
	AP Channel Report:
		 * operating class: 81
		 * channel(s): 1 2 3 4 5 6 7 8 9 10 11 12 13
	Power constraint: 0 dB
	TPC report: TX power: 22 dBm
	Transmit Power Envelope:
	Country: VN	Environment: Indoor/Outdoor
		Channels [1 - 13] @ 20 dBm
	HE capabilities:
		HE MAC Capabilities (0x00051a081044):
			+HTC HE Supported
			TWT Responder
			BSR
			OM Control
			Maximum A-MPDU Length Exponent: 3
			BQR
			A-MSDU in A-MPDU
			OM Control UL MU Data Disable RX
		HE PHY Capabilities: (0x0020ce926f09af08110c00):
			LDPC Coding in Payload
			NDP with 4x HE-LTF and 3.2us GI
			STBC Tx <= 80MHz
			STBC Rx <= 80MHz
			Full Bandwidth UL MU-MIMO
			Partial Bandwidth UL MU-MIMO
			DCM Max Constellation: 2
			DCM Max Constellation Rx: 2
			SU Beamformer
			SU Beamformee
			MU Beamformer
			Beamformee STS <= 80Mhz: 3
			Beamformee STS > 80Mhz: 3
			Sounding Dimensions <= 80Mhz: 1
			Sounding Dimensions > 80Mhz: 1
			Codebook Size SU Feedback
			Codebook Size MU Feedback
			Triggered SU Beamforming Feedback
			Triggered MU Beamforming Feedback
			Partial Bandwidth Extended Range
			PPE Threshold Present
			Max NC: 1
			HE ER SU PPDU 4x HE-LTF 0.8us GI
			HE ER SU PPDU 1x HE-LTF 0.8us GI
			TX 1024-QAM
			RX 1024-QAM
		PPE Threshold 0xfa 0xff 0xfa 0xff 0x09 0x1c 0x07 
BSS 5c:18:dd:57:9b:b1(on wlxd0374542d42e)
	TSF: 236019616461 usec (2d, 17:33:39)
	freq: 2437.0
	beacon interval: 100 TUs
	capability: ESS Privacy ShortPreamble ShortSlotTime RadioMeasure (0x1431)
	signal: -39.00 dBm
	last seen: 9831 ms ago
	SSID: FPT Mesh
	Supported rates: 1.0* 2.0* 5.5* 11.0* 6.0 9.0 12.0 18.0 
	DS Parameter set: channel 6
	TIM: DTIM Count 0 DTIM Period 1 Bitmap Control 0x0 Bitmap[0] 0x0
	Country: US	Environment: bogus
		Channels [1 - 11] @ 30 dBm
	TPC report: TX power: 25 dBm
	ERP: <no flags>
	Extended supported rates: 24.0 36.0 48.0 54.0 
	RSN:	 * Version: 1
		 * Group cipher: CCMP
		 * Pairwise ciphers: CCMP
		 * Authentication suites: PSK FT/PSK SAE
		 * Capabilities: 16-PTKSA-RC 1-GTKSA-RC MFP-capable (0x008c)
	RM enabled capabilities:
		Capabilities: 0x73 0xd0 0x00 0x00 0x0c
			Link Measurement
			Neighbor Report
			Beacon Passive Measurement
			Beacon Active Measurement
			Beacon Table Measurement
			LCI Measurement
			Transmit Stream/Category Measurement
			Triggered Transmit Stream/Category
			FTM Range Report
			Civic Location Measurement
		Nonoperating Channel Max Measurement Duration: 0
		Measurement Pilot Capability: 4
	HT capabilities:
		Capabilities: 0x9ad
			RX LDPC
			HT20
			SM Power Save disabled
			RX HT20 SGI
			TX STBC
			RX STBC 1-stream
			Max AMSDU length: 7935 bytes
			No DSSS/CCK HT40
		Maximum RX AMPDU length 65535 bytes (exponent: 0x003)
		Minimum RX AMPDU time spacing: No restriction (0x00)
		HT TX/RX MCS rate indexes supported: 0-15
	HT operation:
		 * primary channel: 6
		 * secondary channel offset: no secondary
		 * STA channel width: 20 MHz
		 * RIFS: 0
		 * HT protection: no
		 * non-GF present: 1
		 * OBSS non-GF present: 0
		 * dual beacon: 0
		 * dual CTS protection: 0
		 * STBC beacon: 0
		 * L-SIG TXOP Prot: 0
		 * PCO active: 0
		 * PCO phase: 0
	Extended capabilities:
		 * Extended Channel Switching
		 * TFS
		 * WNM-Sleep Mode
		 * TIM Broadcast
		 * BSS Transition
		 * SSID List
		 * Interworking
		 * Operating Mode Notification
		 * TWT Responder Support
		 * Max Number Of MSDUs In A-MSDU is unlimited
	802.11u Interworking:
		Network Options: 0x0
			Network Type: 0 (Private)
	802.11u Advertisement:
		Query Response Info: 0x7f
			Query Response Length Limit: 127
			ANQP
	VHT capabilities:
		VHT Capabilities (0x33817992):
			Max MPDU length: 11454
			Supported Channel Width: neither 160 nor 80+80
			RX LDPC
			TX STBC
			SU Beamformer
			SU Beamformee
			RX antenna pattern consistency
			TX antenna pattern consistency
		VHT RX MCS set:
			1 streams: MCS 0-9
			2 streams: MCS 0-9
			3 streams: not supported
			4 streams: not supported
			5 streams: not supported
			6 streams: not supported
			7 streams: not supported
			8 streams: not supported
		VHT RX highest supported: 0 Mbps
		VHT TX MCS set:
			1 streams: MCS 0-9
			2 streams: MCS 0-9
			3 streams: not supported
			4 streams: not supported
			5 streams: not supported
			6 streams: not supported
			7 streams: not supported
			8 streams: not supported
		VHT TX highest supported: 0 Mbps
		VHT extended NSS: not supported
	VHT operation:
		 * channel width: 0 (20 or 40 MHz)
		 * center freq segment 1: 6
		 * center freq segment 2: 0
		 * VHT basic MCS set: 0xfffc
	HE capabilities:
		HE MAC Capabilities (0x010d1a080040):
			+HTC HE Supported
			TWT Responder
			Dynamic BA Fragementation Level: 1
			Minimum Payload size of 128 bytes: 1
			BSR
			OM Control
			Maximum A-MPDU Length Exponent: 3
			A-MSDU in A-MPDU
		HE PHY Capabilities: (0x006008881d41810c110800):
			LDPC Coding in Payload
			HE SU PPDU with 1x HE-LTF and 0.8us GI
			STBC Rx <= 80MHz
			DCM Max Constellation Rx: 1
			SU Beamformer
			SU Beamformee
			Beamformee STS <= 80Mhz: 7
			Sounding Dimensions <= 80Mhz: 1
			Ng = 16 SU Feedback
			Codebook Size SU Feedback
			PPE Threshold Present
			HE SU PPDU & HE PPDU 4x HE-LTF 0.8us GI
			Max NC: 1
			HE ER SU PPDU 4x HE-LTF 0.8us GI
			HE ER SU PPDU 1x HE-LTF 0.8us GI
			RX 1024-QAM
		PPE Threshold 0xfa 0xff 0xfa 0xff 0x19 0x1c 0xc7 0x71 
	WMM:	 * Parameter version 1
		 * u-APSD
		 * BE: CW 15-1023, AIFSN 3
		 * BK: CW 15-1023, AIFSN 7
		 * VI: CW 7-15, AIFSN 2, TXOP 3008 usec
		 * VO: CW 3-7, AIFSN 2, TXOP 1504 usec
	WPS:	 * Version: 1.0
		 * Wi-Fi Protected Setup State: 2 (Configured)
		 * RF Bands: 0x3
		 * Version2: 2.0
BSS 26:0b:2a:cf:e9:c5(on wlxd0374542d42e)
	TSF: 144336692134 usec (1d, 16:05:36)
	freq: 5560.0
	beacon interval: 100 TUs
	capability: ESS Privacy ShortPreamble SpectrumMgmt RadioMeasure (0x1131)
	signal: -74.00 dBm
	last seen: 279 ms ago
	SSID: VHT KEANGNAM
	Supported rates: 6.0* 9.0 12.0* 18.0 24.0* 36.0 48.0 54.0 
	DS Parameter set: channel 112
	TIM: DTIM Count 0 DTIM Period 1 Bitmap Control 0x1 Bitmap[0] 0x0
	Country: VN	Environment: bogus
		Channels [36 - 64] @ 30 dBm
		Channels [100 - 120] @ 30 dBm
		Channels [149 - 161] @ 30 dBm
	Power constraint: 0 dB
	TPC report: TX power: 15 dBm
	Transmit Power Envelope:
	RM enabled capabilities:
		Capabilities: 0x02 0x00 0x01 0x00 0x00
			Neighbor Report
			AP Channel Report
		Nonoperating Channel Max Measurement Duration: 0
		Measurement Pilot Capability: 0
	AP Channel Report:
		 * operating class: 128
		 * channel(s): 42 58 106 122
	RSN:	 * Version: 1
		 * Group cipher: CCMP
		 * Pairwise ciphers: CCMP
		 * Authentication suites: PSK
		 * Capabilities: 1-PTKSA-RC 1-GTKSA-RC (0x0000)
	802.11u Interworking:
		Network Options: 0x0
			Network Type: 0 (Private)
		Venue Group: 2 (Business)
		Venue Type: 8
		HESSID: 00:00:00:00:00:00
	802.11u Advertisement:
		Query Response Info: 0x7f
			Query Response Length Limit: 127
			ANQP
	HT capabilities:
		Capabilities: 0x9ef
			RX LDPC
			HT20/HT40
			SM Power Save disabled
			RX HT20 SGI
			RX HT40 SGI
			TX STBC
			RX STBC 1-stream
			Max AMSDU length: 7935 bytes
			No DSSS/CCK HT40
		Maximum RX AMPDU length 65535 bytes (exponent: 0x003)
		Minimum RX AMPDU time spacing: 2 usec (0x04)
		HT RX MCS rate indexes supported: 0-15, 32
		HT TX MCS rate indexes are undefined
	HT operation:
		 * primary channel: 112
		 * secondary channel offset: below
		 * STA channel width: any
		 * RIFS: 0
		 * HT protection: no
		 * non-GF present: 1
		 * OBSS non-GF present: 0
		 * dual beacon: 0
		 * dual CTS protection: 0
		 * STBC beacon: 0
		 * L-SIG TXOP Prot: 0
		 * PCO active: 0
		 * PCO phase: 0
	VHT capabilities:
		VHT Capabilities (0x33ca79b2):
			Max MPDU length: 11454
			Supported Channel Width: neither 160 nor 80+80
			RX LDPC
			short GI (80 MHz)
			TX STBC
			SU Beamformer
			SU Beamformee
			MU Beamformer
			+HTC-VHT
			RX antenna pattern consistency
			TX antenna pattern consistency
		VHT RX MCS set:
			1 streams: MCS 0-9
			2 streams: MCS 0-9
			3 streams: not supported
			4 streams: not supported
			5 streams: not supported
			6 streams: not supported
			7 streams: not supported
			8 streams: not supported
		VHT RX highest supported: 780 Mbps
		VHT TX MCS set:
			1 streams: MCS 0-9
			2 streams: MCS 0-9
			3 streams: not supported
			4 streams: not supported
			5 streams: not supported
			6 streams: not supported
			7 streams: not supported
			8 streams: not supported
		VHT TX highest supported: 780 Mbps
		VHT extended NSS: supported
	VHT operation:
		 * channel width: 1 (80 MHz)
		 * center freq segment 1: 106
		 * center freq segment 2: 0
		 * VHT basic MCS set: 0xfffc
	Extended capabilities:
		 * BSS Transition
		 * Interworking
		 * Operating Mode Notification
		 * TWT Responder Support
		 * 85
		 * Max Number Of MSDUs In A-MSDU is unlimited
	WMM:	 * Parameter version 1
		 * BE: CW 15-1023, AIFSN 3
		 * BK: CW 15-1023, AIFSN 7
		 * VI: CW 7-15, AIFSN 2, TXOP 3008 usec
		 * VO: CW 3-7, AIFSN 2, TXOP 1504 usec
	HE capabilities:
		HE MAC Capabilities (0x00051a081044):
			+HTC HE Supported
			TWT Responder
			BSR
			OM Control
			Maximum A-MPDU Length Exponent: 3
			BQR
			A-MSDU in A-MPDU
			OM Control UL MU Data Disable RX
		HE PHY Capabilities: (0x0420ce926f12af10110c00):
			HE40/HE80/5GHz
			LDPC Coding in Payload
			NDP with 4x HE-LTF and 3.2us GI
			STBC Tx <= 80MHz
			STBC Rx <= 80MHz
			Full Bandwidth UL MU-MIMO
			Partial Bandwidth UL MU-MIMO
			DCM Max Constellation: 2
			DCM Max Constellation Rx: 2
			SU Beamformer
			SU Beamformee
			MU Beamformer
			Beamformee STS <= 80Mhz: 3
			Beamformee STS > 80Mhz: 3
			Sounding Dimensions <= 80Mhz: 2
			Sounding Dimensions > 80Mhz: 2
			Codebook Size SU Feedback
			Codebook Size MU Feedback
			Triggered SU Beamforming Feedback
			Triggered MU Beamforming Feedback
			Partial Bandwidth Extended Range
			PPE Threshold Present
			Max NC: 2
			HE ER SU PPDU 4x HE-LTF 0.8us GI
			HE ER SU PPDU 1x HE-LTF 0.8us GI
			TX 1024-QAM
			RX 1024-QAM
		HE RX MCS and NSS set <= 80 MHz
			1 streams: MCS 0-11
			2 streams: MCS 0-11
			3 streams: not supported
			4 streams: not supported
			5 streams: not supported
			6 streams: not supported
			7 streams: not supported
			8 streams: not supported
		HE TX MCS and NSS set <= 80 MHz
			1 streams: MCS 0-11
			2 streams: MCS 0-11
			3 streams: not supported
			4 streams: not supported
			5 streams: not supported
			6 streams: not supported
			7 streams: not supported
			8 streams: not supported
		PPE Threshold 0x39 0x1c 0xc7 0x71 0x1c 0x07 
BSS 26:0b:2a:ff:e9:c5(on wlxd0374542d42e)
	TSF: 144336793933 usec (1d, 16:05:36)
	freq: 5560.0
	beacon interval: 100 TUs
	capability: ESS Privacy ShortPreamble SpectrumMgmt RadioMeasure (0x1131)
	signal: -71.00 dBm
	last seen: 169 ms ago
	Supported rates: 6.0* 9.0 12.0* 18.0 24.0* 36.0 48.0 54.0 
	DS Parameter set: channel 112
	TIM: DTIM Count 0 DTIM Period 1 Bitmap Control 0x0 Bitmap[0] 0x0
	Country: VN	Environment: bogus
		Channels [36 - 64] @ 30 dBm
		Channels [100 - 120] @ 30 dBm
		Channels [149 - 161] @ 30 dBm
	Power constraint: 0 dB
	TPC report: TX power: 15 dBm
	Transmit Power Envelope:
	RM enabled capabilities:
		Capabilities: 0x02 0x00 0x01 0x00 0x00
			Neighbor Report
			AP Channel Report
		Nonoperating Channel Max Measurement Duration: 0
		Measurement Pilot Capability: 0
	AP Channel Report:
		 * operating class: 128
		 * channel(s): 42 58 106 122
	RSN:	 * Version: 1
		 * Group cipher: CCMP
		 * Pairwise ciphers: CCMP
		 * Authentication suites: PSK SAE
		 * Capabilities: 1-PTKSA-RC 1-GTKSA-RC MFP-capable (0x0080)
		 * 0 PMKIDs
		 * Group mgmt cipher suite: AES-128-CMAC
	HT capabilities:
		Capabilities: 0x9ef
			RX LDPC
			HT20/HT40
			SM Power Save disabled
			RX HT20 SGI
			RX HT40 SGI
			TX STBC
			RX STBC 1-stream
			Max AMSDU length: 7935 bytes
			No DSSS/CCK HT40
		Maximum RX AMPDU length 65535 bytes (exponent: 0x003)
		Minimum RX AMPDU time spacing: 2 usec (0x04)
		HT RX MCS rate indexes supported: 0-15, 32
		HT TX MCS rate indexes are undefined
	HT operation:
		 * primary channel: 112
		 * secondary channel offset: below
		 * STA channel width: any
		 * RIFS: 0
		 * HT protection: non-HT mixed
		 * non-GF present: 1
		 * OBSS non-GF present: 0
		 * dual beacon: 0
		 * dual CTS protection: 0
		 * STBC beacon: 0
		 * L-SIG TXOP Prot: 0
		 * PCO active: 0
		 * PCO phase: 0
	VHT capabilities:
		VHT Capabilities (0x33ca79b2):
			Max MPDU length: 11454
			Supported Channel Width: neither 160 nor 80+80
			RX LDPC
			short GI (80 MHz)
			TX STBC
			SU Beamformer
			SU Beamformee
			MU Beamformer
			+HTC-VHT
			RX antenna pattern consistency
			TX antenna pattern consistency
		VHT RX MCS set:
			1 streams: MCS 0-9
			2 streams: MCS 0-9
			3 streams: not supported
			4 streams: not supported
			5 streams: not supported
			6 streams: not supported
			7 streams: not supported
			8 streams: not supported
		VHT RX highest supported: 780 Mbps
		VHT TX MCS set:
			1 streams: MCS 0-9
			2 streams: MCS 0-9
			3 streams: not supported
			4 streams: not supported
			5 streams: not supported
			6 streams: not supported
			7 streams: not supported
			8 streams: not supported
		VHT TX highest supported: 780 Mbps
		VHT extended NSS: supported
	VHT operation:
		 * channel width: 1 (80 MHz)
		 * center freq segment 1: 106
		 * center freq segment 2: 0
		 * VHT basic MCS set: 0xfffc
	Extended capabilities:
		 * BSS Transition
		 * Interworking
		 * Operating Mode Notification
		 * TWT Responder Support
		 * 85
		 * Max Number Of MSDUs In A-MSDU is unlimited
	WMM:	 * Parameter version 1
		 * BE: CW 15-1023, AIFSN 3
		 * BK: CW 15-1023, AIFSN 7
		 * VI: CW 7-15, AIFSN 2, TXOP 3008 usec
		 * VO: CW 3-7, AIFSN 2, TXOP 1504 usec
	HE capabilities:
		HE MAC Capabilities (0x00051a081044):
			+HTC HE Supported
			TWT Responder
			BSR
			OM Control
			Maximum A-MPDU Length Exponent: 3
			BQR
			A-MSDU in A-MPDU
			OM Control UL MU Data Disable RX
		HE PHY Capabilities: (0x0420ce926f12af10110c00):
			HE40/HE80/5GHz
			LDPC Coding in Payload
			NDP with 4x HE-LTF and 3.2us GI
			STBC Tx <= 80MHz
			STBC Rx <= 80MHz
			Full Bandwidth UL MU-MIMO
			Partial Bandwidth UL MU-MIMO
			DCM Max Constellation: 2
			DCM Max Constellation Rx: 2
			SU Beamformer
			SU Beamformee
			MU Beamformer
			Beamformee STS <= 80Mhz: 3
			Beamformee STS > 80Mhz: 3
			Sounding Dimensions <= 80Mhz: 2
			Sounding Dimensions > 80Mhz: 2
			Codebook Size SU Feedback
			Codebook Size MU Feedback
			Triggered SU Beamforming Feedback
			Triggered MU Beamforming Feedback
			Partial Bandwidth Extended Range
			PPE Threshold Present
			Max NC: 2
			HE ER SU PPDU 4x HE-LTF 0.8us GI
			HE ER SU PPDU 1x HE-LTF 0.8us GI
			TX 1024-QAM
			RX 1024-QAM
		HE RX MCS and NSS set <= 80 MHz
			1 streams: MCS 0-11
			2 streams: MCS 0-11
			3 streams: not supported
			4 streams: not supported
			5 streams: not supported
			6 streams: not supported
			7 streams: not supported
			8 streams: not supported
		HE TX MCS and NSS set <= 80 MHz
			1 streams: MCS 0-11
			2 streams: MCS 0-11
			3 streams: not supported
			4 streams: not supported
			5 streams: not supported
			6 streams: not supported
			7 streams: not supported
			8 streams: not supported
		PPE Threshold 0x39 0x1c 0xc7 0x71 0x1c 0x07 
BSS 24:0b:2a:bf:e9:8f(on wlxd0374542d42e)
	TSF: 51854154151 usec (0d, 14:24:14)
	freq: 2452.0
	beacon interval: 100 TUs
	capability: ESS Privacy ShortPreamble ShortSlotTime APSD RadioMeasure (0x1c31)
	signal: -41.00 dBm
	last seen: 2 ms ago
	Information elements from Probe Response frame:
	SSID: LeTTM2
	Supported rates: 1.0* 2.0* 5.5* 11.0* 9.0 18.0 36.0 54.0 
	DS Parameter set: channel 9
	ERP: <no flags>
	Extended supported rates: 6.0 12.0 24.0 48.0 
	RSN:	 * Version: 1
		 * Group cipher: CCMP
		 * Pairwise ciphers: CCMP
		 * Authentication suites: PSK
		 * Capabilities: 1-PTKSA-RC 1-GTKSA-RC (0x0000)
	HT capabilities:
		Capabilities: 0x9ad
			RX LDPC
			HT20
			SM Power Save disabled
			RX HT20 SGI
			TX STBC
			RX STBC 1-stream
			Max AMSDU length: 7935 bytes
			No DSSS/CCK HT40
		Maximum RX AMPDU length 65535 bytes (exponent: 0x003)
		Minimum RX AMPDU time spacing: 2 usec (0x04)
		HT RX MCS rate indexes supported: 0-15
		HT TX MCS rate indexes are undefined
	HT operation:
		 * primary channel: 9
		 * secondary channel offset: no secondary
		 * STA channel width: 20 MHz
		 * RIFS: 0
		 * HT protection: no
		 * non-GF present: 0
		 * OBSS non-GF present: 0
		 * dual beacon: 0
		 * dual CTS protection: 0
		 * STBC beacon: 0
		 * L-SIG TXOP Prot: 0
		 * PCO active: 0
		 * PCO phase: 0
	Extended capabilities:
		 * BSS Transition
		 * Interworking
		 * TWT Responder Support
		 * 85
	BSS Load:
		 * station count: 0
		 * channel utilisation: 217/255
		 * available admission capacity: 31250 [*32us]
	802.11u Interworking:
		Network Options: 0x0
			Network Type: 0 (Private)
		Venue Group: 2 (Business)
		Venue Type: 8
		HESSID: 00:00:00:00:00:00
	802.11u Advertisement:
		Query Response Info: 0x7f
			Query Response Length Limit: 127
			ANQP
	WMM:	 * Parameter version 1
		 * u-APSD
		 * BE: CW 15-1023, AIFSN 3
		 * BK: CW 15-1023, AIFSN 7
		 * VI: CW 7-15, AIFSN 2, TXOP 3008 usec
		 * VO: CW 3-7, AIFSN 2, TXOP 1504 usec
	RM enabled capabilities:
		Capabilities: 0x02 0x00 0x01 0x00 0x00
			Neighbor Report
			AP Channel Report
		Nonoperating Channel Max Measurement Duration: 0
		Measurement Pilot Capability: 0
	AP Channel Report:
		 * operating class: 81
		 * channel(s): 1 2 3 4 5 6 7 8 9 10 11 12 13
	Power constraint: 0 dB
	TPC report: TX power: 19 dBm
	Transmit Power Envelope:
	Country: VN	Environment: bogus
		Channels [1 - 13] @ 20 dBm
	HE capabilities:
		HE MAC Capabilities (0x00051a081044):
			+HTC HE Supported
			TWT Responder
			BSR
			OM Control
			Maximum A-MPDU Length Exponent: 3
			BQR
			A-MSDU in A-MPDU
			OM Control UL MU Data Disable RX
		HE PHY Capabilities: (0x0020ce926f09af08110c00):
			LDPC Coding in Payload
			NDP with 4x HE-LTF and 3.2us GI
			STBC Tx <= 80MHz
			STBC Rx <= 80MHz
			Full Bandwidth UL MU-MIMO
			Partial Bandwidth UL MU-MIMO
			DCM Max Constellation: 2
			DCM Max Constellation Rx: 2
			SU Beamformer
			SU Beamformee
			MU Beamformer
			Beamformee STS <= 80Mhz: 3
			Beamformee STS > 80Mhz: 3
			Sounding Dimensions <= 80Mhz: 1
			Sounding Dimensions > 80Mhz: 1
			Codebook Size SU Feedback
			Codebook Size MU Feedback
			Triggered SU Beamforming Feedback
			Triggered MU Beamforming Feedback
			Partial Bandwidth Extended Range
			PPE Threshold Present
			Max NC: 1
			HE ER SU PPDU 4x HE-LTF 0.8us GI
			HE ER SU PPDU 1x HE-LTF 0.8us GI
			TX 1024-QAM
			RX 1024-QAM
		PPE Threshold 0xfa 0xff 0xfa 0xff 0x09 0x1c 0x07 
BSS 26:0b:2a:9f:e9:cd(on wlxd0374542d42e)
	TSF: 51783876625 usec (0d, 14:23:03)
	freq: 2452.0
	beacon interval: 100 TUs
	capability: ESS Privacy ShortPreamble ShortSlotTime APSD RadioMeasure (0x1c31)
	signal: -42.00 dBm
	last seen: 9553 ms ago
	Information elements from Probe Response frame:
	SSID: AB
	Supported rates: 1.0* 2.0* 5.5* 11.0* 9.0 18.0 36.0 54.0 
	DS Parameter set: channel 9
	ERP: <no flags>
	Extended supported rates: 6.0 12.0 24.0 48.0 
	RSN:	 * Version: 1
		 * Group cipher: CCMP
		 * Pairwise ciphers: CCMP
		 * Authentication suites: PSK
		 * Capabilities: 1-PTKSA-RC 1-GTKSA-RC (0x0000)
	HT capabilities:
		Capabilities: 0x9ad
			RX LDPC
			HT20
			SM Power Save disabled
			RX HT20 SGI
			TX STBC
			RX STBC 1-stream
			Max AMSDU length: 7935 bytes
			No DSSS/CCK HT40
		Maximum RX AMPDU length 65535 bytes (exponent: 0x003)
		Minimum RX AMPDU time spacing: 2 usec (0x04)
		HT RX MCS rate indexes supported: 0-15
		HT TX MCS rate indexes are undefined
	HT operation:
		 * primary channel: 9
		 * secondary channel offset: no secondary
		 * STA channel width: 20 MHz
		 * RIFS: 0
		 * HT protection: no
		 * non-GF present: 0
		 * OBSS non-GF present: 0
		 * dual beacon: 0
		 * dual CTS protection: 0
		 * STBC beacon: 0
		 * L-SIG TXOP Prot: 0
		 * PCO active: 0
		 * PCO phase: 0
	Extended capabilities:
		 * BSS Transition
		 * Interworking
		 * TWT Responder Support
		 * 85
	BSS Load:
		 * station count: 0
		 * channel utilisation: 190/255
		 * available admission capacity: 31250 [*32us]
	WMM:	 * Parameter version 1
		 * u-APSD
		 * BE: CW 15-1023, AIFSN 3
		 * BK: CW 15-1023, AIFSN 7
		 * VI: CW 7-15, AIFSN 2, TXOP 3008 usec
		 * VO: CW 3-7, AIFSN 2, TXOP 1504 usec
	RM enabled capabilities:
		Capabilities: 0x02 0x00 0x01 0x00 0x00
			Neighbor Report
			AP Channel Report
		Nonoperating Channel Max Measurement Duration: 0
		Measurement Pilot Capability: 0
	AP Channel Report:
		 * operating class: 81
		 * channel(s): 1 2 3 4 5 6 7 8 9 10 11 12 13
	Power constraint: 0 dB
	TPC report: TX power: 19 dBm
	Transmit Power Envelope:
	Country: VN	Environment: bogus
		Channels [1 - 13] @ 20 dBm
	HE capabilities:
		HE MAC Capabilities (0x00051a081044):
			+HTC HE Supported
			TWT Responder
			BSR
			OM Control
			Maximum A-MPDU Length Exponent: 3
			BQR
			A-MSDU in A-MPDU
			OM Control UL MU Data Disable RX
		HE PHY Capabilities: (0x0020ce926f09af08110c00):
			LDPC Coding in Payload
			NDP with 4x HE-LTF and 3.2us GI
			STBC Tx <= 80MHz
			STBC Rx <= 80MHz
			Full Bandwidth UL MU-MIMO
			Partial Bandwidth UL MU-MIMO
			DCM Max Constellation: 2
			DCM Max Constellation Rx: 2
			SU Beamformer
			SU Beamformee
			MU Beamformer
			Beamformee STS <= 80Mhz: 3
			Beamformee STS > 80Mhz: 3
			Sounding Dimensions <= 80Mhz: 1
			Sounding Dimensions > 80Mhz: 1
			Codebook Size SU Feedback
			Codebook Size MU Feedback
			Triggered SU Beamforming Feedback
			Triggered MU Beamforming Feedback
			Partial Bandwidth Extended Range
			PPE Threshold Present
			Max NC: 1
			HE ER SU PPDU 4x HE-LTF 0.8us GI
			HE ER SU PPDU 1x HE-LTF 0.8us GI
			TX 1024-QAM
			RX 1024-QAM
		PPE Threshold 0xfa 0xff 0xfa 0xff 0x09 0x1c 0x07 
BSS 24:0b:2a:bf:e9:af(on wlxd0374542d42e)
	TSF: 162627219336 usec (1d, 21:10:27)
	freq: 2447.0
	beacon interval: 100 TUs
	capability: ESS Privacy ShortPreamble ShortSlotTime APSD RadioMeasure (0x1c31)
	signal: -41.00 dBm
	last seen: 8973 ms ago
	Information elements from Probe Response frame:
	SSID: VHT-MESH ONT6
	Supported rates: 1.0* 2.0* 5.5* 11.0* 9.0 18.0 36.0 54.0 
	DS Parameter set: channel 8
	ERP: <no flags>
	Extended supported rates: 6.0 12.0 24.0 48.0 
	RSN:	 * Version: 1
		 * Group cipher: CCMP
		 * Pairwise ciphers: CCMP
		 * Authentication suites: PSK
		 * Capabilities: 1-PTKSA-RC 1-GTKSA-RC (0x0000)
	HT capabilities:
		Capabilities: 0x9ad
			RX LDPC
			HT20
			SM Power Save disabled
			RX HT20 SGI
			TX STBC
			RX STBC 1-stream
			Max AMSDU length: 7935 bytes
			No DSSS/CCK HT40
		Maximum RX AMPDU length 65535 bytes (exponent: 0x003)
		Minimum RX AMPDU time spacing: 2 usec (0x04)
		HT RX MCS rate indexes supported: 0-15
		HT TX MCS rate indexes are undefined
	HT operation:
		 * primary channel: 8
		 * secondary channel offset: no secondary
		 * STA channel width: 20 MHz
		 * RIFS: 0
		 * HT protection: no
		 * non-GF present: 0
		 * OBSS non-GF present: 0
		 * dual beacon: 0
		 * dual CTS protection: 0
		 * STBC beacon: 0
		 * L-SIG TXOP Prot: 0
		 * PCO active: 0
		 * PCO phase: 0
	Extended capabilities:
		 * BSS Transition
		 * Interworking
		 * TWT Responder Support
		 * 85
	BSS Load:
		 * station count: 0
		 * channel utilisation: 185/255
		 * available admission capacity: 31250 [*32us]
	802.11u Interworking:
		Network Options: 0x0
			Network Type: 0 (Private)
		Venue Group: 2 (Business)
		Venue Type: 8
		HESSID: 00:00:00:00:00:00
	802.11u Advertisement:
		Query Response Info: 0x7f
			Query Response Length Limit: 127
			ANQP
	WMM:	 * Parameter version 1
		 * u-APSD
		 * BE: CW 15-1023, AIFSN 3
		 * BK: CW 15-1023, AIFSN 7
		 * VI: CW 7-15, AIFSN 2, TXOP 3008 usec
		 * VO: CW 3-7, AIFSN 2, TXOP 1504 usec
	RM enabled capabilities:
		Capabilities: 0x02 0x00 0x01 0x00 0x00
			Neighbor Report
			AP Channel Report
		Nonoperating Channel Max Measurement Duration: 0
		Measurement Pilot Capability: 0
	AP Channel Report:
		 * operating class: 81
		 * channel(s): 1 2 3 4 5 6 7 8 9 10 11 12 13
	Power constraint: 0 dB
	TPC report: TX power: 15 dBm
	Transmit Power Envelope:
	Country: VN	Environment: bogus
		Channels [1 - 13] @ 20 dBm
	HE capabilities:
		HE MAC Capabilities (0x00051a081044):
			+HTC HE Supported
			TWT Responder
			BSR
			OM Control
			Maximum A-MPDU Length Exponent: 3
			BQR
			A-MSDU in A-MPDU
			OM Control UL MU Data Disable RX
		HE PHY Capabilities: (0x0020ce926f09af08110c00):
			LDPC Coding in Payload
			NDP with 4x HE-LTF and 3.2us GI
			STBC Tx <= 80MHz
			STBC Rx <= 80MHz
			Full Bandwidth UL MU-MIMO
			Partial Bandwidth UL MU-MIMO
			DCM Max Constellation: 2
			DCM Max Constellation Rx: 2
			SU Beamformer
			SU Beamformee
			MU Beamformer
			Beamformee STS <= 80Mhz: 3
			Beamformee STS > 80Mhz: 3
			Sounding Dimensions <= 80Mhz: 1
			Sounding Dimensions > 80Mhz: 1
			Codebook Size SU Feedback
			Codebook Size MU Feedback
			Triggered SU Beamforming Feedback
			Triggered MU Beamforming Feedback
			Partial Bandwidth Extended Range
			PPE Threshold Present
			Max NC: 1
			HE ER SU PPDU 4x HE-LTF 0.8us GI
			HE ER SU PPDU 1x HE-LTF 0.8us GI
			TX 1024-QAM
			RX 1024-QAM
		PPE Threshold 0xfa 0xff 0xfa 0xff 0x09 0x1c 0x07 
BSS 24:0b:2a:ff:f3:a4(on wlxd0374542d42e)
	TSF: 235989512133 usec (2d, 17:33:09)
	freq: 2447.0
	beacon interval: 100 TUs
	capability: ESS Privacy ShortPreamble ShortSlotTime APSD RadioMeasure (0x1c31)
	signal: -28.00 dBm
	last seen: 8921 ms ago
	SSID: JBT
	Supported rates: 1.0* 2.0* 5.5* 11.0* 9.0 18.0 36.0 54.0 
	DS Parameter set: channel 8
	TIM: DTIM Count 0 DTIM Period 1 Bitmap Control 0x0 Bitmap[0] 0x0
	Country: VN	Environment: Indoor/Outdoor
		Channels [1 - 13] @ 30 dBm
	Power constraint: 0 dB
	TPC report: TX power: 22 dBm
	Transmit Power Envelope:
	RM enabled capabilities:
		Capabilities: 0x02 0x00 0x01 0x00 0x00
			Neighbor Report
			AP Channel Report
		Nonoperating Channel Max Measurement Duration: 0
		Measurement Pilot Capability: 0
	AP Channel Report:
		 * operating class: 81
		 * channel(s): 1 2 3 4 5 6 7 8 9 10 11 12 13
	ERP: <no flags>
	Extended supported rates: 6.0 12.0 24.0 48.0 
	RSN:	 * Version: 1
		 * Group cipher: CCMP
		 * Pairwise ciphers: CCMP
		 * Authentication suites: PSK
		 * Capabilities: 1-PTKSA-RC 1-GTKSA-RC (0x0000)
	BSS Load:
		 * station count: 0
		 * channel utilisation: 178/255
		 * available admission capacity: 31250 [*32us]
	802.11u Interworking:
		Network Options: 0x0
			Network Type: 0 (Private)
		Venue Group: 2 (Business)
		Venue Type: 8
		HESSID: 24:0b:2a:ff:f3:a4
	802.11u Advertisement:
		Query Response Info: 0x7f
			Query Response Length Limit: 127
			ANQP
	HT capabilities:
		Capabilities: 0x9ad
			RX LDPC
			HT20
			SM Power Save disabled
			RX HT20 SGI
			TX STBC
			RX STBC 1-stream
			Max AMSDU length: 7935 bytes
			No DSSS/CCK HT40
		Maximum RX AMPDU length 65535 bytes (exponent: 0x003)
		Minimum RX AMPDU time spacing: 2 usec (0x04)
		HT RX MCS rate indexes supported: 0-15
		HT TX MCS rate indexes are undefined
	HT operation:
		 * primary channel: 8
		 * secondary channel offset: no secondary
		 * STA channel width: 20 MHz
		 * RIFS: 0
		 * HT protection: no
		 * non-GF present: 0
		 * OBSS non-GF present: 0
		 * dual beacon: 0
		 * dual CTS protection: 0
		 * STBC beacon: 0
		 * L-SIG TXOP Prot: 0
		 * PCO active: 0
		 * PCO phase: 0
	Extended capabilities:
		 * BSS Transition
		 * Interworking
		 * WNM-Notification
		 * TWT Responder Support
	WMM:	 * Parameter version 1
		 * u-APSD
		 * BE: CW 15-1023, AIFSN 3
		 * BK: CW 15-1023, AIFSN 7
		 * VI: CW 7-15, AIFSN 2, TXOP 3008 usec
		 * VO: CW 3-7, AIFSN 2, TXOP 1504 usec
	HE capabilities:
		HE MAC Capabilities (0x00051a081044):
			+HTC HE Supported
			TWT Responder
			BSR
			OM Control
			Maximum A-MPDU Length Exponent: 3
			BQR
			A-MSDU in A-MPDU
			OM Control UL MU Data Disable RX
		HE PHY Capabilities: (0x0020ce926f09af08110c00):
			LDPC Coding in Payload
			NDP with 4x HE-LTF and 3.2us GI
			STBC Tx <= 80MHz
			STBC Rx <= 80MHz
			Full Bandwidth UL MU-MIMO
			Partial Bandwidth UL MU-MIMO
			DCM Max Constellation: 2
			DCM Max Constellation Rx: 2
			SU Beamformer
			SU Beamformee
			MU Beamformer
			Beamformee STS <= 80Mhz: 3
			Beamformee STS > 80Mhz: 3
			Sounding Dimensions <= 80Mhz: 1
			Sounding Dimensions > 80Mhz: 1
			Codebook Size SU Feedback
			Codebook Size MU Feedback
			Triggered SU Beamforming Feedback
			Triggered MU Beamforming Feedback
			Partial Bandwidth Extended Range
			PPE Threshold Present
			Max NC: 1
			HE ER SU PPDU 4x HE-LTF 0.8us GI
			HE ER SU PPDU 1x HE-LTF 0.8us GI
			TX 1024-QAM
			RX 1024-QAM
		PPE Threshold 0xfa 0xff 0xfa 0xff 0x09 0x1c 0x07 
BSS 26:0b:2a:df:e9:c5(on wlxd0374542d42e)
	TSF: 144334848709 usec (1d, 16:05:34)
	freq: 5560.0
	beacon interval: 100 TUs
	capability: ESS Privacy ShortPreamble SpectrumMgmt RadioMeasure (0x1131)
	signal: -71.00 dBm
	last seen: 2118 ms ago
	SSID: VHT KEANGNAM 5GHz
	Supported rates: 6.0* 9.0 12.0* 18.0 24.0* 36.0 48.0 54.0 
	DS Parameter set: channel 112
	TIM: DTIM Count 0 DTIM Period 1 Bitmap Control 0x1 Bitmap[0] 0x0
	Country: VN	Environment: bogus
		Channels [36 - 64] @ 30 dBm
		Channels [100 - 120] @ 30 dBm
		Channels [149 - 161] @ 30 dBm
	Power constraint: 0 dB
	TPC report: TX power: 15 dBm
	Transmit Power Envelope:
	RM enabled capabilities:
		Capabilities: 0x02 0x00 0x01 0x00 0x00
			Neighbor Report
			AP Channel Report
		Nonoperating Channel Max Measurement Duration: 0
		Measurement Pilot Capability: 0
	AP Channel Report:
		 * operating class: 128
		 * channel(s): 42 58 106 122
	RSN:	 * Version: 1
		 * Group cipher: CCMP
		 * Pairwise ciphers: CCMP
		 * Authentication suites: PSK
		 * Capabilities: 1-PTKSA-RC 1-GTKSA-RC (0x0000)
	HT capabilities:
		Capabilities: 0x9ef
			RX LDPC
			HT20/HT40
			SM Power Save disabled
			RX HT20 SGI
			RX HT40 SGI
			TX STBC
			RX STBC 1-stream
			Max AMSDU length: 7935 bytes
			No DSSS/CCK HT40
		Maximum RX AMPDU length 65535 bytes (exponent: 0x003)
		Minimum RX AMPDU time spacing: 2 usec (0x04)
		HT RX MCS rate indexes supported: 0-15, 32
		HT TX MCS rate indexes are undefined
	HT operation:
		 * primary channel: 112
		 * secondary channel offset: below
		 * STA channel width: any
		 * RIFS: 0
		 * HT protection: 20 MHz
		 * non-GF present: 1
		 * OBSS non-GF present: 0
		 * dual beacon: 0
		 * dual CTS protection: 0
		 * STBC beacon: 0
		 * L-SIG TXOP Prot: 0
		 * PCO active: 0
		 * PCO phase: 0
	VHT capabilities:
		VHT Capabilities (0x33ca79b2):
			Max MPDU length: 11454
			Supported Channel Width: neither 160 nor 80+80
			RX LDPC
			short GI (80 MHz)
			TX STBC
			SU Beamformer
			SU Beamformee
			MU Beamformer
			+HTC-VHT
			RX antenna pattern consistency
			TX antenna pattern consistency
		VHT RX MCS set:
			1 streams: MCS 0-9
			2 streams: MCS 0-9
			3 streams: not supported
			4 streams: not supported
			5 streams: not supported
			6 streams: not supported
			7 streams: not supported
			8 streams: not supported
		VHT RX highest supported: 780 Mbps
		VHT TX MCS set:
			1 streams: MCS 0-9
			2 streams: MCS 0-9
			3 streams: not supported
			4 streams: not supported
			5 streams: not supported
			6 streams: not supported
			7 streams: not supported
			8 streams: not supported
		VHT TX highest supported: 780 Mbps
		VHT extended NSS: supported
	VHT operation:
		 * channel width: 1 (80 MHz)
		 * center freq segment 1: 106
		 * center freq segment 2: 0
		 * VHT basic MCS set: 0xfffc
	Extended capabilities:
		 * BSS Transition
		 * Interworking
		 * Operating Mode Notification
		 * TWT Responder Support
		 * 85
		 * Max Number Of MSDUs In A-MSDU is unlimited
	WMM:	 * Parameter version 1
		 * BE: CW 15-1023, AIFSN 3
		 * BK: CW 15-1023, AIFSN 7
		 * VI: CW 7-15, AIFSN 2, TXOP 3008 usec
		 * VO: CW 3-7, AIFSN 2, TXOP 1504 usec
	HE capabilities:
		HE MAC Capabilities (0x00051a081044):
			+HTC HE Supported
			TWT Responder
			BSR
			OM Control
			Maximum A-MPDU Length Exponent: 3
			BQR
			A-MSDU in A-MPDU
			OM Control UL MU Data Disable RX
		HE PHY Capabilities: (0x0420ce926f12af10110c00):
			HE40/HE80/5GHz
			LDPC Coding in Payload
			NDP with 4x HE-LTF and 3.2us GI
			STBC Tx <= 80MHz
			STBC Rx <= 80MHz
			Full Bandwidth UL MU-MIMO
			Partial Bandwidth UL MU-MIMO
			DCM Max Constellation: 2
			DCM Max Constellation Rx: 2
			SU Beamformer
			SU Beamformee
			MU Beamformer
			Beamformee STS <= 80Mhz: 3
			Beamformee STS > 80Mhz: 3
			Sounding Dimensions <= 80Mhz: 2
			Sounding Dimensions > 80Mhz: 2
			Codebook Size SU Feedback
			Codebook Size MU Feedback
			Triggered SU Beamforming Feedback
			Triggered MU Beamforming Feedback
			Partial Bandwidth Extended Range
			PPE Threshold Present
			Max NC: 2
			HE ER SU PPDU 4x HE-LTF 0.8us GI
			HE ER SU PPDU 1x HE-LTF 0.8us GI
			TX 1024-QAM
			RX 1024-QAM
		HE RX MCS and NSS set <= 80 MHz
			1 streams: MCS 0-11
			2 streams: MCS 0-11
			3 streams: not supported
			4 streams: not supported
			5 streams: not supported
			6 streams: not supported
			7 streams: not supported
			8 streams: not supported
		HE TX MCS and NSS set <= 80 MHz
			1 streams: MCS 0-11
			2 streams: MCS 0-11
			3 streams: not supported
			4 streams: not supported
			5 streams: not supported
			6 streams: not supported
			7 streams: not supported
			8 streams: not supported
		PPE Threshold 0x39 0x1c 0xc7 0x71 0x1c 0x07 
BSS 24:0b:2a:30:12:24(on wlxd0374542d42e)
	TSF: 78636261684 usec (0d, 21:50:36)
	freq: 2447.0
	beacon interval: 100 TUs
	capability: ESS Privacy ShortPreamble ShortSlotTime APSD RadioMeasure (0x1c31)
	signal: -29.00 dBm
	last seen: 8976 ms ago
	Information elements from Probe Response frame:
	SSID: VIETTEL_301220
	Supported rates: 1.0* 2.0* 5.5* 11.0* 9.0 18.0 36.0 54.0 
	DS Parameter set: channel 8
	ERP: <no flags>
	Extended supported rates: 6.0 12.0 24.0 48.0 
	RSN:	 * Version: 1
		 * Group cipher: CCMP
		 * Pairwise ciphers: CCMP
		 * Authentication suites: PSK
		 * Capabilities: 1-PTKSA-RC 1-GTKSA-RC (0x0000)
	HT capabilities:
		Capabilities: 0x9bd
			RX LDPC
			HT20
			SM Power Save disabled
			RX Greenfield
			RX HT20 SGI
			TX STBC
			RX STBC 1-stream
			Max AMSDU length: 7935 bytes
			No DSSS/CCK HT40
		Maximum RX AMPDU length 65535 bytes (exponent: 0x003)
		Minimum RX AMPDU time spacing: 2 usec (0x04)
		HT RX MCS rate indexes supported: 0-15
		HT TX MCS rate indexes are undefined
	HT operation:
		 * primary channel: 8
		 * secondary channel offset: no secondary
		 * STA channel width: 20 MHz
		 * RIFS: 0
		 * HT protection: no
		 * non-GF present: 0
		 * OBSS non-GF present: 0
		 * dual beacon: 0
		 * dual CTS protection: 0
		 * STBC beacon: 0
		 * L-SIG TXOP Prot: 0
		 * PCO active: 0
		 * PCO phase: 0
	Extended capabilities:
		 * BSS Transition
		 * Interworking
		 * Max Number Of MSDUs In A-MSDU is unlimited
	BSS Load:
		 * station count: 0
		 * channel utilisation: 207/255
		 * available admission capacity: 31250 [*32us]
	WMM:	 * Parameter version 1
		 * u-APSD
		 * BE: CW 15-1023, AIFSN 3
		 * BK: CW 15-1023, AIFSN 7
		 * VI: CW 7-15, AIFSN 2, TXOP 3008 usec
		 * VO: CW 3-7, AIFSN 2, TXOP 1504 usec
	RM enabled capabilities:
		Capabilities: 0x02 0x00 0x01 0x00 0x00
			Neighbor Report
			AP Channel Report
		Nonoperating Channel Max Measurement Duration: 0
		Measurement Pilot Capability: 0
	AP Channel Report:
		 * operating class: 81
		 * channel(s): 1 2 3 4 5 6 7 8 9 10 11 12 13
	Power constraint: 0 dB
	TPC report: TX power: 22 dBm
	Transmit Power Envelope:
	Country: VN	Environment: Indoor/Outdoor
		Channels [1 - 13] @ 20 dBm
	VHT capabilities:
		VHT Capabilities (0x33c97992):
			Max MPDU length: 11454
			Supported Channel Width: neither 160 nor 80+80
			RX LDPC
			TX STBC
			SU Beamformer
			SU Beamformee
			MU Beamformer
			+HTC-VHT
			RX antenna pattern consistency
			TX antenna pattern consistency
		VHT RX MCS set:
			1 streams: MCS 0-8
			2 streams: MCS 0-8
			3 streams: not supported
			4 streams: not supported
			5 streams: not supported
			6 streams: not supported
			7 streams: not supported
			8 streams: not supported
		VHT RX highest supported: 156 Mbps
		VHT TX MCS set:
			1 streams: MCS 0-8
			2 streams: MCS 0-8
			3 streams: not supported
			4 streams: not supported
			5 streams: not supported
			6 streams: not supported
			7 streams: not supported
			8 streams: not supported
		VHT TX highest supported: 156 Mbps
		VHT extended NSS: supported
	VHT operation:
		 * channel width: 0 (20 or 40 MHz)
		 * center freq segment 1: 8
		 * center freq segment 2: 0
		 * VHT basic MCS set: 0xfffc
	HE capabilities:
		HE MAC Capabilities (0x00011a081044):
			+HTC HE Supported
			BSR
			OM Control
			Maximum A-MPDU Length Exponent: 3
			BQR
			A-MSDU in A-MPDU
			OM Control UL MU Data Disable RX
		HE PHY Capabilities: (0x0020ce926f09af08110c00):
			LDPC Coding in Payload
			NDP with 4x HE-LTF and 3.2us GI
			STBC Tx <= 80MHz
			STBC Rx <= 80MHz
			Full Bandwidth UL MU-MIMO
			Partial Bandwidth UL MU-MIMO
			DCM Max Constellation: 2
			DCM Max Constellation Rx: 2
			SU Beamformer
			SU Beamformee
			MU Beamformer
			Beamformee STS <= 80Mhz: 3
			Beamformee STS > 80Mhz: 3
			Sounding Dimensions <= 80Mhz: 1
			Sounding Dimensions > 80Mhz: 1
			Codebook Size SU Feedback
			Codebook Size MU Feedback
			Triggered SU Beamforming Feedback
			Triggered MU Beamforming Feedback
			Partial Bandwidth Extended Range
			PPE Threshold Present
			Max NC: 1
			HE ER SU PPDU 4x HE-LTF 0.8us GI
			HE ER SU PPDU 1x HE-LTF 0.8us GI
			TX 1024-QAM
			RX 1024-QAM
		PPE Threshold 0xfa 0xff 0xfa 0xff 0x09 0x1c 0x07 
BSS 24:0b:2a:bf:e9:bf(on wlxd0374542d42e)
	TSF: 140193926847 usec (1d, 14:56:33)
	freq: 2447.0
	beacon interval: 100 TUs
	capability: ESS Privacy ShortPreamble ShortSlotTime APSD RadioMeasure (0x1c31)
	signal: -34.00 dBm
	last seen: 8963 ms ago
	Information elements from Probe Response frame:
	SSID: VIETTEL_F1B91C
	Supported rates: 1.0* 2.0* 5.5* 11.0* 9.0 18.0 36.0 54.0 
	DS Parameter set: channel 8
	ERP: <no flags>
	Extended supported rates: 6.0 12.0 24.0 48.0 
	RSN:	 * Version: 1
		 * Group cipher: CCMP
		 * Pairwise ciphers: CCMP
		 * Authentication suites: PSK
		 * Capabilities: 1-PTKSA-RC 1-GTKSA-RC (0x0000)
	HT capabilities:
		Capabilities: 0x9ad
			RX LDPC
			HT20
			SM Power Save disabled
			RX HT20 SGI
			TX STBC
			RX STBC 1-stream
			Max AMSDU length: 7935 bytes
			No DSSS/CCK HT40
		Maximum RX AMPDU length 65535 bytes (exponent: 0x003)
		Minimum RX AMPDU time spacing: 2 usec (0x04)
		HT RX MCS rate indexes supported: 0-15
		HT TX MCS rate indexes are undefined
	HT operation:
		 * primary channel: 8
		 * secondary channel offset: no secondary
		 * STA channel width: 20 MHz
		 * RIFS: 0
		 * HT protection: no
		 * non-GF present: 0
		 * OBSS non-GF present: 0
		 * dual beacon: 0
		 * dual CTS protection: 0
		 * STBC beacon: 0
		 * L-SIG TXOP Prot: 0
		 * PCO active: 0
		 * PCO phase: 0
	Extended capabilities:
		 * BSS Transition
		 * Interworking
		 * TWT Responder Support
		 * 85
	BSS Load:
		 * station count: 0
		 * channel utilisation: 187/255
		 * available admission capacity: 31250 [*32us]
	802.11u Interworking:
		Network Options: 0x0
			Network Type: 0 (Private)
		Venue Group: 2 (Business)
		Venue Type: 8
		HESSID: 00:00:00:00:00:00
	802.11u Advertisement:
		Query Response Info: 0x7f
			Query Response Length Limit: 127
			ANQP
	WMM:	 * Parameter version 1
		 * u-APSD
		 * BE: CW 15-1023, AIFSN 3
		 * BK: CW 15-1023, AIFSN 7
		 * VI: CW 7-15, AIFSN 2, TXOP 3008 usec
		 * VO: CW 3-7, AIFSN 2, TXOP 1504 usec
	RM enabled capabilities:
		Capabilities: 0x02 0x00 0x01 0x00 0x00
			Neighbor Report
			AP Channel Report
		Nonoperating Channel Max Measurement Duration: 0
		Measurement Pilot Capability: 0
	AP Channel Report:
		 * operating class: 81
		 * channel(s): 1 2 3 4 5 6 7 8 9 10 11 12 13
	Power constraint: 0 dB
	TPC report: TX power: 15 dBm
	Transmit Power Envelope:
	Country: VN	Environment: bogus
		Channels [1 - 13] @ 20 dBm
	HE capabilities:
		HE MAC Capabilities (0x00051a081044):
			+HTC HE Supported
			TWT Responder
			BSR
			OM Control
			Maximum A-MPDU Length Exponent: 3
			BQR
			A-MSDU in A-MPDU
			OM Control UL MU Data Disable RX
		HE PHY Capabilities: (0x0020ce926f09af08110c00):
			LDPC Coding in Payload
			NDP with 4x HE-LTF and 3.2us GI
			STBC Tx <= 80MHz
			STBC Rx <= 80MHz
			Full Bandwidth UL MU-MIMO
			Partial Bandwidth UL MU-MIMO
			DCM Max Constellation: 2
			DCM Max Constellation Rx: 2
			SU Beamformer
			SU Beamformee
			MU Beamformer
			Beamformee STS <= 80Mhz: 3
			Beamformee STS > 80Mhz: 3
			Sounding Dimensions <= 80Mhz: 1
			Sounding Dimensions > 80Mhz: 1
			Codebook Size SU Feedback
			Codebook Size MU Feedback
			Triggered SU Beamforming Feedback
			Triggered MU Beamforming Feedback
			Partial Bandwidth Extended Range
			PPE Threshold Present
			Max NC: 1
			HE ER SU PPDU 4x HE-LTF 0.8us GI
			HE ER SU PPDU 1x HE-LTF 0.8us GI
			TX 1024-QAM
			RX 1024-QAM
		PPE Threshold 0xfa 0xff 0xfa 0xff 0x09 0x1c 0x07 
BSS 24:0b:2a:bf:e7:cc(on wlxd0374542d42e)
	TSF: 235928618658 usec (2d, 17:32:08)
	freq: 2452.0
	beacon interval: 100 TUs
	capability: ESS Privacy ShortPreamble ShortSlotTime APSD RadioMeasure (0x1c31)
	signal: -29.00 dBm
	last seen: 8373 ms ago
	Information elements from Probe Response frame:
	SSID: VIETTEL_BFE7C8
	Supported rates: 1.0* 2.0* 5.5* 11.0* 9.0 18.0 36.0 54.0 
	DS Parameter set: channel 9
	ERP: <no flags>
	Extended supported rates: 6.0 12.0 24.0 48.0 
	RSN:	 * Version: 1
		 * Group cipher: CCMP
		 * Pairwise ciphers: CCMP
		 * Authentication suites: PSK
		 * Capabilities: 1-PTKSA-RC 1-GTKSA-RC (0x0000)
	HT capabilities:
		Capabilities: 0x9ad
			RX LDPC
			HT20
			SM Power Save disabled
			RX HT20 SGI
			TX STBC
			RX STBC 1-stream
			Max AMSDU length: 7935 bytes
			No DSSS/CCK HT40
		Maximum RX AMPDU length 65535 bytes (exponent: 0x003)
		Minimum RX AMPDU time spacing: 2 usec (0x04)
		HT RX MCS rate indexes supported: 0-15
		HT TX MCS rate indexes are undefined
	HT operation:
		 * primary channel: 9
		 * secondary channel offset: no secondary
		 * STA channel width: 20 MHz
		 * RIFS: 0
		 * HT protection: no
		 * non-GF present: 0
		 * OBSS non-GF present: 0
		 * dual beacon: 0
		 * dual CTS protection: 0
		 * STBC beacon: 0
		 * L-SIG TXOP Prot: 0
		 * PCO active: 0
		 * PCO phase: 0
	Extended capabilities:
		 * BSS Transition
		 * Interworking
		 * WNM-Notification
		 * TWT Responder Support
	BSS Load:
		 * station count: 0
		 * channel utilisation: 171/255
		 * available admission capacity: 31250 [*32us]
	802.11u Interworking:
		Network Options: 0x0
			Network Type: 0 (Private)
		Venue Group: 2 (Business)
		Venue Type: 8
		HESSID: 24:0b:2a:bf:e7:cc
	802.11u Advertisement:
		Query Response Info: 0x7f
			Query Response Length Limit: 127
			ANQP
	WMM:	 * Parameter version 1
		 * u-APSD
		 * BE: CW 15-1023, AIFSN 3
		 * BK: CW 15-1023, AIFSN 7
		 * VI: CW 7-15, AIFSN 2, TXOP 3008 usec
		 * VO: CW 3-7, AIFSN 2, TXOP 1504 usec
	RM enabled capabilities:
		Capabilities: 0x02 0x00 0x01 0x00 0x00
			Neighbor Report
			AP Channel Report
		Nonoperating Channel Max Measurement Duration: 0
		Measurement Pilot Capability: 0
	AP Channel Report:
		 * operating class: 81
		 * channel(s): 1 2 3 4 5 6 7 8 9 10 11 12 13
	Power constraint: 0 dB
	TPC report: TX power: 22 dBm
	Transmit Power Envelope:
	Country: VN	Environment: Indoor/Outdoor
		Channels [1 - 13] @ 20 dBm
	HE capabilities:
		HE MAC Capabilities (0x00051a081044):
			+HTC HE Supported
			TWT Responder
			BSR
			OM Control
			Maximum A-MPDU Length Exponent: 3
			BQR
			A-MSDU in A-MPDU
			OM Control UL MU Data Disable RX
		HE PHY Capabilities: (0x0020ce926f09af08110c00):
			LDPC Coding in Payload
			NDP with 4x HE-LTF and 3.2us GI
			STBC Tx <= 80MHz
			STBC Rx <= 80MHz
			Full Bandwidth UL MU-MIMO
			Partial Bandwidth UL MU-MIMO
			DCM Max Constellation: 2
			DCM Max Constellation Rx: 2
			SU Beamformer
			SU Beamformee
			MU Beamformer
			Beamformee STS <= 80Mhz: 3
			Beamformee STS > 80Mhz: 3
			Sounding Dimensions <= 80Mhz: 1
			Sounding Dimensions > 80Mhz: 1
			Codebook Size SU Feedback
			Codebook Size MU Feedback
			Triggered SU Beamforming Feedback
			Triggered MU Beamforming Feedback
			Partial Bandwidth Extended Range
			PPE Threshold Present
			Max NC: 1
			HE ER SU PPDU 4x HE-LTF 0.8us GI
			HE ER SU PPDU 1x HE-LTF 0.8us GI
			TX 1024-QAM
			RX 1024-QAM
		PPE Threshold 0xfa 0xff 0xfa 0xff 0x09 0x1c 0x07 
BSS 00:aa:bb:01:23:44(on wlxd0374542d42e)
	TSF: 67561132877 usec (0d, 18:46:01)
	freq: 2442.0
	beacon interval: 100 TUs
	capability: ESS Privacy ShortPreamble ShortSlotTime APSD RadioMeasure (0x1c31)
	signal: -34.00 dBm
	last seen: 3 ms ago
	Information elements from Probe Response frame:
	SSID: VIETTEL_012340
	Supported rates: 1.0* 2.0* 5.5* 11.0* 9.0 18.0 36.0 54.0 
	DS Parameter set: channel 7
	ERP: <no flags>
	Extended supported rates: 6.0 12.0 24.0 48.0 
	RSN:	 * Version: 1
		 * Group cipher: CCMP
		 * Pairwise ciphers: CCMP
		 * Authentication suites: PSK
		 * Capabilities: 1-PTKSA-RC 1-GTKSA-RC (0x0000)
	HT capabilities:
		Capabilities: 0x9ad
			RX LDPC
			HT20
			SM Power Save disabled
			RX HT20 SGI
			TX STBC
			RX STBC 1-stream
			Max AMSDU length: 7935 bytes
			No DSSS/CCK HT40
		Maximum RX AMPDU length 65535 bytes (exponent: 0x003)
		Minimum RX AMPDU time spacing: 2 usec (0x04)
		HT RX MCS rate indexes supported: 0-15
		HT TX MCS rate indexes are undefined
	HT operation:
		 * primary channel: 7
		 * secondary channel offset: no secondary
		 * STA channel width: 20 MHz
		 * RIFS: 0
		 * HT protection: no
		 * non-GF present: 0
		 * OBSS non-GF present: 0
		 * dual beacon: 0
		 * dual CTS protection: 0
		 * STBC beacon: 0
		 * L-SIG TXOP Prot: 0
		 * PCO active: 0
		 * PCO phase: 0
	Extended capabilities:
		 * BSS Transition
		 * Interworking
		 * WNM-Notification
		 * TWT Responder Support
	BSS Load:
		 * station count: 0
		 * channel utilisation: 195/255
		 * available admission capacity: 31250 [*32us]
	802.11u Interworking:
		Network Options: 0x0
			Network Type: 0 (Private)
		Venue Group: 2 (Business)
		Venue Type: 8
		HESSID: 00:aa:bb:01:23:44
	802.11u Advertisement:
		Query Response Info: 0x7f
			Query Response Length Limit: 127
			ANQP
	WMM:	 * Parameter version 1
		 * u-APSD
		 * BE: CW 15-1023, AIFSN 3
		 * BK: CW 15-1023, AIFSN 7
		 * VI: CW 7-15, AIFSN 2, TXOP 3008 usec
		 * VO: CW 3-7, AIFSN 2, TXOP 1504 usec
	RM enabled capabilities:
		Capabilities: 0x02 0x00 0x01 0x00 0x00
			Neighbor Report
			AP Channel Report
		Nonoperating Channel Max Measurement Duration: 0
		Measurement Pilot Capability: 0
	AP Channel Report:
		 * operating class: 81
		 * channel(s): 1 2 3 4 5 6 7 8 9 10 11 12 13
	Power constraint: 0 dB
	TPC report: TX power: 22 dBm
	Transmit Power Envelope:
	Country: VN	Environment: Indoor/Outdoor
		Channels [1 - 13] @ 20 dBm
	HE capabilities:
		HE MAC Capabilities (0x00051a081044):
			+HTC HE Supported
			TWT Responder
			BSR
			OM Control
			Maximum A-MPDU Length Exponent: 3
			BQR
			A-MSDU in A-MPDU
			OM Control UL MU Data Disable RX
		HE PHY Capabilities: (0x0020ce926f09af08110c00):
			LDPC Coding in Payload
			NDP with 4x HE-LTF and 3.2us GI
			STBC Tx <= 80MHz
			STBC Rx <= 80MHz
			Full Bandwidth UL MU-MIMO
			Partial Bandwidth UL MU-MIMO
			DCM Max Constellation: 2
			DCM Max Constellation Rx: 2
			SU Beamformer
			SU Beamformee
			MU Beamformer
			Beamformee STS <= 80Mhz: 3
			Beamformee STS > 80Mhz: 3
			Sounding Dimensions <= 80Mhz: 1
			Sounding Dimensions > 80Mhz: 1
			Codebook Size SU Feedback
			Codebook Size MU Feedback
			Triggered SU Beamforming Feedback
			Triggered MU Beamforming Feedback
			Partial Bandwidth Extended Range
			PPE Threshold Present
			Max NC: 1
			HE ER SU PPDU 4x HE-LTF 0.8us GI
			HE ER SU PPDU 1x HE-LTF 0.8us GI
			TX 1024-QAM
			RX 1024-QAM
		PPE Threshold 0xfa 0xff 0xfa 0xff 0x09 0x1c 0x07 
BSS 24:0b:2a:12:34:54(on wlxd0374542d42e)
	TSF: 62279296680 usec (0d, 17:17:59)
	freq: 2457.0
	beacon interval: 100 TUs
	capability: ESS Privacy ShortPreamble ShortSlotTime APSD RadioMeasure (0x1c31)
	signal: -46.00 dBm
	last seen: 8365 ms ago
	Information elements from Probe Response frame:
	SSID: VIETTEL_123450
	Supported rates: 1.0* 2.0* 5.5* 11.0* 9.0 18.0 36.0 54.0 
	DS Parameter set: channel 10
	ERP: <no flags>
	Extended supported rates: 6.0 12.0 24.0 48.0 
	RSN:	 * Version: 1
		 * Group cipher: CCMP
		 * Pairwise ciphers: CCMP
		 * Authentication suites: PSK
		 * Capabilities: 1-PTKSA-RC 1-GTKSA-RC (0x0000)
	HT capabilities:
		Capabilities: 0x9bd
			RX LDPC
			HT20
			SM Power Save disabled
			RX Greenfield
			RX HT20 SGI
			TX STBC
			RX STBC 1-stream
			Max AMSDU length: 7935 bytes
			No DSSS/CCK HT40
		Maximum RX AMPDU length 65535 bytes (exponent: 0x003)
		Minimum RX AMPDU time spacing: 2 usec (0x04)
		HT RX MCS rate indexes supported: 0-15
		HT TX MCS rate indexes are undefined
	HT operation:
		 * primary channel: 10
		 * secondary channel offset: no secondary
		 * STA channel width: 20 MHz
		 * RIFS: 0
		 * HT protection: no
		 * non-GF present: 0
		 * OBSS non-GF present: 0
		 * dual beacon: 0
		 * dual CTS protection: 0
		 * STBC beacon: 0
		 * L-SIG TXOP Prot: 0
		 * PCO active: 0
		 * PCO phase: 0
	Extended capabilities:
		 * BSS Transition
		 * Interworking
		 * Max Number Of MSDUs In A-MSDU is unlimited
	BSS Load:
		 * station count: 0
		 * channel utilisation: 224/255
		 * available admission capacity: 31250 [*32us]
	WMM:	 * Parameter version 1
		 * u-APSD
		 * BE: CW 15-1023, AIFSN 3
		 * BK: CW 15-1023, AIFSN 7
		 * VI: CW 7-15, AIFSN 2, TXOP 3008 usec
		 * VO: CW 3-7, AIFSN 2, TXOP 1504 usec
	RM enabled capabilities:
		Capabilities: 0x02 0x00 0x01 0x00 0x00
			Neighbor Report
			AP Channel Report
		Nonoperating Channel Max Measurement Duration: 0
		Measurement Pilot Capability: 0
	AP Channel Report:
		 * operating class: 81
		 * channel(s): 1 2 3 4 5 6 7 8 9 10 11 12 13
	Power constraint: 0 dB
	TPC report: TX power: 22 dBm
	Transmit Power Envelope:
	Country: VN	Environment: Indoor/Outdoor
		Channels [1 - 13] @ 20 dBm
	VHT capabilities:
		VHT Capabilities (0x33c97992):
			Max MPDU length: 11454
			Supported Channel Width: neither 160 nor 80+80
			RX LDPC
			TX STBC
			SU Beamformer
			SU Beamformee
			MU Beamformer
			+HTC-VHT
			RX antenna pattern consistency
			TX antenna pattern consistency
		VHT RX MCS set:
			1 streams: MCS 0-8
			2 streams: MCS 0-8
			3 streams: not supported
			4 streams: not supported
			5 streams: not supported
			6 streams: not supported
			7 streams: not supported
			8 streams: not supported
		VHT RX highest supported: 156 Mbps
		VHT TX MCS set:
			1 streams: MCS 0-8
			2 streams: MCS 0-8
			3 streams: not supported
			4 streams: not supported
			5 streams: not supported
			6 streams: not supported
			7 streams: not supported
			8 streams: not supported
		VHT TX highest supported: 156 Mbps
		VHT extended NSS: supported
	VHT operation:
		 * channel width: 0 (20 or 40 MHz)
		 * center freq segment 1: 10
		 * center freq segment 2: 0
		 * VHT basic MCS set: 0xfffc
	HE capabilities:
		HE MAC Capabilities (0x00011a081044):
			+HTC HE Supported
			BSR
			OM Control
			Maximum A-MPDU Length Exponent: 3
			BQR
			A-MSDU in A-MPDU
			OM Control UL MU Data Disable RX
		HE PHY Capabilities: (0x0020ce926f09af08110c00):
			LDPC Coding in Payload
			NDP with 4x HE-LTF and 3.2us GI
			STBC Tx <= 80MHz
			STBC Rx <= 80MHz
			Full Bandwidth UL MU-MIMO
			Partial Bandwidth UL MU-MIMO
			DCM Max Constellation: 2
			DCM Max Constellation Rx: 2
			SU Beamformer
			SU Beamformee
			MU Beamformer
			Beamformee STS <= 80Mhz: 3
			Beamformee STS > 80Mhz: 3
			Sounding Dimensions <= 80Mhz: 1
			Sounding Dimensions > 80Mhz: 1
			Codebook Size SU Feedback
			Codebook Size MU Feedback
			Triggered SU Beamforming Feedback
			Triggered MU Beamforming Feedback
			Partial Bandwidth Extended Range
			PPE Threshold Present
			Max NC: 1
			HE ER SU PPDU 4x HE-LTF 0.8us GI
			HE ER SU PPDU 1x HE-LTF 0.8us GI
			TX 1024-QAM
			RX 1024-QAM
		PPE Threshold 0xfa 0xff 0xfa 0xff 0x09 0x1c 0x07 
BSS 24:0b:2a:bf:e7:dc(on wlxd0374542d42e)
	TSF: 235990365524 usec (2d, 17:33:10)
	freq: 2467.0
	beacon interval: 100 TUs
	capability: ESS Privacy ShortPreamble ShortSlotTime APSD RadioMeasure (0x1c31)
	signal: -36.00 dBm
	last seen: 6 ms ago
	Information elements from Probe Response frame:
	SSID: ONT6_DUYHH2_AGING
	Supported rates: 1.0* 2.0* 5.5* 11.0* 9.0 18.0 36.0 54.0 
	DS Parameter set: channel 12
	ERP: <no flags>
	Extended supported rates: 6.0 12.0 24.0 48.0 
	RSN:	 * Version: 1
		 * Group cipher: CCMP
		 * Pairwise ciphers: CCMP
		 * Authentication suites: PSK
		 * Capabilities: 1-PTKSA-RC 1-GTKSA-RC (0x0000)
	HT capabilities:
		Capabilities: 0x9ad
			RX LDPC
			HT20
			SM Power Save disabled
			RX HT20 SGI
			TX STBC
			RX STBC 1-stream
			Max AMSDU length: 7935 bytes
			No DSSS/CCK HT40
		Maximum RX AMPDU length 65535 bytes (exponent: 0x003)
		Minimum RX AMPDU time spacing: 2 usec (0x04)
		HT RX MCS rate indexes supported: 0-15
		HT TX MCS rate indexes are undefined
	HT operation:
		 * primary channel: 12
		 * secondary channel offset: no secondary
		 * STA channel width: 20 MHz
		 * RIFS: 0
		 * HT protection: no
		 * non-GF present: 0
		 * OBSS non-GF present: 0
		 * dual beacon: 0
		 * dual CTS protection: 0
		 * STBC beacon: 0
		 * L-SIG TXOP Prot: 0
		 * PCO active: 0
		 * PCO phase: 0
	Extended capabilities:
		 * BSS Transition
		 * Interworking
		 * WNM-Notification
		 * TWT Responder Support
	BSS Load:
		 * station count: 0
		 * channel utilisation: 143/255
		 * available admission capacity: 31250 [*32us]
	802.11u Interworking:
		Network Options: 0x0
			Network Type: 0 (Private)
		Venue Group: 2 (Business)
		Venue Type: 8
		HESSID: 24:0b:2a:bf:e7:dc
	802.11u Advertisement:
		Query Response Info: 0x7f
			Query Response Length Limit: 127
			ANQP
	WMM:	 * Parameter version 1
		 * u-APSD
		 * BE: CW 15-1023, AIFSN 3
		 * BK: CW 15-1023, AIFSN 7
		 * VI: CW 7-15, AIFSN 2, TXOP 3008 usec
		 * VO: CW 3-7, AIFSN 2, TXOP 1504 usec
	RM enabled capabilities:
		Capabilities: 0x02 0x00 0x01 0x00 0x00
			Neighbor Report
			AP Channel Report
		Nonoperating Channel Max Measurement Duration: 0
		Measurement Pilot Capability: 0
	AP Channel Report:
		 * operating class: 81
		 * channel(s): 1 2 3 4 5 6 7 8 9 10 11 12 13
	Power constraint: 0 dB
	TPC report: TX power: 22 dBm
	Transmit Power Envelope:
	Country: VN	Environment: Indoor/Outdoor
		Channels [1 - 13] @ 20 dBm
	HE capabilities:
		HE MAC Capabilities (0x00051a081044):
			+HTC HE Supported
			TWT Responder
			BSR
			OM Control
			Maximum A-MPDU Length Exponent: 3
			BQR
			A-MSDU in A-MPDU
			OM Control UL MU Data Disable RX
		HE PHY Capabilities: (0x0020ce926f09af08110c00):
			LDPC Coding in Payload
			NDP with 4x HE-LTF and 3.2us GI
			STBC Tx <= 80MHz
			STBC Rx <= 80MHz
			Full Bandwidth UL MU-MIMO
			Partial Bandwidth UL MU-MIMO
			DCM Max Constellation: 2
			DCM Max Constellation Rx: 2
			SU Beamformer
			SU Beamformee
			MU Beamformer
			Beamformee STS <= 80Mhz: 3
			Beamformee STS > 80Mhz: 3
			Sounding Dimensions <= 80Mhz: 1
			Sounding Dimensions > 80Mhz: 1
			Codebook Size SU Feedback
			Codebook Size MU Feedback
			Triggered SU Beamforming Feedback
			Triggered MU Beamforming Feedback
			Partial Bandwidth Extended Range
			PPE Threshold Present
			Max NC: 1
			HE ER SU PPDU 4x HE-LTF 0.8us GI
			HE ER SU PPDU 1x HE-LTF 0.8us GI
			TX 1024-QAM
			RX 1024-QAM
		PPE Threshold 0xfa 0xff 0xfa 0xff 0x09 0x1c 0x07 
BSS 24:0b:2a:bf:e9:23(on wlxd0374542d42e)
	TSF: 71420191454 usec (0d, 19:50:20)
	freq: 2467.0
	beacon interval: 100 TUs
	capability: ESS Privacy ShortPreamble ShortSlotTime APSD RadioMeasure (0x1c31)
	signal: -25.00 dBm
	last seen: 6 ms ago
	Information elements from Probe Response frame:
	SSID: VIETTEL_AP_BFE922
	Supported rates: 1.0* 2.0* 5.5* 11.0* 9.0 18.0 36.0 54.0 
	DS Parameter set: channel 12
	ERP: <no flags>
	Extended supported rates: 6.0 12.0 24.0 48.0 
	RSN:	 * Version: 1
		 * Group cipher: CCMP
		 * Pairwise ciphers: CCMP
		 * Authentication suites: PSK
		 * Capabilities: 1-PTKSA-RC 1-GTKSA-RC (0x0000)
	HT capabilities:
		Capabilities: 0x9ad
			RX LDPC
			HT20
			SM Power Save disabled
			RX HT20 SGI
			TX STBC
			RX STBC 1-stream
			Max AMSDU length: 7935 bytes
			No DSSS/CCK HT40
		Maximum RX AMPDU length 65535 bytes (exponent: 0x003)
		Minimum RX AMPDU time spacing: 2 usec (0x04)
		HT RX MCS rate indexes supported: 0-15
		HT TX MCS rate indexes are undefined
	HT operation:
		 * primary channel: 12
		 * secondary channel offset: no secondary
		 * STA channel width: 20 MHz
		 * RIFS: 0
		 * HT protection: no
		 * non-GF present: 0
		 * OBSS non-GF present: 0
		 * dual beacon: 0
		 * dual CTS protection: 0
		 * STBC beacon: 0
		 * L-SIG TXOP Prot: 0
		 * PCO active: 0
		 * PCO phase: 0
	Extended capabilities:
		 * BSS Transition
		 * Interworking
		 * TWT Responder Support
		 * 85
	BSS Load:
		 * station count: 0
		 * channel utilisation: 155/255
		 * available admission capacity: 31250 [*32us]
	802.11u Interworking:
		Network Options: 0x0
			Network Type: 0 (Private)
		Venue Group: 2 (Business)
		Venue Type: 8
		HESSID: 00:00:00:00:00:00
	802.11u Advertisement:
		Query Response Info: 0x7f
			Query Response Length Limit: 127
			ANQP
	WMM:	 * Parameter version 1
		 * u-APSD
		 * BE: CW 15-1023, AIFSN 3
		 * BK: CW 15-1023, AIFSN 7
		 * VI: CW 7-15, AIFSN 2, TXOP 3008 usec
		 * VO: CW 3-7, AIFSN 2, TXOP 1504 usec
	RM enabled capabilities:
		Capabilities: 0x02 0x00 0x01 0x00 0x00
			Neighbor Report
			AP Channel Report
		Nonoperating Channel Max Measurement Duration: 0
		Measurement Pilot Capability: 0
	AP Channel Report:
		 * operating class: 81
		 * channel(s): 1 2 3 4 5 6 7 8 9 10 11 12 13
	Power constraint: 0 dB
	TPC report: TX power: 10 dBm
	Transmit Power Envelope:
	Country: VN	Environment: bogus
		Channels [1 - 13] @ 20 dBm
	HE capabilities:
		HE MAC Capabilities (0x00051a081044):
			+HTC HE Supported
			TWT Responder
			BSR
			OM Control
			Maximum A-MPDU Length Exponent: 3
			BQR
			A-MSDU in A-MPDU
			OM Control UL MU Data Disable RX
		HE PHY Capabilities: (0x0020ce926f09af08110c00):
			LDPC Coding in Payload
			NDP with 4x HE-LTF and 3.2us GI
			STBC Tx <= 80MHz
			STBC Rx <= 80MHz
			Full Bandwidth UL MU-MIMO
			Partial Bandwidth UL MU-MIMO
			DCM Max Constellation: 2
			DCM Max Constellation Rx: 2
			SU Beamformer
			SU Beamformee
			MU Beamformer
			Beamformee STS <= 80Mhz: 3
			Beamformee STS > 80Mhz: 3
			Sounding Dimensions <= 80Mhz: 1
			Sounding Dimensions > 80Mhz: 1
			Codebook Size SU Feedback
			Codebook Size MU Feedback
			Triggered SU Beamforming Feedback
			Triggered MU Beamforming Feedback
			Partial Bandwidth Extended Range
			PPE Threshold Present
			Max NC: 1
			HE ER SU PPDU 4x HE-LTF 0.8us GI
			HE ER SU PPDU 1x HE-LTF 0.8us GI
			TX 1024-QAM
			RX 1024-QAM
		PPE Threshold 0xfa 0xff 0xfa 0xff 0x09 0x1c 0x07 
BSS 24:0b:2a:c1:9d:70(on wlxd0374542d42e)
	TSF: 51422414462 usec (0d, 14:17:02)
	freq: 2467.0
	beacon interval: 100 TUs
	capability: ESS Privacy ShortPreamble ShortSlotTime APSD RadioMeasure (0x1c31)
	signal: -43.00 dBm
	last seen: 8038 ms ago
	SSID: VIETTEL_C19D6C
	Supported rates: 1.0* 2.0* 5.5* 11.0* 9.0 18.0 36.0 54.0 
	DS Parameter set: channel 12
	TIM: DTIM Count 0 DTIM Period 1 Bitmap Control 0x0 Bitmap[0] 0x0
	Country: VN	Environment: Indoor/Outdoor
		Channels [1 - 13] @ 30 dBm
	Power constraint: 0 dB
	TPC report: TX power: 22 dBm
	Transmit Power Envelope:
	RM enabled capabilities:
		Capabilities: 0x02 0x00 0x01 0x00 0x00
			Neighbor Report
			AP Channel Report
		Nonoperating Channel Max Measurement Duration: 0
		Measurement Pilot Capability: 0
	AP Channel Report:
		 * operating class: 81
		 * channel(s): 1 2 3 4 5 6 7 8 9 10 11 12 13
	ERP: <no flags>
	Extended supported rates: 6.0 12.0 24.0 48.0 
	RSN:	 * Version: 1
		 * Group cipher: CCMP
		 * Pairwise ciphers: CCMP
		 * Authentication suites: PSK
		 * Capabilities: 1-PTKSA-RC 1-GTKSA-RC (0x0000)
	BSS Load:
		 * station count: 0
		 * channel utilisation: 185/255
		 * available admission capacity: 31250 [*32us]
	802.11u Interworking:
		Network Options: 0x0
			Network Type: 0 (Private)
		Venue Group: 2 (Business)
		Venue Type: 8
		HESSID: 24:0b:2a:c1:9d:70
	802.11u Advertisement:
		Query Response Info: 0x7f
			Query Response Length Limit: 127
			ANQP
	HT capabilities:
		Capabilities: 0x9ad
			RX LDPC
			HT20
			SM Power Save disabled
			RX HT20 SGI
			TX STBC
			RX STBC 1-stream
			Max AMSDU length: 7935 bytes
			No DSSS/CCK HT40
		Maximum RX AMPDU length 65535 bytes (exponent: 0x003)
		Minimum RX AMPDU time spacing: 2 usec (0x04)
		HT RX MCS rate indexes supported: 0-15
		HT TX MCS rate indexes are undefined
	HT operation:
		 * primary channel: 12
		 * secondary channel offset: no secondary
		 * STA channel width: 20 MHz
		 * RIFS: 0
		 * HT protection: no
		 * non-GF present: 1
		 * OBSS non-GF present: 0
		 * dual beacon: 0
		 * dual CTS protection: 0
		 * STBC beacon: 0
		 * L-SIG TXOP Prot: 0
		 * PCO active: 0
		 * PCO phase: 0
	Extended capabilities:
		 * BSS Transition
		 * Interworking
		 * WNM-Notification
		 * TWT Responder Support
	WMM:	 * Parameter version 1
		 * u-APSD
		 * BE: CW 15-1023, AIFSN 3
		 * BK: CW 15-1023, AIFSN 7
		 * VI: CW 7-15, AIFSN 2, TXOP 3008 usec
		 * VO: CW 3-7, AIFSN 2, TXOP 1504 usec
	HE capabilities:
		HE MAC Capabilities (0x00051a081044):
			+HTC HE Supported
			TWT Responder
			BSR
			OM Control
			Maximum A-MPDU Length Exponent: 3
			BQR
			A-MSDU in A-MPDU
			OM Control UL MU Data Disable RX
		HE PHY Capabilities: (0x0020ce926f09af08110c00):
			LDPC Coding in Payload
			NDP with 4x HE-LTF and 3.2us GI
			STBC Tx <= 80MHz
			STBC Rx <= 80MHz
			Full Bandwidth UL MU-MIMO
			Partial Bandwidth UL MU-MIMO
			DCM Max Constellation: 2
			DCM Max Constellation Rx: 2
			SU Beamformer
			SU Beamformee
			MU Beamformer
			Beamformee STS <= 80Mhz: 3
			Beamformee STS > 80Mhz: 3
			Sounding Dimensions <= 80Mhz: 1
			Sounding Dimensions > 80Mhz: 1
			Codebook Size SU Feedback
			Codebook Size MU Feedback
			Triggered SU Beamforming Feedback
			Triggered MU Beamforming Feedback
			Partial Bandwidth Extended Range
			PPE Threshold Present
			Max NC: 1
			HE ER SU PPDU 4x HE-LTF 0.8us GI
			HE ER SU PPDU 1x HE-LTF 0.8us GI
			TX 1024-QAM
			RX 1024-QAM
		PPE Threshold 0xfa 0xff 0xfa 0xff 0x09 0x1c 0x07 
BSS 26:0b:2a:11:b8:dc(on wlxd0374542d42e)
	TSF: 144304196081 usec (1d, 16:05:04)
	freq: 2462.0
	beacon interval: 100 TUs
	capability: ESS Privacy ShortPreamble ShortSlotTime APSD RadioMeasure (0x1c31)
	signal: -35.00 dBm
	last seen: 6 ms ago
	Information elements from Probe Response frame:
	SSID: VIETTEL_GUEST2
	Supported rates: 1.0* 2.0* 5.5* 11.0* 9.0 18.0 36.0 54.0 
	DS Parameter set: channel 11
	ERP: <no flags>
	Extended supported rates: 6.0 12.0 24.0 48.0 
	RSN:	 * Version: 1
		 * Group cipher: CCMP
		 * Pairwise ciphers: CCMP
		 * Authentication suites: PSK
		 * Capabilities: 1-PTKSA-RC 1-GTKSA-RC (0x0000)
	HT capabilities:
		Capabilities: 0x9ad
			RX LDPC
			HT20
			SM Power Save disabled
			RX HT20 SGI
			TX STBC
			RX STBC 1-stream
			Max AMSDU length: 7935 bytes
			No DSSS/CCK HT40
		Maximum RX AMPDU length 65535 bytes (exponent: 0x003)
		Minimum RX AMPDU time spacing: 2 usec (0x04)
		HT RX MCS rate indexes supported: 0-15
		HT TX MCS rate indexes are undefined
	HT operation:
		 * primary channel: 11
		 * secondary channel offset: no secondary
		 * STA channel width: 20 MHz
		 * RIFS: 0
		 * HT protection: no
		 * non-GF present: 0
		 * OBSS non-GF present: 0
		 * dual beacon: 0
		 * dual CTS protection: 0
		 * STBC beacon: 0
		 * L-SIG TXOP Prot: 0
		 * PCO active: 0
		 * PCO phase: 0
	Extended capabilities:
		 * BSS Transition
		 * Interworking
		 * TWT Responder Support
	BSS Load:
		 * station count: 0
		 * channel utilisation: 170/255
		 * available admission capacity: 31250 [*32us]
	WMM:	 * Parameter version 1
		 * u-APSD
		 * BE: CW 15-1023, AIFSN 3
		 * BK: CW 15-1023, AIFSN 7
		 * VI: CW 7-15, AIFSN 2, TXOP 3008 usec
		 * VO: CW 3-7, AIFSN 2, TXOP 1504 usec
	RM enabled capabilities:
		Capabilities: 0x02 0x00 0x01 0x00 0x00
			Neighbor Report
			AP Channel Report
		Nonoperating Channel Max Measurement Duration: 0
		Measurement Pilot Capability: 0
	AP Channel Report:
		 * operating class: 81
		 * channel(s): 1 2 3 4 5 6 7 8 9 10 11 12 13
	Power constraint: 0 dB
	TPC report: TX power: 22 dBm
	Transmit Power Envelope:
	Country: VN	Environment: Indoor/Outdoor
		Channels [1 - 13] @ 20 dBm
	HE capabilities:
		HE MAC Capabilities (0x00051a081044):
			+HTC HE Supported
			TWT Responder
			BSR
			OM Control
			Maximum A-MPDU Length Exponent: 3
			BQR
			A-MSDU in A-MPDU
			OM Control UL MU Data Disable RX
		HE PHY Capabilities: (0x0020ce926f09af08110c00):
			LDPC Coding in Payload
			NDP with 4x HE-LTF and 3.2us GI
			STBC Tx <= 80MHz
			STBC Rx <= 80MHz
			Full Bandwidth UL MU-MIMO
			Partial Bandwidth UL MU-MIMO
			DCM Max Constellation: 2
			DCM Max Constellation Rx: 2
			SU Beamformer
			SU Beamformee
			MU Beamformer
			Beamformee STS <= 80Mhz: 3
			Beamformee STS > 80Mhz: 3
			Sounding Dimensions <= 80Mhz: 1
			Sounding Dimensions > 80Mhz: 1
			Codebook Size SU Feedback
			Codebook Size MU Feedback
			Triggered SU Beamforming Feedback
			Triggered MU Beamforming Feedback
			Partial Bandwidth Extended Range
			PPE Threshold Present
			Max NC: 1
			HE ER SU PPDU 4x HE-LTF 0.8us GI
			HE ER SU PPDU 1x HE-LTF 0.8us GI
			TX 1024-QAM
			RX 1024-QAM
		PPE Threshold 0xfa 0xff 0xfa 0xff 0x09 0x1c 0x07 
BSS 26:0b:2a:cf:e9:23(on wlxd0374542d42e)
	TSF: 71420484551 usec (0d, 19:50:20)
	freq: 5180.0
	beacon interval: 100 TUs
	capability: ESS Privacy ShortPreamble SpectrumMgmt RadioMeasure (0x1131)
	signal: -32.00 dBm
	last seen: 6 ms ago
	Information elements from Probe Response frame:
	SSID: VIETTEL_AP_BFE922
	Supported rates: 6.0* 9.0 12.0* 18.0 24.0* 36.0 48.0 54.0 
	DS Parameter set: channel 36
	ERP: <no flags>
	RSN:	 * Version: 1
		 * Group cipher: CCMP
		 * Pairwise ciphers: CCMP
		 * Authentication suites: PSK
		 * Capabilities: 1-PTKSA-RC 1-GTKSA-RC (0x0000)
	HT capabilities:
		Capabilities: 0x9ef
			RX LDPC
			HT20/HT40
			SM Power Save disabled
			RX HT20 SGI
			RX HT40 SGI
			TX STBC
			RX STBC 1-stream
			Max AMSDU length: 7935 bytes
			No DSSS/CCK HT40
		Maximum RX AMPDU length 65535 bytes (exponent: 0x003)
		Minimum RX AMPDU time spacing: 2 usec (0x04)
		HT RX MCS rate indexes supported: 0-15
		HT TX MCS rate indexes are undefined
	HT operation:
		 * primary channel: 36
		 * secondary channel offset: above
		 * STA channel width: any
		 * RIFS: 0
		 * HT protection: no
		 * non-GF present: 0
		 * OBSS non-GF present: 0
		 * dual beacon: 0
		 * dual CTS protection: 0
		 * STBC beacon: 0
		 * L-SIG TXOP Prot: 0
		 * PCO active: 0
		 * PCO phase: 0
	Extended capabilities:
		 * BSS Transition
		 * Interworking
		 * Operating Mode Notification
		 * TWT Responder Support
		 * 85
		 * Max Number Of MSDUs In A-MSDU is unlimited
	802.11u Interworking:
		Network Options: 0x0
			Network Type: 0 (Private)
		Venue Group: 2 (Business)
		Venue Type: 8
		HESSID: 00:00:00:00:00:00
	802.11u Advertisement:
		Query Response Info: 0x7f
			Query Response Length Limit: 127
			ANQP
	WMM:	 * Parameter version 1
		 * BE: CW 15-1023, AIFSN 3
		 * BK: CW 15-1023, AIFSN 7
		 * VI: CW 7-15, AIFSN 2, TXOP 3008 usec
		 * VO: CW 3-7, AIFSN 2, TXOP 1504 usec
	RM enabled capabilities:
		Capabilities: 0x02 0x00 0x01 0x00 0x00
			Neighbor Report
			AP Channel Report
		Nonoperating Channel Max Measurement Duration: 0
		Measurement Pilot Capability: 0
	AP Channel Report:
		 * operating class: 128
		 * channel(s): 42 58 106 122
	Power constraint: 0 dB
	TPC report: TX power: 17 dBm
	Transmit Power Envelope:
	Country: VN	Environment: bogus
		Channels [42 - 54] @ -1 dBm
	VHT capabilities:
		VHT Capabilities (0x33ca79b2):
			Max MPDU length: 11454
			Supported Channel Width: neither 160 nor 80+80
			RX LDPC
			short GI (80 MHz)
			TX STBC
			SU Beamformer
			SU Beamformee
			MU Beamformer
			+HTC-VHT
			RX antenna pattern consistency
			TX antenna pattern consistency
		VHT RX MCS set:
			1 streams: MCS 0-9
			2 streams: MCS 0-9
			3 streams: not supported
			4 streams: not supported
			5 streams: not supported
			6 streams: not supported
			7 streams: not supported
			8 streams: not supported
		VHT RX highest supported: 780 Mbps
		VHT TX MCS set:
			1 streams: MCS 0-9
			2 streams: MCS 0-9
			3 streams: not supported
			4 streams: not supported
			5 streams: not supported
			6 streams: not supported
			7 streams: not supported
			8 streams: not supported
		VHT TX highest supported: 780 Mbps
		VHT extended NSS: supported
	VHT operation:
		 * channel width: 1 (80 MHz)
		 * center freq segment 1: 42
		 * center freq segment 2: 0
		 * VHT basic MCS set: 0xfffc
	HE capabilities:
		HE MAC Capabilities (0x00051a081044):
			+HTC HE Supported
			TWT Responder
			BSR
			OM Control
			Maximum A-MPDU Length Exponent: 3
			BQR
			A-MSDU in A-MPDU
			OM Control UL MU Data Disable RX
		HE PHY Capabilities: (0x0420ce926f12af10110c00):
			HE40/HE80/5GHz
			LDPC Coding in Payload
			NDP with 4x HE-LTF and 3.2us GI
			STBC Tx <= 80MHz
			STBC Rx <= 80MHz
			Full Bandwidth UL MU-MIMO
			Partial Bandwidth UL MU-MIMO
			DCM Max Constellation: 2
			DCM Max Constellation Rx: 2
			SU Beamformer
			SU Beamformee
			MU Beamformer
			Beamformee STS <= 80Mhz: 3
			Beamformee STS > 80Mhz: 3
			Sounding Dimensions <= 80Mhz: 2
			Sounding Dimensions > 80Mhz: 2
			Codebook Size SU Feedback
			Codebook Size MU Feedback
			Triggered SU Beamforming Feedback
			Triggered MU Beamforming Feedback
			Partial Bandwidth Extended Range
			PPE Threshold Present
			Max NC: 2
			HE ER SU PPDU 4x HE-LTF 0.8us GI
			HE ER SU PPDU 1x HE-LTF 0.8us GI
			TX 1024-QAM
			RX 1024-QAM
		HE RX MCS and NSS set <= 80 MHz
			1 streams: MCS 0-11
			2 streams: MCS 0-11
			3 streams: not supported
			4 streams: not supported
			5 streams: not supported
			6 streams: not supported
			7 streams: not supported
			8 streams: not supported
		HE TX MCS and NSS set <= 80 MHz
			1 streams: MCS 0-11
			2 streams: MCS 0-11
			3 streams: not supported
			4 streams: not supported
			5 streams: not supported
			6 streams: not supported
			7 streams: not supported
			8 streams: not supported
		PPE Threshold 0x39 0x1c 0xc7 0x71 0x1c 0x07 
BSS 24:0b:2a:f3:72:c5(on wlxd0374542d42e)
	TSF: 166639923264 usec (1d, 22:17:19)
	freq: 5200.0
	beacon interval: 100 TUs
	capability: ESS Privacy ShortPreamble SpectrumMgmt APSD RadioMeasure (0x1931)
	signal: -57.00 dBm
	last seen: 7212 ms ago
	SSID: VIETTEL_F372C0
	Supported rates: 6.0* 9.0 12.0* 18.0 24.0* 36.0 48.0 54.0 
	DS Parameter set: channel 40
	TIM: DTIM Count 0 DTIM Period 1 Bitmap Control 0x0 Bitmap[0] 0x0
	Country: VN	Environment: Indoor/Outdoor
		Channels [36 - 64] @ 30 dBm
		Channels [100 - 120] @ 30 dBm
		Channels [149 - 161] @ 30 dBm
	Power constraint: 0 dB
	TPC report: TX power: 22 dBm
	Transmit Power Envelope:
	RM enabled capabilities:
		Capabilities: 0x02 0x00 0x01 0x00 0x00
			Neighbor Report
			AP Channel Report
		Nonoperating Channel Max Measurement Duration: 0
		Measurement Pilot Capability: 0
	AP Channel Report:
		 * operating class: 128
		 * channel(s): 42 58 106 122
	RSN:	 * Version: 1
		 * Group cipher: CCMP
		 * Pairwise ciphers: CCMP
		 * Authentication suites: PSK
		 * Capabilities: 1-PTKSA-RC 1-GTKSA-RC (0x0000)
	BSS Load:
		 * station count: 0
		 * channel utilisation: 53/255
		 * available admission capacity: 31250 [*32us]
	802.11u Interworking:
		Network Options: 0x0
			Network Type: 0 (Private)
		Venue Group: 2 (Business)
		Venue Type: 8
		HESSID: 24:0b:2a:f3:72:c5
	802.11u Advertisement:
		Query Response Info: 0x7f
			Query Response Length Limit: 127
			ANQP
	HT capabilities:
		Capabilities: 0x9ef
			RX LDPC
			HT20/HT40
			SM Power Save disabled
			RX HT20 SGI
			RX HT40 SGI
			TX STBC
			RX STBC 1-stream
			Max AMSDU length: 7935 bytes
			No DSSS/CCK HT40
		Maximum RX AMPDU length 65535 bytes (exponent: 0x003)
		Minimum RX AMPDU time spacing: 4 usec (0x05)
		HT RX MCS rate indexes supported: 0-15
		HT TX MCS rate indexes are undefined
	HT operation:
		 * primary channel: 40
		 * secondary channel offset: below
		 * STA channel width: any
		 * RIFS: 0
		 * HT protection: no
		 * non-GF present: 0
		 * OBSS non-GF present: 0
		 * dual beacon: 0
		 * dual CTS protection: 0
		 * STBC beacon: 0
		 * L-SIG TXOP Prot: 0
		 * PCO active: 0
		 * PCO phase: 0
	VHT capabilities:
		VHT Capabilities (0x33c979b2):
			Max MPDU length: 11454
			Supported Channel Width: neither 160 nor 80+80
			RX LDPC
			short GI (80 MHz)
			TX STBC
			SU Beamformer
			SU Beamformee
			MU Beamformer
			+HTC-VHT
			RX antenna pattern consistency
			TX antenna pattern consistency
		VHT RX MCS set:
			1 streams: MCS 0-9
			2 streams: MCS 0-9
			3 streams: not supported
			4 streams: not supported
			5 streams: not supported
			6 streams: not supported
			7 streams: not supported
			8 streams: not supported
		VHT RX highest supported: 780 Mbps
		VHT TX MCS set:
			1 streams: MCS 0-9
			2 streams: MCS 0-9
			3 streams: not supported
			4 streams: not supported
			5 streams: not supported
			6 streams: not supported
			7 streams: not supported
			8 streams: not supported
		VHT TX highest supported: 780 Mbps
		VHT extended NSS: supported
	VHT operation:
		 * channel width: 1 (80 MHz)
		 * center freq segment 1: 42
		 * center freq segment 2: 0
		 * VHT basic MCS set: 0xfffc
	Extended capabilities:
		 * BSS Transition
		 * Interworking
		 * WNM-Notification
		 * Operating Mode Notification
		 * TWT Responder Support
		 * Max Number Of MSDUs In A-MSDU is unlimited
	WMM:	 * Parameter version 1
		 * u-APSD
		 * BE: CW 15-1023, AIFSN 3
		 * BK: CW 15-1023, AIFSN 7
		 * VI: CW 7-15, AIFSN 2, TXOP 3008 usec
		 * VO: CW 3-7, AIFSN 2, TXOP 1504 usec
	HE capabilities:
		HE MAC Capabilities (0x00051a081044):
			+HTC HE Supported
			TWT Responder
			BSR
			OM Control
			Maximum A-MPDU Length Exponent: 3
			BQR
			A-MSDU in A-MPDU
			OM Control UL MU Data Disable RX
		HE PHY Capabilities: (0x0420ce926f09af08110c00):
			HE40/HE80/5GHz
			LDPC Coding in Payload
			NDP with 4x HE-LTF and 3.2us GI
			STBC Tx <= 80MHz
			STBC Rx <= 80MHz
			Full Bandwidth UL MU-MIMO
			Partial Bandwidth UL MU-MIMO
			DCM Max Constellation: 2
			DCM Max Constellation Rx: 2
			SU Beamformer
			SU Beamformee
			MU Beamformer
			Beamformee STS <= 80Mhz: 3
			Beamformee STS > 80Mhz: 3
			Sounding Dimensions <= 80Mhz: 1
			Sounding Dimensions > 80Mhz: 1
			Codebook Size SU Feedback
			Codebook Size MU Feedback
			Triggered SU Beamforming Feedback
			Triggered MU Beamforming Feedback
			Partial Bandwidth Extended Range
			PPE Threshold Present
			Max NC: 1
			HE ER SU PPDU 4x HE-LTF 0.8us GI
			HE ER SU PPDU 1x HE-LTF 0.8us GI
			TX 1024-QAM
			RX 1024-QAM
		HE RX MCS and NSS set <= 80 MHz
			1 streams: MCS 0-11
			2 streams: MCS 0-11
			3 streams: not supported
			4 streams: not supported
			5 streams: not supported
			6 streams: not supported
			7 streams: not supported
			8 streams: not supported
		HE TX MCS and NSS set <= 80 MHz
			1 streams: MCS 0-11
			2 streams: MCS 0-11
			3 streams: not supported
			4 streams: not supported
			5 streams: not supported
			6 streams: not supported
			7 streams: not supported
			8 streams: not supported
		PPE Threshold 0x39 0x1c 0xc7 0x71 0x1c 0x07 
BSS 26:0b:2a:b3:72:c4(on wlxd0374542d42e)
	TSF: 166639923282 usec (1d, 22:17:19)
	freq: 5200.0
	beacon interval: 100 TUs
	capability: ESS Privacy ShortPreamble SpectrumMgmt APSD RadioMeasure (0x1931)
	signal: -58.00 dBm
	last seen: 7207 ms ago
	Supported rates: 6.0* 9.0 12.0* 18.0 24.0* 36.0 48.0 54.0 
	DS Parameter set: channel 40
	TIM: DTIM Count 0 DTIM Period 1 Bitmap Control 0x0 Bitmap[0] 0x0
	Country: VN	Environment: Indoor/Outdoor
		Channels [36 - 64] @ 30 dBm
		Channels [100 - 120] @ 30 dBm
		Channels [149 - 161] @ 30 dBm
	Power constraint: 0 dB
	TPC report: TX power: 22 dBm
	Transmit Power Envelope:
	RM enabled capabilities:
		Capabilities: 0x02 0x00 0x01 0x00 0x00
			Neighbor Report
			AP Channel Report
		Nonoperating Channel Max Measurement Duration: 0
		Measurement Pilot Capability: 0
	AP Channel Report:
		 * operating class: 128
		 * channel(s): 42 58 106 122
	RSN:	 * Version: 1
		 * Group cipher: CCMP
		 * Pairwise ciphers: CCMP
		 * Authentication suites: PSK SAE
		 * Capabilities: 1-PTKSA-RC 1-GTKSA-RC MFP-capable (0x0080)
		 * 0 PMKIDs
		 * Group mgmt cipher suite: AES-128-CMAC
	BSS Load:
		 * station count: 0
		 * channel utilisation: 53/255
		 * available admission capacity: 31250 [*32us]
	HT capabilities:
		Capabilities: 0x9ef
			RX LDPC
			HT20/HT40
			SM Power Save disabled
			RX HT20 SGI
			RX HT40 SGI
			TX STBC
			RX STBC 1-stream
			Max AMSDU length: 7935 bytes
			No DSSS/CCK HT40
		Maximum RX AMPDU length 65535 bytes (exponent: 0x003)
		Minimum RX AMPDU time spacing: 4 usec (0x05)
		HT RX MCS rate indexes supported: 0-15
		HT TX MCS rate indexes are undefined
	HT operation:
		 * primary channel: 40
		 * secondary channel offset: below
		 * STA channel width: any
		 * RIFS: 0
		 * HT protection: no
		 * non-GF present: 0
		 * OBSS non-GF present: 0
		 * dual beacon: 0
		 * dual CTS protection: 0
		 * STBC beacon: 0
		 * L-SIG TXOP Prot: 0
		 * PCO active: 0
		 * PCO phase: 0
	VHT capabilities:
		VHT Capabilities (0x33c979b2):
			Max MPDU length: 11454
			Supported Channel Width: neither 160 nor 80+80
			RX LDPC
			short GI (80 MHz)
			TX STBC
			SU Beamformer
			SU Beamformee
			MU Beamformer
			+HTC-VHT
			RX antenna pattern consistency
			TX antenna pattern consistency
		VHT RX MCS set:
			1 streams: MCS 0-9
			2 streams: MCS 0-9
			3 streams: not supported
			4 streams: not supported
			5 streams: not supported
			6 streams: not supported
			7 streams: not supported
			8 streams: not supported
		VHT RX highest supported: 780 Mbps
		VHT TX MCS set:
			1 streams: MCS 0-9
			2 streams: MCS 0-9
			3 streams: not supported
			4 streams: not supported
			5 streams: not supported
			6 streams: not supported
			7 streams: not supported
			8 streams: not supported
		VHT TX highest supported: 780 Mbps
		VHT extended NSS: supported
	VHT operation:
		 * channel width: 1 (80 MHz)
		 * center freq segment 1: 42
		 * center freq segment 2: 0
		 * VHT basic MCS set: 0xfffc
	Extended capabilities:
		 * BSS Transition
		 * Interworking
		 * Operating Mode Notification
		 * TWT Responder Support
		 * Max Number Of MSDUs In A-MSDU is unlimited
	WMM:	 * Parameter version 1
		 * u-APSD
		 * BE: CW 15-1023, AIFSN 3
		 * BK: CW 15-1023, AIFSN 7
		 * VI: CW 7-15, AIFSN 2, TXOP 3008 usec
		 * VO: CW 3-7, AIFSN 2, TXOP 1504 usec
	HE capabilities:
		HE MAC Capabilities (0x00051a081044):
			+HTC HE Supported
			TWT Responder
			BSR
			OM Control
			Maximum A-MPDU Length Exponent: 3
			BQR
			A-MSDU in A-MPDU
			OM Control UL MU Data Disable RX
		HE PHY Capabilities: (0x0420ce926f09af08110c00):
			HE40/HE80/5GHz
			LDPC Coding in Payload
			NDP with 4x HE-LTF and 3.2us GI
			STBC Tx <= 80MHz
			STBC Rx <= 80MHz
			Full Bandwidth UL MU-MIMO
			Partial Bandwidth UL MU-MIMO
			DCM Max Constellation: 2
			DCM Max Constellation Rx: 2
			SU Beamformer
			SU Beamformee
			MU Beamformer
			Beamformee STS <= 80Mhz: 3
			Beamformee STS > 80Mhz: 3
			Sounding Dimensions <= 80Mhz: 1
			Sounding Dimensions > 80Mhz: 1
			Codebook Size SU Feedback
			Codebook Size MU Feedback
			Triggered SU Beamforming Feedback
			Triggered MU Beamforming Feedback
			Partial Bandwidth Extended Range
			PPE Threshold Present
			Max NC: 1
			HE ER SU PPDU 4x HE-LTF 0.8us GI
			HE ER SU PPDU 1x HE-LTF 0.8us GI
			TX 1024-QAM
			RX 1024-QAM
		HE RX MCS and NSS set <= 80 MHz
			1 streams: MCS 0-11
			2 streams: MCS 0-11
			3 streams: not supported
			4 streams: not supported
			5 streams: not supported
			6 streams: not supported
			7 streams: not supported
			8 streams: not supported
		HE TX MCS and NSS set <= 80 MHz
			1 streams: MCS 0-11
			2 streams: MCS 0-11
			3 streams: not supported
			4 streams: not supported
			5 streams: not supported
			6 streams: not supported
			7 streams: not supported
			8 streams: not supported
		PPE Threshold 0x39 0x1c 0xc7 0x71 0x1c 0x07 
BSS 26:0b:2a:af:e8:5c(on wlxd0374542d42e)
	TSF: 235996558882 usec (2d, 17:33:16)
	freq: 5200.0
	beacon interval: 100 TUs
	capability: ESS Privacy ShortPreamble SpectrumMgmt APSD RadioMeasure (0x1931)
	signal: -42.00 dBm
	last seen: 6 ms ago
	Information elements from Probe Response frame:
	SSID: VIETTEL_14654646888
	Supported rates: 6.0* 9.0 12.0* 18.0 24.0* 36.0 48.0 54.0 
	DS Parameter set: channel 40
	ERP: <no flags>
	RSN:	 * Version: 1
		 * Group cipher: CCMP
		 * Pairwise ciphers: CCMP
		 * Authentication suites: PSK
		 * Capabilities: 1-PTKSA-RC 1-GTKSA-RC (0x0000)
	HT capabilities:
		Capabilities: 0x9ef
			RX LDPC
			HT20/HT40
			SM Power Save disabled
			RX HT20 SGI
			RX HT40 SGI
			TX STBC
			RX STBC 1-stream
			Max AMSDU length: 7935 bytes
			No DSSS/CCK HT40
		Maximum RX AMPDU length 65535 bytes (exponent: 0x003)
		Minimum RX AMPDU time spacing: 4 usec (0x05)
		HT RX MCS rate indexes supported: 0-15
		HT TX MCS rate indexes are undefined
	HT operation:
		 * primary channel: 40
		 * secondary channel offset: below
		 * STA channel width: any
		 * RIFS: 0
		 * HT protection: no
		 * non-GF present: 1
		 * OBSS non-GF present: 0
		 * dual beacon: 0
		 * dual CTS protection: 0
		 * STBC beacon: 0
		 * L-SIG TXOP Prot: 0
		 * PCO active: 0
		 * PCO phase: 0
	Extended capabilities:
		 * BSS Transition
		 * Interworking
		 * Operating Mode Notification
		 * TWT Responder Support
		 * Max Number Of MSDUs In A-MSDU is unlimited
	BSS Load:
		 * station count: 0
		 * channel utilisation: 35/255
		 * available admission capacity: 31250 [*32us]
	WMM:	 * Parameter version 1
		 * u-APSD
		 * BE: CW 15-1023, AIFSN 3
		 * BK: CW 15-1023, AIFSN 7
		 * VI: CW 7-15, AIFSN 2, TXOP 3008 usec
		 * VO: CW 3-7, AIFSN 2, TXOP 1504 usec
	RM enabled capabilities:
		Capabilities: 0x02 0x00 0x01 0x00 0x00
			Neighbor Report
			AP Channel Report
		Nonoperating Channel Max Measurement Duration: 0
		Measurement Pilot Capability: 0
	AP Channel Report:
		 * operating class: 128
		 * channel(s): 42 58 106 122
	Power constraint: 0 dB
	TPC report: TX power: 22 dBm
	Transmit Power Envelope:
	Country: VN	Environment: Indoor/Outdoor
		Channels [42 - 54] @ -1 dBm
	VHT capabilities:
		VHT Capabilities (0x33c979b2):
			Max MPDU length: 11454
			Supported Channel Width: neither 160 nor 80+80
			RX LDPC
			short GI (80 MHz)
			TX STBC
			SU Beamformer
			SU Beamformee
			MU Beamformer
			+HTC-VHT
			RX antenna pattern consistency
			TX antenna pattern consistency
		VHT RX MCS set:
			1 streams: MCS 0-9
			2 streams: MCS 0-9
			3 streams: not supported
			4 streams: not supported
			5 streams: not supported
			6 streams: not supported
			7 streams: not supported
			8 streams: not supported
		VHT RX highest supported: 780 Mbps
		VHT TX MCS set:
			1 streams: MCS 0-9
			2 streams: MCS 0-9
			3 streams: not supported
			4 streams: not supported
			5 streams: not supported
			6 streams: not supported
			7 streams: not supported
			8 streams: not supported
		VHT TX highest supported: 780 Mbps
		VHT extended NSS: supported
	VHT operation:
		 * channel width: 1 (80 MHz)
		 * center freq segment 1: 42
		 * center freq segment 2: 0
		 * VHT basic MCS set: 0xfffc
	HE capabilities:
		HE MAC Capabilities (0x00051a081044):
			+HTC HE Supported
			TWT Responder
			BSR
			OM Control
			Maximum A-MPDU Length Exponent: 3
			BQR
			A-MSDU in A-MPDU
			OM Control UL MU Data Disable RX
		HE PHY Capabilities: (0x0420ce926f09af08110c00):
			HE40/HE80/5GHz
			LDPC Coding in Payload
			NDP with 4x HE-LTF and 3.2us GI
			STBC Tx <= 80MHz
			STBC Rx <= 80MHz
			Full Bandwidth UL MU-MIMO
			Partial Bandwidth UL MU-MIMO
			DCM Max Constellation: 2
			DCM Max Constellation Rx: 2
			SU Beamformer
			SU Beamformee
			MU Beamformer
			Beamformee STS <= 80Mhz: 3
			Beamformee STS > 80Mhz: 3
			Sounding Dimensions <= 80Mhz: 1
			Sounding Dimensions > 80Mhz: 1
			Codebook Size SU Feedback
			Codebook Size MU Feedback
			Triggered SU Beamforming Feedback
			Triggered MU Beamforming Feedback
			Partial Bandwidth Extended Range
			PPE Threshold Present
			Max NC: 1
			HE ER SU PPDU 4x HE-LTF 0.8us GI
			HE ER SU PPDU 1x HE-LTF 0.8us GI
			TX 1024-QAM
			RX 1024-QAM
		HE RX MCS and NSS set <= 80 MHz
			1 streams: MCS 0-11
			2 streams: MCS 0-11
			3 streams: not supported
			4 streams: not supported
			5 streams: not supported
			6 streams: not supported
			7 streams: not supported
			8 streams: not supported
		HE TX MCS and NSS set <= 80 MHz
			1 streams: MCS 0-11
			2 streams: MCS 0-11
			3 streams: not supported
			4 streams: not supported
			5 streams: not supported
			6 streams: not supported
			7 streams: not supported
			8 streams: not supported
		PPE Threshold 0x39 0x1c 0xc7 0x71 0x1c 0x07 
BSS 26:0b:2a:bf:e8:5c(on wlxd0374542d42e)
	TSF: 235996569675 usec (2d, 17:33:16)
	freq: 5200.0
	beacon interval: 100 TUs
	capability: ESS Privacy ShortPreamble SpectrumMgmt APSD RadioMeasure (0x1931)
	signal: -43.00 dBm
	last seen: 7162 ms ago
	Supported rates: 6.0* 9.0 12.0* 18.0 24.0* 36.0 48.0 54.0 
	DS Parameter set: channel 40
	TIM: DTIM Count 0 DTIM Period 1 Bitmap Control 0x0 Bitmap[0] 0x0
	Country: VN	Environment: Indoor/Outdoor
		Channels [36 - 64] @ 30 dBm
		Channels [100 - 120] @ 30 dBm
		Channels [149 - 161] @ 30 dBm
	Power constraint: 0 dB
	TPC report: TX power: 22 dBm
	Transmit Power Envelope:
	RM enabled capabilities:
		Capabilities: 0x02 0x00 0x01 0x00 0x00
			Neighbor Report
			AP Channel Report
		Nonoperating Channel Max Measurement Duration: 0
		Measurement Pilot Capability: 0
	AP Channel Report:
		 * operating class: 128
		 * channel(s): 42 58 106 122
	RSN:	 * Version: 1
		 * Group cipher: CCMP
		 * Pairwise ciphers: CCMP
		 * Authentication suites: PSK SAE
		 * Capabilities: 1-PTKSA-RC 1-GTKSA-RC MFP-capable (0x0080)
		 * 0 PMKIDs
		 * Group mgmt cipher suite: AES-128-CMAC
	BSS Load:
		 * station count: 2
		 * channel utilisation: 35/255
		 * available admission capacity: 31250 [*32us]
	HT capabilities:
		Capabilities: 0x9ef
			RX LDPC
			HT20/HT40
			SM Power Save disabled
			RX HT20 SGI
			RX HT40 SGI
			TX STBC
			RX STBC 1-stream
			Max AMSDU length: 7935 bytes
			No DSSS/CCK HT40
		Maximum RX AMPDU length 65535 bytes (exponent: 0x003)
		Minimum RX AMPDU time spacing: 4 usec (0x05)
		HT RX MCS rate indexes supported: 0-15
		HT TX MCS rate indexes are undefined
	HT operation:
		 * primary channel: 40
		 * secondary channel offset: below
		 * STA channel width: any
		 * RIFS: 0
		 * HT protection: no
		 * non-GF present: 1
		 * OBSS non-GF present: 0
		 * dual beacon: 0
		 * dual CTS protection: 0
		 * STBC beacon: 0
		 * L-SIG TXOP Prot: 0
		 * PCO active: 0
		 * PCO phase: 0
	VHT capabilities:
		VHT Capabilities (0x33c979b2):
			Max MPDU length: 11454
			Supported Channel Width: neither 160 nor 80+80
			RX LDPC
			short GI (80 MHz)
			TX STBC
			SU Beamformer
			SU Beamformee
			MU Beamformer
			+HTC-VHT
			RX antenna pattern consistency
			TX antenna pattern consistency
		VHT RX MCS set:
			1 streams: MCS 0-9
			2 streams: MCS 0-9
			3 streams: not supported
			4 streams: not supported
			5 streams: not supported
			6 streams: not supported
			7 streams: not supported
			8 streams: not supported
		VHT RX highest supported: 780 Mbps
		VHT TX MCS set:
			1 streams: MCS 0-9
			2 streams: MCS 0-9
			3 streams: not supported
			4 streams: not supported
			5 streams: not supported
			6 streams: not supported
			7 streams: not supported
			8 streams: not supported
		VHT TX highest supported: 780 Mbps
		VHT extended NSS: supported
	VHT operation:
		 * channel width: 1 (80 MHz)
		 * center freq segment 1: 42
		 * center freq segment 2: 0
		 * VHT basic MCS set: 0xfffc
	Extended capabilities:
		 * BSS Transition
		 * Interworking
		 * Operating Mode Notification
		 * TWT Responder Support
		 * Max Number Of MSDUs In A-MSDU is unlimited
	WMM:	 * Parameter version 1
		 * u-APSD
		 * BE: CW 15-1023, AIFSN 3
		 * BK: CW 15-1023, AIFSN 7
		 * VI: CW 7-15, AIFSN 2, TXOP 3008 usec
		 * VO: CW 3-7, AIFSN 2, TXOP 1504 usec
	HE capabilities:
		HE MAC Capabilities (0x00051a081044):
			+HTC HE Supported
			TWT Responder
			BSR
			OM Control
			Maximum A-MPDU Length Exponent: 3
			BQR
			A-MSDU in A-MPDU
			OM Control UL MU Data Disable RX
		HE PHY Capabilities: (0x0420ce926f09af08110c00):
			HE40/HE80/5GHz
			LDPC Coding in Payload
			NDP with 4x HE-LTF and 3.2us GI
			STBC Tx <= 80MHz
			STBC Rx <= 80MHz
			Full Bandwidth UL MU-MIMO
			Partial Bandwidth UL MU-MIMO
			DCM Max Constellation: 2
			DCM Max Constellation Rx: 2
			SU Beamformer
			SU Beamformee
			MU Beamformer
			Beamformee STS <= 80Mhz: 3
			Beamformee STS > 80Mhz: 3
			Sounding Dimensions <= 80Mhz: 1
			Sounding Dimensions > 80Mhz: 1
			Codebook Size SU Feedback
			Codebook Size MU Feedback
			Triggered SU Beamforming Feedback
			Triggered MU Beamforming Feedback
			Partial Bandwidth Extended Range
			PPE Threshold Present
			Max NC: 1
			HE ER SU PPDU 4x HE-LTF 0.8us GI
			HE ER SU PPDU 1x HE-LTF 0.8us GI
			TX 1024-QAM
			RX 1024-QAM
		HE RX MCS and NSS set <= 80 MHz
			1 streams: MCS 0-11
			2 streams: MCS 0-11
			3 streams: not supported
			4 streams: not supported
			5 streams: not supported
			6 streams: not supported
			7 streams: not supported
			8 streams: not supported
		HE TX MCS and NSS set <= 80 MHz
			1 streams: MCS 0-11
			2 streams: MCS 0-11
			3 streams: not supported
			4 streams: not supported
			5 streams: not supported
			6 streams: not supported
			7 streams: not supported
			8 streams: not supported
		PPE Threshold 0x39 0x1c 0xc7 0x71 0x1c 0x07 
BSS 24:0b:2a:25:12:9d(on wlxd0374542d42e)
	TSF: 55363264129 usec (0d, 15:22:43)
	freq: 5220.0
	beacon interval: 100 TUs
	capability: ESS Privacy ShortPreamble SpectrumMgmt APSD RadioMeasure (0x1931)
	signal: -37.00 dBm
	last seen: 6 ms ago
	Information elements from Probe Response frame:
	SSID: VIETTEL_251298
	Supported rates: 6.0* 9.0 12.0* 18.0 24.0* 36.0 48.0 54.0 
	DS Parameter set: channel 44
	ERP: <no flags>
	RSN:	 * Version: 1
		 * Group cipher: CCMP
		 * Pairwise ciphers: CCMP
		 * Authentication suites: PSK
		 * Capabilities: 1-PTKSA-RC 1-GTKSA-RC (0x0000)
	HT capabilities:
		Capabilities: 0x9ef
			RX LDPC
			HT20/HT40
			SM Power Save disabled
			RX HT20 SGI
			RX HT40 SGI
			TX STBC
			RX STBC 1-stream
			Max AMSDU length: 7935 bytes
			No DSSS/CCK HT40
		Maximum RX AMPDU length 65535 bytes (exponent: 0x003)
		Minimum RX AMPDU time spacing: 4 usec (0x05)
		HT RX MCS rate indexes supported: 0-15
		HT TX MCS rate indexes are undefined
	HT operation:
		 * primary channel: 44
		 * secondary channel offset: above
		 * STA channel width: any
		 * RIFS: 0
		 * HT protection: no
		 * non-GF present: 0
		 * OBSS non-GF present: 0
		 * dual beacon: 0
		 * dual CTS protection: 0
		 * STBC beacon: 0
		 * L-SIG TXOP Prot: 0
		 * PCO active: 0
		 * PCO phase: 0
	Extended capabilities:
		 * BSS Transition
		 * Interworking
		 * Operating Mode Notification
		 * Max Number Of MSDUs In A-MSDU is unlimited
	BSS Load:
		 * station count: 0
		 * channel utilisation: 25/255
		 * available admission capacity: 31250 [*32us]
	WMM:	 * Parameter version 1
		 * u-APSD
		 * BE: CW 15-1023, AIFSN 3
		 * BK: CW 15-1023, AIFSN 7
		 * VI: CW 7-15, AIFSN 2, TXOP 3008 usec
		 * VO: CW 3-7, AIFSN 2, TXOP 1504 usec
	RM enabled capabilities:
		Capabilities: 0x02 0x00 0x01 0x00 0x00
			Neighbor Report
			AP Channel Report
		Nonoperating Channel Max Measurement Duration: 0
		Measurement Pilot Capability: 0
	AP Channel Report:
		 * operating class: 128
		 * channel(s): 42 58 106 122
	Power constraint: 0 dB
	TPC report: TX power: 22 dBm
	Transmit Power Envelope:
	Country: VN	Environment: Indoor/Outdoor
		Channels [42 - 54] @ -1 dBm
	VHT capabilities:
		VHT Capabilities (0x33ca79b2):
			Max MPDU length: 11454
			Supported Channel Width: neither 160 nor 80+80
			RX LDPC
			short GI (80 MHz)
			TX STBC
			SU Beamformer
			SU Beamformee
			MU Beamformer
			+HTC-VHT
			RX antenna pattern consistency
			TX antenna pattern consistency
		VHT RX MCS set:
			1 streams: MCS 0-9
			2 streams: MCS 0-9
			3 streams: not supported
			4 streams: not supported
			5 streams: not supported
			6 streams: not supported
			7 streams: not supported
			8 streams: not supported
		VHT RX highest supported: 780 Mbps
		VHT TX MCS set:
			1 streams: MCS 0-9
			2 streams: MCS 0-9
			3 streams: not supported
			4 streams: not supported
			5 streams: not supported
			6 streams: not supported
			7 streams: not supported
			8 streams: not supported
		VHT TX highest supported: 780 Mbps
		VHT extended NSS: supported
	VHT operation:
		 * channel width: 1 (80 MHz)
		 * center freq segment 1: 42
		 * center freq segment 2: 0
		 * VHT basic MCS set: 0xfffc
	HE capabilities:
		HE MAC Capabilities (0x00011a081044):
			+HTC HE Supported
			BSR
			OM Control
			Maximum A-MPDU Length Exponent: 3
			BQR
			A-MSDU in A-MPDU
			OM Control UL MU Data Disable RX
		HE PHY Capabilities: (0x0420ce926f12af10110c00):
			HE40/HE80/5GHz
			LDPC Coding in Payload
			NDP with 4x HE-LTF and 3.2us GI
			STBC Tx <= 80MHz
			STBC Rx <= 80MHz
			Full Bandwidth UL MU-MIMO
			Partial Bandwidth UL MU-MIMO
			DCM Max Constellation: 2
			DCM Max Constellation Rx: 2
			SU Beamformer
			SU Beamformee
			MU Beamformer
			Beamformee STS <= 80Mhz: 3
			Beamformee STS > 80Mhz: 3
			Sounding Dimensions <= 80Mhz: 2
			Sounding Dimensions > 80Mhz: 2
			Codebook Size SU Feedback
			Codebook Size MU Feedback
			Triggered SU Beamforming Feedback
			Triggered MU Beamforming Feedback
			Partial Bandwidth Extended Range
			PPE Threshold Present
			Max NC: 2
			HE ER SU PPDU 4x HE-LTF 0.8us GI
			HE ER SU PPDU 1x HE-LTF 0.8us GI
			TX 1024-QAM
			RX 1024-QAM
		HE RX MCS and NSS set <= 80 MHz
			1 streams: MCS 0-11
			2 streams: MCS 0-11
			3 streams: not supported
			4 streams: not supported
			5 streams: not supported
			6 streams: not supported
			7 streams: not supported
			8 streams: not supported
		HE TX MCS and NSS set <= 80 MHz
			1 streams: MCS 0-11
			2 streams: MCS 0-11
			3 streams: not supported
			4 streams: not supported
			5 streams: not supported
			6 streams: not supported
			7 streams: not supported
			8 streams: not supported
		PPE Threshold 0x39 0x1c 0xc7 0x71 0x1c 0x07 
BSS 02:0c:43:46:60:f0(on wlxd0374542d42e)
	TSF: 141425847700 usec (1d, 15:17:05)
	freq: 5220.0
	beacon interval: 100 TUs
	capability: ESS Privacy ShortPreamble SpectrumMgmt RadioMeasure (0x1131)
	signal: -36.00 dBm
	last seen: 6 ms ago
	Information elements from Probe Response frame:
	SSID: VIETTEL_AP_199803
	Supported rates: 6.0* 9.0 12.0* 18.0 24.0* 36.0 48.0 54.0 
	DS Parameter set: channel 44
	ERP: <no flags>
	RSN:	 * Version: 1
		 * Group cipher: CCMP
		 * Pairwise ciphers: CCMP
		 * Authentication suites: PSK
		 * Capabilities: 1-PTKSA-RC 1-GTKSA-RC (0x0000)
	HT capabilities:
		Capabilities: 0x9ef
			RX LDPC
			HT20/HT40
			SM Power Save disabled
			RX HT20 SGI
			RX HT40 SGI
			TX STBC
			RX STBC 1-stream
			Max AMSDU length: 7935 bytes
			No DSSS/CCK HT40
		Maximum RX AMPDU length 65535 bytes (exponent: 0x003)
		Minimum RX AMPDU time spacing: 2 usec (0x04)
		HT RX MCS rate indexes supported: 0-15
		HT TX MCS rate indexes are undefined
	HT operation:
		 * primary channel: 44
		 * secondary channel offset: above
		 * STA channel width: any
		 * RIFS: 0
		 * HT protection: no
		 * non-GF present: 0
		 * OBSS non-GF present: 0
		 * dual beacon: 0
		 * dual CTS protection: 0
		 * STBC beacon: 0
		 * L-SIG TXOP Prot: 0
		 * PCO active: 0
		 * PCO phase: 0
	Extended capabilities:
		 * BSS Transition
		 * Interworking
		 * Operating Mode Notification
		 * TWT Responder Support
		 * 85
		 * Max Number Of MSDUs In A-MSDU is unlimited
	802.11u Interworking:
		Network Options: 0x0
			Network Type: 0 (Private)
		Venue Group: 2 (Business)
		Venue Type: 8
		HESSID: 00:00:00:00:00:00
	802.11u Advertisement:
		Query Response Info: 0x7f
			Query Response Length Limit: 127
			ANQP
	WMM:	 * Parameter version 1
		 * BE: CW 15-1023, AIFSN 3
		 * BK: CW 15-1023, AIFSN 7
		 * VI: CW 7-15, AIFSN 2, TXOP 3008 usec
		 * VO: CW 3-7, AIFSN 2, TXOP 1504 usec
	RM enabled capabilities:
		Capabilities: 0x02 0x00 0x01 0x00 0x00
			Neighbor Report
			AP Channel Report
		Nonoperating Channel Max Measurement Duration: 0
		Measurement Pilot Capability: 0
	AP Channel Report:
		 * operating class: 128
		 * channel(s): 42 58 106 122
	Power constraint: 0 dB
	TPC report: TX power: 19 dBm
	Transmit Power Envelope:
	Country: VN	Environment: bogus
		Channels [42 - 54] @ -1 dBm
	VHT capabilities:
		VHT Capabilities (0x33ca79b2):
			Max MPDU length: 11454
			Supported Channel Width: neither 160 nor 80+80
			RX LDPC
			short GI (80 MHz)
			TX STBC
			SU Beamformer
			SU Beamformee
			MU Beamformer
			+HTC-VHT
			RX antenna pattern consistency
			TX antenna pattern consistency
		VHT RX MCS set:
			1 streams: MCS 0-9
			2 streams: MCS 0-9
			3 streams: not supported
			4 streams: not supported
			5 streams: not supported
			6 streams: not supported
			7 streams: not supported
			8 streams: not supported
		VHT RX highest supported: 780 Mbps
		VHT TX MCS set:
			1 streams: MCS 0-9
			2 streams: MCS 0-9
			3 streams: not supported
			4 streams: not supported
			5 streams: not supported
			6 streams: not supported
			7 streams: not supported
			8 streams: not supported
		VHT TX highest supported: 780 Mbps
		VHT extended NSS: supported
	VHT operation:
		 * channel width: 1 (80 MHz)
		 * center freq segment 1: 42
		 * center freq segment 2: 0
		 * VHT basic MCS set: 0xfffc
	HE capabilities:
		HE MAC Capabilities (0x00051a081044):
			+HTC HE Supported
			TWT Responder
			BSR
			OM Control
			Maximum A-MPDU Length Exponent: 3
			BQR
			A-MSDU in A-MPDU
			OM Control UL MU Data Disable RX
		HE PHY Capabilities: (0x0420ce926f12af10110c00):
			HE40/HE80/5GHz
			LDPC Coding in Payload
			NDP with 4x HE-LTF and 3.2us GI
			STBC Tx <= 80MHz
			STBC Rx <= 80MHz
			Full Bandwidth UL MU-MIMO
			Partial Bandwidth UL MU-MIMO
			DCM Max Constellation: 2
			DCM Max Constellation Rx: 2
			SU Beamformer
			SU Beamformee
			MU Beamformer
			Beamformee STS <= 80Mhz: 3
			Beamformee STS > 80Mhz: 3
			Sounding Dimensions <= 80Mhz: 2
			Sounding Dimensions > 80Mhz: 2
			Codebook Size SU Feedback
			Codebook Size MU Feedback
			Triggered SU Beamforming Feedback
			Triggered MU Beamforming Feedback
			Partial Bandwidth Extended Range
			PPE Threshold Present
			Max NC: 2
			HE ER SU PPDU 4x HE-LTF 0.8us GI
			HE ER SU PPDU 1x HE-LTF 0.8us GI
			TX 1024-QAM
			RX 1024-QAM
		HE RX MCS and NSS set <= 80 MHz
			1 streams: MCS 0-11
			2 streams: MCS 0-11
			3 streams: not supported
			4 streams: not supported
			5 streams: not supported
			6 streams: not supported
			7 streams: not supported
			8 streams: not supported
		HE TX MCS and NSS set <= 80 MHz
			1 streams: MCS 0-11
			2 streams: MCS 0-11
			3 streams: not supported
			4 streams: not supported
			5 streams: not supported
			6 streams: not supported
			7 streams: not supported
			8 streams: not supported
		PPE Threshold 0x39 0x1c 0xc7 0x71 0x1c 0x07 
BSS 24:0b:2a:bf:e7:cd(on wlxd0374542d42e)
	TSF: 235993257147 usec (2d, 17:33:13)
	freq: 5220.0
	beacon interval: 100 TUs
	capability: ESS Privacy ShortPreamble SpectrumMgmt APSD RadioMeasure (0x1931)
	signal: -31.00 dBm
	last seen: 6 ms ago
	Information elements from Probe Response frame:
	SSID: VIETTEL_BFE7C8
	Supported rates: 6.0* 9.0 12.0* 18.0 24.0* 36.0 48.0 54.0 
	DS Parameter set: channel 44
	ERP: <no flags>
	RSN:	 * Version: 1
		 * Group cipher: CCMP
		 * Pairwise ciphers: CCMP
		 * Authentication suites: PSK
		 * Capabilities: 1-PTKSA-RC 1-GTKSA-RC (0x0000)
	HT capabilities:
		Capabilities: 0x9ef
			RX LDPC
			HT20/HT40
			SM Power Save disabled
			RX HT20 SGI
			RX HT40 SGI
			TX STBC
			RX STBC 1-stream
			Max AMSDU length: 7935 bytes
			No DSSS/CCK HT40
		Maximum RX AMPDU length 65535 bytes (exponent: 0x003)
		Minimum RX AMPDU time spacing: 4 usec (0x05)
		HT RX MCS rate indexes supported: 0-15
		HT TX MCS rate indexes are undefined
	HT operation:
		 * primary channel: 44
		 * secondary channel offset: above
		 * STA channel width: any
		 * RIFS: 0
		 * HT protection: no
		 * non-GF present: 0
		 * OBSS non-GF present: 0
		 * dual beacon: 0
		 * dual CTS protection: 0
		 * STBC beacon: 0
		 * L-SIG TXOP Prot: 0
		 * PCO active: 0
		 * PCO phase: 0
	Extended capabilities:
		 * BSS Transition
		 * Interworking
		 * WNM-Notification
		 * Operating Mode Notification
		 * TWT Responder Support
		 * Max Number Of MSDUs In A-MSDU is unlimited
	BSS Load:
		 * station count: 0
		 * channel utilisation: 26/255
		 * available admission capacity: 31250 [*32us]
	802.11u Interworking:
		Network Options: 0x0
			Network Type: 0 (Private)
		Venue Group: 2 (Business)
		Venue Type: 8
		HESSID: 24:0b:2a:bf:e7:cd
	802.11u Advertisement:
		Query Response Info: 0x7f
			Query Response Length Limit: 127
			ANQP
	WMM:	 * Parameter version 1
		 * u-APSD
		 * BE: CW 15-1023, AIFSN 3
		 * BK: CW 15-1023, AIFSN 7
		 * VI: CW 7-15, AIFSN 2, TXOP 3008 usec
		 * VO: CW 3-7, AIFSN 2, TXOP 1504 usec
	RM enabled capabilities:
		Capabilities: 0x02 0x00 0x01 0x00 0x00
			Neighbor Report
			AP Channel Report
		Nonoperating Channel Max Measurement Duration: 0
		Measurement Pilot Capability: 0
	AP Channel Report:
		 * operating class: 128
		 * channel(s): 42 58 106 122
	Power constraint: 0 dB
	TPC report: TX power: 22 dBm
	Transmit Power Envelope:
	Country: VN	Environment: Indoor/Outdoor
		Channels [42 - 54] @ -1 dBm
	VHT capabilities:
		VHT Capabilities (0x33c979b2):
			Max MPDU length: 11454
			Supported Channel Width: neither 160 nor 80+80
			RX LDPC
			short GI (80 MHz)
			TX STBC
			SU Beamformer
			SU Beamformee
			MU Beamformer
			+HTC-VHT
			RX antenna pattern consistency
			TX antenna pattern consistency
		VHT RX MCS set:
			1 streams: MCS 0-9
			2 streams: MCS 0-9
			3 streams: not supported
			4 streams: not supported
			5 streams: not supported
			6 streams: not supported
			7 streams: not supported
			8 streams: not supported
		VHT RX highest supported: 780 Mbps
		VHT TX MCS set:
			1 streams: MCS 0-9
			2 streams: MCS 0-9
			3 streams: not supported
			4 streams: not supported
			5 streams: not supported
			6 streams: not supported
			7 streams: not supported
			8 streams: not supported
		VHT TX highest supported: 780 Mbps
		VHT extended NSS: supported
	VHT operation:
		 * channel width: 1 (80 MHz)
		 * center freq segment 1: 42
		 * center freq segment 2: 0
		 * VHT basic MCS set: 0xfffc
	HE capabilities:
		HE MAC Capabilities (0x00051a081044):
			+HTC HE Supported
			TWT Responder
			BSR
			OM Control
			Maximum A-MPDU Length Exponent: 3
			BQR
			A-MSDU in A-MPDU
			OM Control UL MU Data Disable RX
		HE PHY Capabilities: (0x0420ce926f09af08110c00):
			HE40/HE80/5GHz
			LDPC Coding in Payload
			NDP with 4x HE-LTF and 3.2us GI
			STBC Tx <= 80MHz
			STBC Rx <= 80MHz
			Full Bandwidth UL MU-MIMO
			Partial Bandwidth UL MU-MIMO
			DCM Max Constellation: 2
			DCM Max Constellation Rx: 2
			SU Beamformer
			SU Beamformee
			MU Beamformer
			Beamformee STS <= 80Mhz: 3
			Beamformee STS > 80Mhz: 3
			Sounding Dimensions <= 80Mhz: 1
			Sounding Dimensions > 80Mhz: 1
			Codebook Size SU Feedback
			Codebook Size MU Feedback
			Triggered SU Beamforming Feedback
			Triggered MU Beamforming Feedback
			Partial Bandwidth Extended Range
			PPE Threshold Present
			Max NC: 1
			HE ER SU PPDU 4x HE-LTF 0.8us GI
			HE ER SU PPDU 1x HE-LTF 0.8us GI
			TX 1024-QAM
			RX 1024-QAM
		HE RX MCS and NSS set <= 80 MHz
			1 streams: MCS 0-11
			2 streams: MCS 0-11
			3 streams: not supported
			4 streams: not supported
			5 streams: not supported
			6 streams: not supported
			7 streams: not supported
			8 streams: not supported
		HE TX MCS and NSS set <= 80 MHz
			1 streams: MCS 0-11
			2 streams: MCS 0-11
			3 streams: not supported
			4 streams: not supported
			5 streams: not supported
			6 streams: not supported
			7 streams: not supported
			8 streams: not supported
		PPE Threshold 0x39 0x1c 0xc7 0x71 0x1c 0x07 
BSS 26:0b:2a:bf:e8:20(on wlxd0374542d42e)
	TSF: 53550284868 usec (0d, 14:52:30)
	freq: 5220.0
	beacon interval: 100 TUs
	capability: ESS Privacy ShortPreamble SpectrumMgmt APSD RadioMeasure (0x1931)
	signal: -34.00 dBm
	last seen: 6870 ms ago
	Supported rates: 6.0* 9.0 12.0* 18.0 24.0* 36.0 48.0 54.0 
	DS Parameter set: channel 44
	TIM: DTIM Count 0 DTIM Period 1 Bitmap Control 0x0 Bitmap[0] 0x0
	Country: VN	Environment: bogus
		Channels [36 - 64] @ 30 dBm
		Channels [100 - 120] @ 30 dBm
		Channels [149 - 161] @ 30 dBm
	Power constraint: 0 dB
	TPC report: TX power: 22 dBm
	Transmit Power Envelope:
	RM enabled capabilities:
		Capabilities: 0x02 0x00 0x01 0x00 0x00
			Neighbor Report
			AP Channel Report
		Nonoperating Channel Max Measurement Duration: 0
		Measurement Pilot Capability: 0
	AP Channel Report:
		 * operating class: 128
		 * channel(s): 42 58 106 122
	RSN:	 * Version: 1
		 * Group cipher: CCMP
		 * Pairwise ciphers: CCMP
		 * Authentication suites: PSK SAE
		 * Capabilities: 1-PTKSA-RC 1-GTKSA-RC MFP-capable (0x0080)
		 * 0 PMKIDs
		 * Group mgmt cipher suite: AES-128-CMAC
	BSS Load:
		 * station count: 0
		 * channel utilisation: 27/255
		 * available admission capacity: 31250 [*32us]
	HT capabilities:
		Capabilities: 0x9ef
			RX LDPC
			HT20/HT40
			SM Power Save disabled
			RX HT20 SGI
			RX HT40 SGI
			TX STBC
			RX STBC 1-stream
			Max AMSDU length: 7935 bytes
			No DSSS/CCK HT40
		Maximum RX AMPDU length 65535 bytes (exponent: 0x003)
		Minimum RX AMPDU time spacing: 4 usec (0x05)
		HT RX MCS rate indexes supported: 0-15
		HT TX MCS rate indexes are undefined
	HT operation:
		 * primary channel: 44
		 * secondary channel offset: above
		 * STA channel width: any
		 * RIFS: 0
		 * HT protection: no
		 * non-GF present: 0
		 * OBSS non-GF present: 0
		 * dual beacon: 0
		 * dual CTS protection: 0
		 * STBC beacon: 0
		 * L-SIG TXOP Prot: 0
		 * PCO active: 0
		 * PCO phase: 0
	VHT capabilities:
		VHT Capabilities (0x33c979b2):
			Max MPDU length: 11454
			Supported Channel Width: neither 160 nor 80+80
			RX LDPC
			short GI (80 MHz)
			TX STBC
			SU Beamformer
			SU Beamformee
			MU Beamformer
			+HTC-VHT
			RX antenna pattern consistency
			TX antenna pattern consistency
		VHT RX MCS set:
			1 streams: MCS 0-9
			2 streams: MCS 0-9
			3 streams: not supported
			4 streams: not supported
			5 streams: not supported
			6 streams: not supported
			7 streams: not supported
			8 streams: not supported
		VHT RX highest supported: 780 Mbps
		VHT TX MCS set:
			1 streams: MCS 0-9
			2 streams: MCS 0-9
			3 streams: not supported
			4 streams: not supported
			5 streams: not supported
			6 streams: not supported
			7 streams: not supported
			8 streams: not supported
		VHT TX highest supported: 780 Mbps
		VHT extended NSS: supported
	VHT operation:
		 * channel width: 1 (80 MHz)
		 * center freq segment 1: 42
		 * center freq segment 2: 0
		 * VHT basic MCS set: 0xfffc
	Extended capabilities:
		 * BSS Transition
		 * Interworking
		 * Operating Mode Notification
		 * TWT Responder Support
		 * Max Number Of MSDUs In A-MSDU is unlimited
	WMM:	 * Parameter version 1
		 * u-APSD
		 * BE: CW 15-1023, AIFSN 3
		 * BK: CW 15-1023, AIFSN 7
		 * VI: CW 7-15, AIFSN 2, TXOP 3008 usec
		 * VO: CW 3-7, AIFSN 2, TXOP 1504 usec
	HE capabilities:
		HE MAC Capabilities (0x00051a081044):
			+HTC HE Supported
			TWT Responder
			BSR
			OM Control
			Maximum A-MPDU Length Exponent: 3
			BQR
			A-MSDU in A-MPDU
			OM Control UL MU Data Disable RX
		HE PHY Capabilities: (0x0420ce926f09af08110c00):
			HE40/HE80/5GHz
			LDPC Coding in Payload
			NDP with 4x HE-LTF and 3.2us GI
			STBC Tx <= 80MHz
			STBC Rx <= 80MHz
			Full Bandwidth UL MU-MIMO
			Partial Bandwidth UL MU-MIMO
			DCM Max Constellation: 2
			DCM Max Constellation Rx: 2
			SU Beamformer
			SU Beamformee
			MU Beamformer
			Beamformee STS <= 80Mhz: 3
			Beamformee STS > 80Mhz: 3
			Sounding Dimensions <= 80Mhz: 1
			Sounding Dimensions > 80Mhz: 1
			Codebook Size SU Feedback
			Codebook Size MU Feedback
			Triggered SU Beamforming Feedback
			Triggered MU Beamforming Feedback
			Partial Bandwidth Extended Range
			PPE Threshold Present
			Max NC: 1
			HE ER SU PPDU 4x HE-LTF 0.8us GI
			HE ER SU PPDU 1x HE-LTF 0.8us GI
			TX 1024-QAM
			RX 1024-QAM
		HE RX MCS and NSS set <= 80 MHz
			1 streams: MCS 0-11
			2 streams: MCS 0-11
			3 streams: not supported
			4 streams: not supported
			5 streams: not supported
			6 streams: not supported
			7 streams: not supported
			8 streams: not supported
		HE TX MCS and NSS set <= 80 MHz
			1 streams: MCS 0-11
			2 streams: MCS 0-11
			3 streams: not supported
			4 streams: not supported
			5 streams: not supported
			6 streams: not supported
			7 streams: not supported
			8 streams: not supported
		PPE Threshold 0x39 0x1c 0xc7 0x71 0x1c 0x07 
BSS 26:0b:2a:b5:12:9c(on wlxd0374542d42e)
	TSF: 55363276866 usec (0d, 15:22:43)
	freq: 5220.0
	beacon interval: 100 TUs
	capability: ESS Privacy ShortPreamble SpectrumMgmt APSD RadioMeasure (0x1931)
	signal: -38.00 dBm
	last seen: 6863 ms ago
	Supported rates: 6.0* 9.0 12.0* 18.0 24.0* 36.0 48.0 54.0 
	DS Parameter set: channel 44
	TIM: DTIM Count 0 DTIM Period 1 Bitmap Control 0x0 Bitmap[0] 0x0
	Country: VN	Environment: Indoor/Outdoor
		Channels [36 - 64] @ 30 dBm
		Channels [100 - 120] @ 30 dBm
		Channels [149 - 161] @ 30 dBm
	Power constraint: 0 dB
	TPC report: TX power: 22 dBm
	Transmit Power Envelope:
	RM enabled capabilities:
		Capabilities: 0x02 0x00 0x01 0x00 0x00
			Neighbor Report
			AP Channel Report
		Nonoperating Channel Max Measurement Duration: 0
		Measurement Pilot Capability: 0
	AP Channel Report:
		 * operating class: 128
		 * channel(s): 42 58 106 122
	RSN:	 * Version: 1
		 * Group cipher: CCMP
		 * Pairwise ciphers: CCMP
		 * Authentication suites: PSK SAE
		 * Capabilities: 1-PTKSA-RC 1-GTKSA-RC MFP-capable (0x0080)
		 * 0 PMKIDs
		 * Group mgmt cipher suite: AES-128-CMAC
	BSS Load:
		 * station count: 0
		 * channel utilisation: 25/255
		 * available admission capacity: 31250 [*32us]
	HT capabilities:
		Capabilities: 0x9ef
			RX LDPC
			HT20/HT40
			SM Power Save disabled
			RX HT20 SGI
			RX HT40 SGI
			TX STBC
			RX STBC 1-stream
			Max AMSDU length: 7935 bytes
			No DSSS/CCK HT40
		Maximum RX AMPDU length 65535 bytes (exponent: 0x003)
		Minimum RX AMPDU time spacing: 4 usec (0x05)
		HT RX MCS rate indexes supported: 0-15
		HT TX MCS rate indexes are undefined
	HT operation:
		 * primary channel: 44
		 * secondary channel offset: above
		 * STA channel width: any
		 * RIFS: 0
		 * HT protection: no
		 * non-GF present: 0
		 * OBSS non-GF present: 0
		 * dual beacon: 0
		 * dual CTS protection: 0
		 * STBC beacon: 0
		 * L-SIG TXOP Prot: 0
		 * PCO active: 0
		 * PCO phase: 0
	VHT capabilities:
		VHT Capabilities (0x33ca79b2):
			Max MPDU length: 11454
			Supported Channel Width: neither 160 nor 80+80
			RX LDPC
			short GI (80 MHz)
			TX STBC
			SU Beamformer
			SU Beamformee
			MU Beamformer
			+HTC-VHT
			RX antenna pattern consistency
			TX antenna pattern consistency
		VHT RX MCS set:
			1 streams: MCS 0-9
			2 streams: MCS 0-9
			3 streams: not supported
			4 streams: not supported
			5 streams: not supported
			6 streams: not supported
			7 streams: not supported
			8 streams: not supported
		VHT RX highest supported: 780 Mbps
		VHT TX MCS set:
			1 streams: MCS 0-9
			2 streams: MCS 0-9
			3 streams: not supported
			4 streams: not supported
			5 streams: not supported
			6 streams: not supported
			7 streams: not supported
			8 streams: not supported
		VHT TX highest supported: 780 Mbps
		VHT extended NSS: supported
	VHT operation:
		 * channel width: 1 (80 MHz)
		 * center freq segment 1: 42
		 * center freq segment 2: 0
		 * VHT basic MCS set: 0xfffc
	Extended capabilities:
		 * BSS Transition
		 * Interworking
		 * Operating Mode Notification
		 * Max Number Of MSDUs In A-MSDU is unlimited
	WMM:	 * Parameter version 1
		 * u-APSD
		 * BE: CW 15-1023, AIFSN 3
		 * BK: CW 15-1023, AIFSN 7
		 * VI: CW 7-15, AIFSN 2, TXOP 3008 usec
		 * VO: CW 3-7, AIFSN 2, TXOP 1504 usec
	HE capabilities:
		HE MAC Capabilities (0x00011a081044):
			+HTC HE Supported
			BSR
			OM Control
			Maximum A-MPDU Length Exponent: 3
			BQR
			A-MSDU in A-MPDU
			OM Control UL MU Data Disable RX
		HE PHY Capabilities: (0x0420ce926f12af10110c00):
			HE40/HE80/5GHz
			LDPC Coding in Payload
			NDP with 4x HE-LTF and 3.2us GI
			STBC Tx <= 80MHz
			STBC Rx <= 80MHz
			Full Bandwidth UL MU-MIMO
			Partial Bandwidth UL MU-MIMO
			DCM Max Constellation: 2
			DCM Max Constellation Rx: 2
			SU Beamformer
			SU Beamformee
			MU Beamformer
			Beamformee STS <= 80Mhz: 3
			Beamformee STS > 80Mhz: 3
			Sounding Dimensions <= 80Mhz: 2
			Sounding Dimensions > 80Mhz: 2
			Codebook Size SU Feedback
			Codebook Size MU Feedback
			Triggered SU Beamforming Feedback
			Triggered MU Beamforming Feedback
			Partial Bandwidth Extended Range
			PPE Threshold Present
			Max NC: 2
			HE ER SU PPDU 4x HE-LTF 0.8us GI
			HE ER SU PPDU 1x HE-LTF 0.8us GI
			TX 1024-QAM
			RX 1024-QAM
		HE RX MCS and NSS set <= 80 MHz
			1 streams: MCS 0-11
			2 streams: MCS 0-11
			3 streams: not supported
			4 streams: not supported
			5 streams: not supported
			6 streams: not supported
			7 streams: not supported
			8 streams: not supported
		HE TX MCS and NSS set <= 80 MHz
			1 streams: MCS 0-11
			2 streams: MCS 0-11
			3 streams: not supported
			4 streams: not supported
			5 streams: not supported
			6 streams: not supported
			7 streams: not supported
			8 streams: not supported
		PPE Threshold 0x39 0x1c 0xc7 0x71 0x1c 0x07 
BSS 24:0b:2a:12:34:55(on wlxd0374542d42e)
	TSF: 62343930201 usec (0d, 17:19:03)
	freq: 5240.0
	beacon interval: 100 TUs
	capability: ESS Privacy ShortPreamble SpectrumMgmt APSD RadioMeasure (0x1931)
	signal: -50.00 dBm
	last seen: 6 ms ago
	Information elements from Probe Response frame:
	SSID: VIETTEL_123450
	Supported rates: 6.0* 9.0 12.0* 18.0 24.0* 36.0 48.0 54.0 
	DS Parameter set: channel 48
	ERP: <no flags>
	RSN:	 * Version: 1
		 * Group cipher: CCMP
		 * Pairwise ciphers: CCMP
		 * Authentication suites: PSK
		 * Capabilities: 1-PTKSA-RC 1-GTKSA-RC (0x0000)
	HT capabilities:
		Capabilities: 0x9ef
			RX LDPC
			HT20/HT40
			SM Power Save disabled
			RX HT20 SGI
			RX HT40 SGI
			TX STBC
			RX STBC 1-stream
			Max AMSDU length: 7935 bytes
			No DSSS/CCK HT40
		Maximum RX AMPDU length 65535 bytes (exponent: 0x003)
		Minimum RX AMPDU time spacing: 4 usec (0x05)
		HT RX MCS rate indexes supported: 0-15
		HT TX MCS rate indexes are undefined
	HT operation:
		 * primary channel: 48
		 * secondary channel offset: below
		 * STA channel width: any
		 * RIFS: 0
		 * HT protection: no
		 * non-GF present: 0
		 * OBSS non-GF present: 0
		 * dual beacon: 0
		 * dual CTS protection: 0
		 * STBC beacon: 0
		 * L-SIG TXOP Prot: 0
		 * PCO active: 0
		 * PCO phase: 0
	Extended capabilities:
		 * BSS Transition
		 * Interworking
		 * Operating Mode Notification
		 * Max Number Of MSDUs In A-MSDU is unlimited
	BSS Load:
		 * station count: 0
		 * channel utilisation: 32/255
		 * available admission capacity: 31250 [*32us]
	WMM:	 * Parameter version 1
		 * u-APSD
		 * BE: CW 15-1023, AIFSN 3
		 * BK: CW 15-1023, AIFSN 7
		 * VI: CW 7-15, AIFSN 2, TXOP 3008 usec
		 * VO: CW 3-7, AIFSN 2, TXOP 1504 usec
	RM enabled capabilities:
		Capabilities: 0x02 0x00 0x01 0x00 0x00
			Neighbor Report
			AP Channel Report
		Nonoperating Channel Max Measurement Duration: 0
		Measurement Pilot Capability: 0
	AP Channel Report:
		 * operating class: 128
		 * channel(s): 42 58 106 122
	Power constraint: 0 dB
	TPC report: TX power: 22 dBm
	Transmit Power Envelope:
	Country: VN	Environment: Indoor/Outdoor
		Channels [42 - 54] @ -1 dBm
	VHT capabilities:
		VHT Capabilities (0x33ca79b2):
			Max MPDU length: 11454
			Supported Channel Width: neither 160 nor 80+80
			RX LDPC
			short GI (80 MHz)
			TX STBC
			SU Beamformer
			SU Beamformee
			MU Beamformer
			+HTC-VHT
			RX antenna pattern consistency
			TX antenna pattern consistency
		VHT RX MCS set:
			1 streams: MCS 0-9
			2 streams: MCS 0-9
			3 streams: not supported
			4 streams: not supported
			5 streams: not supported
			6 streams: not supported
			7 streams: not supported
			8 streams: not supported
		VHT RX highest supported: 780 Mbps
		VHT TX MCS set:
			1 streams: MCS 0-9
			2 streams: MCS 0-9
			3 streams: not supported
			4 streams: not supported
			5 streams: not supported
			6 streams: not supported
			7 streams: not supported
			8 streams: not supported
		VHT TX highest supported: 780 Mbps
		VHT extended NSS: supported
	VHT operation:
		 * channel width: 1 (80 MHz)
		 * center freq segment 1: 42
		 * center freq segment 2: 0
		 * VHT basic MCS set: 0xfffc
	HE capabilities:
		HE MAC Capabilities (0x00011a081044):
			+HTC HE Supported
			BSR
			OM Control
			Maximum A-MPDU Length Exponent: 3
			BQR
			A-MSDU in A-MPDU
			OM Control UL MU Data Disable RX
		HE PHY Capabilities: (0x0420ce926f12af10110c00):
			HE40/HE80/5GHz
			LDPC Coding in Payload
			NDP with 4x HE-LTF and 3.2us GI
			STBC Tx <= 80MHz
			STBC Rx <= 80MHz
			Full Bandwidth UL MU-MIMO
			Partial Bandwidth UL MU-MIMO
			DCM Max Constellation: 2
			DCM Max Constellation Rx: 2
			SU Beamformer
			SU Beamformee
			MU Beamformer
			Beamformee STS <= 80Mhz: 3
			Beamformee STS > 80Mhz: 3
			Sounding Dimensions <= 80Mhz: 2
			Sounding Dimensions > 80Mhz: 2
			Codebook Size SU Feedback
			Codebook Size MU Feedback
			Triggered SU Beamforming Feedback
			Triggered MU Beamforming Feedback
			Partial Bandwidth Extended Range
			PPE Threshold Present
			Max NC: 2
			HE ER SU PPDU 4x HE-LTF 0.8us GI
			HE ER SU PPDU 1x HE-LTF 0.8us GI
			TX 1024-QAM
			RX 1024-QAM
		HE RX MCS and NSS set <= 80 MHz
			1 streams: MCS 0-11
			2 streams: MCS 0-11
			3 streams: not supported
			4 streams: not supported
			5 streams: not supported
			6 streams: not supported
			7 streams: not supported
			8 streams: not supported
		HE TX MCS and NSS set <= 80 MHz
			1 streams: MCS 0-11
			2 streams: MCS 0-11
			3 streams: not supported
			4 streams: not supported
			5 streams: not supported
			6 streams: not supported
			7 streams: not supported
			8 streams: not supported
		PPE Threshold 0x39 0x1c 0xc7 0x71 0x1c 0x07 
BSS 5c:18:dd:57:9b:b9(on wlxd0374542d42e)
	TSF: 236025742664 usec (2d, 17:33:45)
	freq: 5240.0
	beacon interval: 100 TUs
	capability: ESS Privacy SpectrumMgmt ShortSlotTime RadioMeasure (0x1511)
	signal: -41.00 dBm
	last seen: 6 ms ago
	Information elements from Probe Response frame:
	SSID: FPT Mesh
	Supported rates: 6.0* 9.0 12.0* 18.0 24.0* 36.0 48.0 54.0 
	Country: US	Environment: bogus
		Channels [36 - 36] @ 30 dBm
		Channels [40 - 40] @ 30 dBm
		Channels [44 - 44] @ 30 dBm
		Channels [48 - 48] @ 30 dBm
		Channels [52 - 52] @ 30 dBm
		Channels [56 - 56] @ 30 dBm
		Channels [60 - 60] @ 30 dBm
		Channels [64 - 64] @ 30 dBm
		Channels [100 - 100] @ 30 dBm
		Channels [104 - 104] @ 30 dBm
		Channels [108 - 108] @ 30 dBm
		Channels [112 - 112] @ 30 dBm
		Channels [116 - 116] @ 30 dBm
		Channels [120 - 120] @ 30 dBm
		Channels [124 - 124] @ 30 dBm
		Channels [128 - 128] @ 30 dBm
		Channels [132 - 132] @ 30 dBm
		Channels [136 - 136] @ 30 dBm
		Channels [140 - 140] @ 30 dBm
		Channels [144 - 144] @ 30 dBm
		Channels [149 - 149] @ 30 dBm
		Channels [153 - 153] @ 30 dBm
		Channels [157 - 157] @ 30 dBm
		Channels [161 - 161] @ 30 dBm
		Channels [165 - 165] @ 30 dBm
	Power constraint: 0 dB
	TPC report: TX power: 27 dBm
	RSN:	 * Version: 1
		 * Group cipher: CCMP
		 * Pairwise ciphers: CCMP
		 * Authentication suites: PSK FT/PSK SAE
		 * Capabilities: 16-PTKSA-RC 1-GTKSA-RC MFP-capable (0x008c)
	RM enabled capabilities:
		Capabilities: 0x73 0xd0 0x00 0x00 0x0c
			Link Measurement
			Neighbor Report
			Beacon Passive Measurement
			Beacon Active Measurement
			Beacon Table Measurement
			LCI Measurement
			Transmit Stream/Category Measurement
			Triggered Transmit Stream/Category
			FTM Range Report
			Civic Location Measurement
		Nonoperating Channel Max Measurement Duration: 0
		Measurement Pilot Capability: 4
	HT capabilities:
		Capabilities: 0x9ef
			RX LDPC
			HT20/HT40
			SM Power Save disabled
			RX HT20 SGI
			RX HT40 SGI
			TX STBC
			RX STBC 1-stream
			Max AMSDU length: 7935 bytes
			No DSSS/CCK HT40
		Maximum RX AMPDU length 65535 bytes (exponent: 0x003)
		Minimum RX AMPDU time spacing: No restriction (0x00)
		HT TX/RX MCS rate indexes supported: 0-15
	HT operation:
		 * primary channel: 48
		 * secondary channel offset: below
		 * STA channel width: any
		 * RIFS: 0
		 * HT protection: no
		 * non-GF present: 1
		 * OBSS non-GF present: 0
		 * dual beacon: 0
		 * dual CTS protection: 0
		 * STBC beacon: 0
		 * L-SIG TXOP Prot: 0
		 * PCO active: 0
		 * PCO phase: 0
	Extended capabilities:
		 * Extended Channel Switching
		 * TFS
		 * WNM-Sleep Mode
		 * TIM Broadcast
		 * BSS Transition
		 * SSID List
		 * Interworking
		 * Operating Mode Notification
		 * TWT Responder Support
		 * Max Number Of MSDUs In A-MSDU is unlimited
	802.11u Interworking:
		Network Options: 0x0
			Network Type: 0 (Private)
	802.11u Advertisement:
		Query Response Info: 0x7f
			Query Response Length Limit: 127
			ANQP
	VHT capabilities:
		VHT Capabilities (0x3381e9f6):
			Max MPDU length: 11454
			Supported Channel Width: 160 MHz
			RX LDPC
			short GI (80 MHz)
			short GI (160/80+80 MHz)
			TX STBC
			SU Beamformer
			RX antenna pattern consistency
			TX antenna pattern consistency
		VHT RX MCS set:
			1 streams: MCS 0-9
			2 streams: MCS 0-9
			3 streams: not supported
			4 streams: not supported
			5 streams: not supported
			6 streams: not supported
			7 streams: not supported
			8 streams: not supported
		VHT RX highest supported: 0 Mbps
		VHT TX MCS set:
			1 streams: MCS 0-9
			2 streams: MCS 0-9
			3 streams: not supported
			4 streams: not supported
			5 streams: not supported
			6 streams: not supported
			7 streams: not supported
			8 streams: not supported
		VHT TX highest supported: 0 Mbps
		VHT extended NSS: supported
	VHT operation:
		 * channel width: 1 (80 MHz)
		 * center freq segment 1: 42
		 * center freq segment 2: 50
		 * VHT basic MCS set: 0xfffc
	Transmit Power Envelope:
		 * Local Maximum Transmit Power For 20 MHz: 30 dBm
		 * Local Maximum Transmit Power For 40 MHz: 30 dBm
		 * Local Maximum Transmit Power For 80 MHz: 30 dBm
		 * Local Maximum Transmit Power For 160/80+80 MHz: 30 dBm
	HE capabilities:
		HE MAC Capabilities (0x010d1a081040):
			+HTC HE Supported
			TWT Responder
			Dynamic BA Fragementation Level: 1
			Minimum Payload size of 128 bytes: 1
			BSR
			OM Control
			Maximum A-MPDU Length Exponent: 3
			A-MSDU in A-MPDU
			OM Control UL MU Data Disable RX
		HE PHY Capabilities: (0x0c600888fd49818c110800):
			HE40/HE80/5GHz
			HE160/5GHz
			LDPC Coding in Payload
			HE SU PPDU with 1x HE-LTF and 0.8us GI
			STBC Rx <= 80MHz
			DCM Max Constellation Rx: 1
			SU Beamformer
			SU Beamformee
			Beamformee STS <= 80Mhz: 7
			Beamformee STS > 80Mhz: 7
			Sounding Dimensions <= 80Mhz: 1
			Sounding Dimensions > 80Mhz: 1
			Ng = 16 SU Feedback
			Codebook Size SU Feedback
			PPE Threshold Present
			HE SU PPDU & HE PPDU 4x HE-LTF 0.8us GI
			Max NC: 1
			STBC Rx > 80MHz
			HE ER SU PPDU 4x HE-LTF 0.8us GI
			HE ER SU PPDU 1x HE-LTF 0.8us GI
			RX 1024-QAM
		HE RX MCS and NSS set <= 80 MHz
			1 streams: MCS 0-11
			2 streams: MCS 0-11
			3 streams: not supported
			4 streams: not supported
			5 streams: not supported
			6 streams: not supported
			7 streams: not supported
			8 streams: not supported
		HE TX MCS and NSS set <= 80 MHz
			1 streams: MCS 0-11
			2 streams: MCS 0-11
			3 streams: not supported
			4 streams: not supported
			5 streams: not supported
			6 streams: not supported
			7 streams: not supported
			8 streams: not supported
		HE RX MCS and NSS set 160 MHz
			1 streams: MCS 0-11
			2 streams: MCS 0-11
			3 streams: not supported
			4 streams: not supported
			5 streams: not supported
			6 streams: not supported
			7 streams: not supported
			8 streams: not supported
		HE TX MCS and NSS set 160 MHz
			1 streams: MCS 0-11
			2 streams: MCS 0-11
			3 streams: not supported
			4 streams: not supported
			5 streams: not supported
			6 streams: not supported
			7 streams: not supported
			8 streams: not supported
		PPE Threshold 0x79 0x1c 0xc7 0x71 0x1c 0xc7 0x71 
	WMM:	 * Parameter version 1
		 * u-APSD
		 * BE: CW 15-1023, AIFSN 3
		 * BK: CW 15-1023, AIFSN 7
		 * VI: CW 7-15, AIFSN 2, TXOP 3008 usec
		 * VO: CW 3-7, AIFSN 2, TXOP 1504 usec
	WPS:	 * Version: 1.0
		 * Wi-Fi Protected Setup State: 2 (Configured)
		 * Response Type: 3 (AP)
		 * UUID: 87654321-9abc-def0-1234-5c18dd579bac
		 * Manufacturer: openwrt.org
		 * Model: WAP
		 * Model Number: 123
		 * Serial Number: 12345
		 * Primary Device Type: 6-0050f204-1
		 * Device name: OpenWrt AP
		 * Config methods:
		 * RF Bands: 0x3
		 * Version2: 2.0
BSS 5c:18:dd:57:9b:bc(on wlxd0374542d42e)
	TSF: 236025754380 usec (2d, 17:33:45)
	freq: 5240.0
	beacon interval: 100 TUs
	capability: ESS Privacy SpectrumMgmt ShortSlotTime RadioMeasure (0x1511)
	signal: -41.00 dBm
	last seen: 6572 ms ago
	Supported rates: 6.0* 9.0 12.0* 18.0 24.0* 36.0 48.0 54.0 
	TIM: DTIM Count 0 DTIM Period 1 Bitmap Control 0x0 Bitmap[0] 0x0
	Country: US	Environment: bogus
		Channels [36 - 36] @ 30 dBm
		Channels [40 - 40] @ 30 dBm
		Channels [44 - 44] @ 30 dBm
		Channels [48 - 48] @ 30 dBm
		Channels [52 - 52] @ 30 dBm
		Channels [56 - 56] @ 30 dBm
		Channels [60 - 60] @ 30 dBm
		Channels [64 - 64] @ 30 dBm
		Channels [100 - 100] @ 30 dBm
		Channels [104 - 104] @ 30 dBm
		Channels [108 - 108] @ 30 dBm
		Channels [112 - 112] @ 30 dBm
		Channels [116 - 116] @ 30 dBm
		Channels [120 - 120] @ 30 dBm
		Channels [124 - 124] @ 30 dBm
		Channels [128 - 128] @ 30 dBm
		Channels [132 - 132] @ 30 dBm
		Channels [136 - 136] @ 30 dBm
		Channels [140 - 140] @ 30 dBm
		Channels [144 - 144] @ 30 dBm
		Channels [149 - 149] @ 30 dBm
		Channels [153 - 153] @ 30 dBm
		Channels [157 - 157] @ 30 dBm
		Channels [161 - 161] @ 30 dBm
		Channels [165 - 165] @ 30 dBm
	Power constraint: 0 dB
	TPC report: TX power: 27 dBm
	RSN:	 * Version: 1
		 * Group cipher: CCMP
		 * Pairwise ciphers: CCMP
		 * Authentication suites: PSK FT/PSK SAE
		 * Capabilities: 16-PTKSA-RC 1-GTKSA-RC MFP-capable (0x008c)
	RM enabled capabilities:
		Capabilities: 0x73 0xd0 0x00 0x00 0x0c
			Link Measurement
			Neighbor Report
			Beacon Passive Measurement
			Beacon Active Measurement
			Beacon Table Measurement
			LCI Measurement
			Transmit Stream/Category Measurement
			Triggered Transmit Stream/Category
			FTM Range Report
			Civic Location Measurement
		Nonoperating Channel Max Measurement Duration: 0
		Measurement Pilot Capability: 4
	HT capabilities:
		Capabilities: 0x9ef
			RX LDPC
			HT20/HT40
			SM Power Save disabled
			RX HT20 SGI
			RX HT40 SGI
			TX STBC
			RX STBC 1-stream
			Max AMSDU length: 7935 bytes
			No DSSS/CCK HT40
		Maximum RX AMPDU length 65535 bytes (exponent: 0x003)
		Minimum RX AMPDU time spacing: No restriction (0x00)
		HT TX/RX MCS rate indexes supported: 0-15
	HT operation:
		 * primary channel: 48
		 * secondary channel offset: below
		 * STA channel width: any
		 * RIFS: 0
		 * HT protection: no
		 * non-GF present: 1
		 * OBSS non-GF present: 0
		 * dual beacon: 0
		 * dual CTS protection: 0
		 * STBC beacon: 0
		 * L-SIG TXOP Prot: 0
		 * PCO active: 0
		 * PCO phase: 0
	Extended capabilities:
		 * Extended Channel Switching
		 * TFS
		 * WNM-Sleep Mode
		 * TIM Broadcast
		 * BSS Transition
		 * SSID List
		 * Interworking
		 * Operating Mode Notification
		 * TWT Responder Support
		 * Max Number Of MSDUs In A-MSDU is unlimited
	802.11u Interworking:
		Network Options: 0x0
			Network Type: 0 (Private)
	802.11u Advertisement:
		Query Response Info: 0x7f
			Query Response Length Limit: 127
			ANQP
	VHT capabilities:
		VHT Capabilities (0x3381f9f6):
			Max MPDU length: 11454
			Supported Channel Width: 160 MHz
			RX LDPC
			short GI (80 MHz)
			short GI (160/80+80 MHz)
			TX STBC
			SU Beamformer
			SU Beamformee
			RX antenna pattern consistency
			TX antenna pattern consistency
		VHT RX MCS set:
			1 streams: MCS 0-9
			2 streams: MCS 0-9
			3 streams: not supported
			4 streams: not supported
			5 streams: not supported
			6 streams: not supported
			7 streams: not supported
			8 streams: not supported
		VHT RX highest supported: 0 Mbps
		VHT TX MCS set:
			1 streams: MCS 0-9
			2 streams: MCS 0-9
			3 streams: not supported
			4 streams: not supported
			5 streams: not supported
			6 streams: not supported
			7 streams: not supported
			8 streams: not supported
		VHT TX highest supported: 0 Mbps
		VHT extended NSS: supported
	VHT operation:
		 * channel width: 1 (80 MHz)
		 * center freq segment 1: 42
		 * center freq segment 2: 50
		 * VHT basic MCS set: 0xfffc
	Transmit Power Envelope:
		 * Local Maximum Transmit Power For 20 MHz: 30 dBm
		 * Local Maximum Transmit Power For 40 MHz: 30 dBm
		 * Local Maximum Transmit Power For 80 MHz: 30 dBm
		 * Local Maximum Transmit Power For 160/80+80 MHz: 30 dBm
	HE capabilities:
		HE MAC Capabilities (0x010d1a081040):
			+HTC HE Supported
			TWT Responder
			Dynamic BA Fragementation Level: 1
			Minimum Payload size of 128 bytes: 1
			BSR
			OM Control
			Maximum A-MPDU Length Exponent: 3
			A-MSDU in A-MPDU
			OM Control UL MU Data Disable RX
		HE PHY Capabilities: (0x0c600888fd49818c110800):
			HE40/HE80/5GHz
			HE160/5GHz
			LDPC Coding in Payload
			HE SU PPDU with 1x HE-LTF and 0.8us GI
			STBC Rx <= 80MHz
			DCM Max Constellation Rx: 1
			SU Beamformer
			SU Beamformee
			Beamformee STS <= 80Mhz: 7
			Beamformee STS > 80Mhz: 7
			Sounding Dimensions <= 80Mhz: 1
			Sounding Dimensions > 80Mhz: 1
			Ng = 16 SU Feedback
			Codebook Size SU Feedback
			PPE Threshold Present
			HE SU PPDU & HE PPDU 4x HE-LTF 0.8us GI
			Max NC: 1
			STBC Rx > 80MHz
			HE ER SU PPDU 4x HE-LTF 0.8us GI
			HE ER SU PPDU 1x HE-LTF 0.8us GI
			RX 1024-QAM
		HE RX MCS and NSS set <= 80 MHz
			1 streams: MCS 0-11
			2 streams: MCS 0-11
			3 streams: not supported
			4 streams: not supported
			5 streams: not supported
			6 streams: not supported
			7 streams: not supported
			8 streams: not supported
		HE TX MCS and NSS set <= 80 MHz
			1 streams: MCS 0-11
			2 streams: MCS 0-11
			3 streams: not supported
			4 streams: not supported
			5 streams: not supported
			6 streams: not supported
			7 streams: not supported
			8 streams: not supported
		HE RX MCS and NSS set 160 MHz
			1 streams: MCS 0-11
			2 streams: MCS 0-11
			3 streams: not supported
			4 streams: not supported
			5 streams: not supported
			6 streams: not supported
			7 streams: not supported
			8 streams: not supported
		HE TX MCS and NSS set 160 MHz
			1 streams: MCS 0-11
			2 streams: MCS 0-11
			3 streams: not supported
			4 streams: not supported
			5 streams: not supported
			6 streams: not supported
			7 streams: not supported
			8 streams: not supported
		PPE Threshold 0x79 0x1c 0xc7 0x71 0x1c 0xc7 0x71 
	WMM:	 * Parameter version 1
		 * u-APSD
		 * BE: CW 15-1023, AIFSN 3
		 * BK: CW 15-1023, AIFSN 7
		 * VI: CW 7-15, AIFSN 2, TXOP 3008 usec
		 * VO: CW 3-7, AIFSN 2, TXOP 1504 usec
BSS 5c:18:dd:57:9b:b8(on wlxd0374542d42e)
	TSF: 236025755049 usec (2d, 17:33:45)
	freq: 5240.0
	beacon interval: 100 TUs
	capability: ESS Privacy SpectrumMgmt ShortSlotTime RadioMeasure (0x1511)
	signal: -41.00 dBm
	last seen: 6575 ms ago
	SSID: FPT Telecom-9BAD-IOT
	Supported rates: 6.0* 9.0 12.0* 18.0 24.0* 36.0 48.0 54.0 
	TIM: DTIM Count 0 DTIM Period 1 Bitmap Control 0x0 Bitmap[0] 0x0
	Country: US	Environment: bogus
		Channels [36 - 36] @ 30 dBm
		Channels [40 - 40] @ 30 dBm
		Channels [44 - 44] @ 30 dBm
		Channels [48 - 48] @ 30 dBm
		Channels [52 - 52] @ 30 dBm
		Channels [56 - 56] @ 30 dBm
		Channels [60 - 60] @ 30 dBm
		Channels [64 - 64] @ 30 dBm
		Channels [100 - 100] @ 30 dBm
		Channels [104 - 104] @ 30 dBm
		Channels [108 - 108] @ 30 dBm
		Channels [112 - 112] @ 30 dBm
		Channels [116 - 116] @ 30 dBm
		Channels [120 - 120] @ 30 dBm
		Channels [124 - 124] @ 30 dBm
		Channels [128 - 128] @ 30 dBm
		Channels [132 - 132] @ 30 dBm
		Channels [136 - 136] @ 30 dBm
		Channels [140 - 140] @ 30 dBm
		Channels [144 - 144] @ 30 dBm
		Channels [149 - 149] @ 30 dBm
		Channels [153 - 153] @ 30 dBm
		Channels [157 - 157] @ 30 dBm
		Channels [161 - 161] @ 30 dBm
		Channels [165 - 165] @ 30 dBm
	Power constraint: 0 dB
	TPC report: TX power: 27 dBm
	RSN:	 * Version: 1
		 * Group cipher: CCMP
		 * Pairwise ciphers: CCMP
		 * Authentication suites: PSK FT/PSK
		 * Capabilities: 16-PTKSA-RC 1-GTKSA-RC (0x000c)
	RM enabled capabilities:
		Capabilities: 0x73 0xd0 0x00 0x00 0x0c
			Link Measurement
			Neighbor Report
			Beacon Passive Measurement
			Beacon Active Measurement
			Beacon Table Measurement
			LCI Measurement
			Transmit Stream/Category Measurement
			Triggered Transmit Stream/Category
			FTM Range Report
			Civic Location Measurement
		Nonoperating Channel Max Measurement Duration: 0
		Measurement Pilot Capability: 4
	HT capabilities:
		Capabilities: 0x9ef
			RX LDPC
			HT20/HT40
			SM Power Save disabled
			RX HT20 SGI
			RX HT40 SGI
			TX STBC
			RX STBC 1-stream
			Max AMSDU length: 7935 bytes
			No DSSS/CCK HT40
		Maximum RX AMPDU length 65535 bytes (exponent: 0x003)
		Minimum RX AMPDU time spacing: No restriction (0x00)
		HT TX/RX MCS rate indexes supported: 0-15
	HT operation:
		 * primary channel: 48
		 * secondary channel offset: below
		 * STA channel width: any
		 * RIFS: 1
		 * HT protection: no
		 * non-GF present: 1
		 * OBSS non-GF present: 0
		 * dual beacon: 0
		 * dual CTS protection: 0
		 * STBC beacon: 0
		 * L-SIG TXOP Prot: 0
		 * PCO active: 0
		 * PCO phase: 0
	Extended capabilities:
		 * Extended Channel Switching
		 * TFS
		 * WNM-Sleep Mode
		 * TIM Broadcast
		 * BSS Transition
		 * SSID List
		 * Interworking
		 * QoS Map
		 * Operating Mode Notification
		 * Max Number Of MSDUs In A-MSDU is unlimited
	802.11u Interworking:
		Network Options: 0x0
			Network Type: 0 (Private)
	802.11u Advertisement:
		Query Response Info: 0x7f
			Query Response Length Limit: 127
			ANQP
	VHT capabilities:
		VHT Capabilities (0x3381e9f6):
			Max MPDU length: 11454
			Supported Channel Width: 160 MHz
			RX LDPC
			short GI (80 MHz)
			short GI (160/80+80 MHz)
			TX STBC
			SU Beamformer
			RX antenna pattern consistency
			TX antenna pattern consistency
		VHT RX MCS set:
			1 streams: MCS 0-9
			2 streams: MCS 0-9
			3 streams: not supported
			4 streams: not supported
			5 streams: not supported
			6 streams: not supported
			7 streams: not supported
			8 streams: not supported
		VHT RX highest supported: 0 Mbps
		VHT TX MCS set:
			1 streams: MCS 0-9
			2 streams: MCS 0-9
			3 streams: not supported
			4 streams: not supported
			5 streams: not supported
			6 streams: not supported
			7 streams: not supported
			8 streams: not supported
		VHT TX highest supported: 0 Mbps
		VHT extended NSS: supported
	VHT operation:
		 * channel width: 1 (80 MHz)
		 * center freq segment 1: 42
		 * center freq segment 2: 50
		 * VHT basic MCS set: 0xfffc
	Transmit Power Envelope:
		 * Local Maximum Transmit Power For 20 MHz: 30 dBm
		 * Local Maximum Transmit Power For 40 MHz: 30 dBm
		 * Local Maximum Transmit Power For 80 MHz: 30 dBm
		 * Local Maximum Transmit Power For 160/80+80 MHz: 30 dBm
	WMM:	 * Parameter version 1
		 * u-APSD
		 * BE: CW 15-1023, AIFSN 3
		 * BK: CW 15-1023, AIFSN 7
		 * VI: CW 7-15, AIFSN 2, TXOP 3008 usec
		 * VO: CW 3-7, AIFSN 2, TXOP 1504 usec
	WPA:	 * Version: 1
		 * Group cipher: CCMP
		 * Pairwise ciphers: CCMP
		 * Authentication suites: PSK
	WPS:	 * Version: 1.0
		 * Wi-Fi Protected Setup State: 2 (Configured)
		 * RF Bands: 0x3
		 * Version2: 2.0
BSS 24:0b:2a:bf:e8:0d(on wlxd0374542d42e)
	TSF: 58368556258 usec (0d, 16:12:48)
	freq: 5260.0
	beacon interval: 100 TUs
	capability: ESS Privacy ShortPreamble SpectrumMgmt APSD RadioMeasure (0x1931)
	signal: -58.00 dBm
	last seen: 9 ms ago
	Information elements from Probe Response frame:
	SSID: 01234
	Supported rates: 6.0* 9.0 12.0* 18.0 24.0* 36.0 48.0 54.0 
	DS Parameter set: channel 52
	ERP: <no flags>
	RSN:	 * Version: 1
		 * Group cipher: CCMP
		 * Pairwise ciphers: CCMP
		 * Authentication suites: PSK
		 * Capabilities: 1-PTKSA-RC 1-GTKSA-RC (0x0000)
	HT capabilities:
		Capabilities: 0x9ef
			RX LDPC
			HT20/HT40
			SM Power Save disabled
			RX HT20 SGI
			RX HT40 SGI
			TX STBC
			RX STBC 1-stream
			Max AMSDU length: 7935 bytes
			No DSSS/CCK HT40
		Maximum RX AMPDU length 65535 bytes (exponent: 0x003)
		Minimum RX AMPDU time spacing: 4 usec (0x05)
		HT RX MCS rate indexes supported: 0-15
		HT TX MCS rate indexes are undefined
	HT operation:
		 * primary channel: 52
		 * secondary channel offset: above
		 * STA channel width: any
		 * RIFS: 0
		 * HT protection: no
		 * non-GF present: 1
		 * OBSS non-GF present: 0
		 * dual beacon: 0
		 * dual CTS protection: 0
		 * STBC beacon: 0
		 * L-SIG TXOP Prot: 0
		 * PCO active: 0
		 * PCO phase: 0
	Extended capabilities:
		 * BSS Transition
		 * Interworking
		 * WNM-Notification
		 * Operating Mode Notification
		 * TWT Responder Support
		 * Max Number Of MSDUs In A-MSDU is unlimited
	BSS Load:
		 * station count: 0
		 * channel utilisation: 38/255
		 * available admission capacity: 31250 [*32us]
	802.11u Interworking:
		Network Options: 0x0
			Network Type: 0 (Private)
		Venue Group: 2 (Business)
		Venue Type: 8
		HESSID: 24:0b:2a:bf:e8:0d
	802.11u Advertisement:
		Query Response Info: 0x7f
			Query Response Length Limit: 127
			ANQP
	WMM:	 * Parameter version 1
		 * u-APSD
		 * BE: CW 15-1023, AIFSN 3
		 * BK: CW 15-1023, AIFSN 7
		 * VI: CW 7-15, AIFSN 2, TXOP 3008 usec
		 * VO: CW 3-7, AIFSN 2, TXOP 1504 usec
	RM enabled capabilities:
		Capabilities: 0x02 0x00 0x01 0x00 0x00
			Neighbor Report
			AP Channel Report
		Nonoperating Channel Max Measurement Duration: 0
		Measurement Pilot Capability: 0
	AP Channel Report:
		 * operating class: 128
		 * channel(s): 42 58 106 122
	Power constraint: 0 dB
	TPC report: TX power: 22 dBm
	Transmit Power Envelope:
	Country: VN	Environment: Indoor/Outdoor
		Channels [42 - 54] @ -1 dBm
	VHT capabilities:
		VHT Capabilities (0x33c979b2):
			Max MPDU length: 11454
			Supported Channel Width: neither 160 nor 80+80
			RX LDPC
			short GI (80 MHz)
			TX STBC
			SU Beamformer
			SU Beamformee
			MU Beamformer
			+HTC-VHT
			RX antenna pattern consistency
			TX antenna pattern consistency
		VHT RX MCS set:
			1 streams: MCS 0-9
			2 streams: MCS 0-9
			3 streams: not supported
			4 streams: not supported
			5 streams: not supported
			6 streams: not supported
			7 streams: not supported
			8 streams: not supported
		VHT RX highest supported: 780 Mbps
		VHT TX MCS set:
			1 streams: MCS 0-9
			2 streams: MCS 0-9
			3 streams: not supported
			4 streams: not supported
			5 streams: not supported
			6 streams: not supported
			7 streams: not supported
			8 streams: not supported
		VHT TX highest supported: 780 Mbps
		VHT extended NSS: supported
	VHT operation:
		 * channel width: 1 (80 MHz)
		 * center freq segment 1: 58
		 * center freq segment 2: 0
		 * VHT basic MCS set: 0xfffc
	HE capabilities:
		HE MAC Capabilities (0x00051a081044):
			+HTC HE Supported
			TWT Responder
			BSR
			OM Control
			Maximum A-MPDU Length Exponent: 3
			BQR
			A-MSDU in A-MPDU
			OM Control UL MU Data Disable RX
		HE PHY Capabilities: (0x0420ce926f09af08110c00):
			HE40/HE80/5GHz
			LDPC Coding in Payload
			NDP with 4x HE-LTF and 3.2us GI
			STBC Tx <= 80MHz
			STBC Rx <= 80MHz
			Full Bandwidth UL MU-MIMO
			Partial Bandwidth UL MU-MIMO
			DCM Max Constellation: 2
			DCM Max Constellation Rx: 2
			SU Beamformer
			SU Beamformee
			MU Beamformer
			Beamformee STS <= 80Mhz: 3
			Beamformee STS > 80Mhz: 3
			Sounding Dimensions <= 80Mhz: 1
			Sounding Dimensions > 80Mhz: 1
			Codebook Size SU Feedback
			Codebook Size MU Feedback
			Triggered SU Beamforming Feedback
			Triggered MU Beamforming Feedback
			Partial Bandwidth Extended Range
			PPE Threshold Present
			Max NC: 1
			HE ER SU PPDU 4x HE-LTF 0.8us GI
			HE ER SU PPDU 1x HE-LTF 0.8us GI
			TX 1024-QAM
			RX 1024-QAM
		HE RX MCS and NSS set <= 80 MHz
			1 streams: MCS 0-11
			2 streams: MCS 0-11
			3 streams: not supported
			4 streams: not supported
			5 streams: not supported
			6 streams: not supported
			7 streams: not supported
			8 streams: not supported
		HE TX MCS and NSS set <= 80 MHz
			1 streams: MCS 0-11
			2 streams: MCS 0-11
			3 streams: not supported
			4 streams: not supported
			5 streams: not supported
			6 streams: not supported
			7 streams: not supported
			8 streams: not supported
		PPE Threshold 0x39 0x1c 0xc7 0x71 0x1c 0x07 
BSS 26:0b:2a:cf:e9:a7(on wlxd0374542d42e)
	TSF: 142100853398 usec (1d, 15:28:20)
	freq: 5260.0
	beacon interval: 100 TUs
	capability: ESS Privacy ShortPreamble SpectrumMgmt RadioMeasure (0x1131)
	signal: -55.00 dBm
	last seen: 9 ms ago
	Information elements from Probe Response frame:
	SSID: 01234
	Supported rates: 6.0* 9.0 12.0* 18.0 24.0* 36.0 48.0 54.0 
	DS Parameter set: channel 52
	ERP: <no flags>
	RSN:	 * Version: 1
		 * Group cipher: CCMP
		 * Pairwise ciphers: CCMP
		 * Authentication suites: PSK
		 * Capabilities: 1-PTKSA-RC 1-GTKSA-RC (0x0000)
	HT capabilities:
		Capabilities: 0x9ef
			RX LDPC
			HT20/HT40
			SM Power Save disabled
			RX HT20 SGI
			RX HT40 SGI
			TX STBC
			RX STBC 1-stream
			Max AMSDU length: 7935 bytes
			No DSSS/CCK HT40
		Maximum RX AMPDU length 65535 bytes (exponent: 0x003)
		Minimum RX AMPDU time spacing: 2 usec (0x04)
		HT RX MCS rate indexes supported: 0-15, 32
		HT TX MCS rate indexes are undefined
	HT operation:
		 * primary channel: 52
		 * secondary channel offset: above
		 * STA channel width: any
		 * RIFS: 0
		 * HT protection: no
		 * non-GF present: 0
		 * OBSS non-GF present: 0
		 * dual beacon: 0
		 * dual CTS protection: 0
		 * STBC beacon: 0
		 * L-SIG TXOP Prot: 0
		 * PCO active: 0
		 * PCO phase: 0
	Extended capabilities:
		 * BSS Transition
		 * Interworking
		 * Operating Mode Notification
		 * TWT Responder Support
		 * 85
		 * Max Number Of MSDUs In A-MSDU is unlimited
	802.11u Interworking:
		Network Options: 0x0
			Network Type: 0 (Private)
		Venue Group: 2 (Business)
		Venue Type: 8
		HESSID: 00:00:00:00:00:00
	802.11u Advertisement:
		Query Response Info: 0x7f
			Query Response Length Limit: 127
			ANQP
	WMM:	 * Parameter version 1
		 * BE: CW 15-1023, AIFSN 3
		 * BK: CW 15-1023, AIFSN 7
		 * VI: CW 7-15, AIFSN 2, TXOP 3008 usec
		 * VO: CW 3-7, AIFSN 2, TXOP 1504 usec
	RM enabled capabilities:
		Capabilities: 0x02 0x00 0x01 0x00 0x00
			Neighbor Report
			AP Channel Report
		Nonoperating Channel Max Measurement Duration: 0
		Measurement Pilot Capability: 0
	AP Channel Report:
		 * operating class: 128
		 * channel(s): 42 58 106 122
	Power constraint: 0 dB
	TPC report: TX power: 15 dBm
	Transmit Power Envelope:
	Country: VN	Environment: bogus
		Channels [42 - 54] @ -1 dBm
	VHT capabilities:
		VHT Capabilities (0x33ca79b2):
			Max MPDU length: 11454
			Supported Channel Width: neither 160 nor 80+80
			RX LDPC
			short GI (80 MHz)
			TX STBC
			SU Beamformer
			SU Beamformee
			MU Beamformer
			+HTC-VHT
			RX antenna pattern consistency
			TX antenna pattern consistency
		VHT RX MCS set:
			1 streams: MCS 0-9
			2 streams: MCS 0-9
			3 streams: not supported
			4 streams: not supported
			5 streams: not supported
			6 streams: not supported
			7 streams: not supported
			8 streams: not supported
		VHT RX highest supported: 780 Mbps
		VHT TX MCS set:
			1 streams: MCS 0-9
			2 streams: MCS 0-9
			3 streams: not supported
			4 streams: not supported
			5 streams: not supported
			6 streams: not supported
			7 streams: not supported
			8 streams: not supported
		VHT TX highest supported: 780 Mbps
		VHT extended NSS: supported
	VHT operation:
		 * channel width: 1 (80 MHz)
		 * center freq segment 1: 58
		 * center freq segment 2: 0
		 * VHT basic MCS set: 0xfffc
	HE capabilities:
		HE MAC Capabilities (0x00051a081044):
			+HTC HE Supported
			TWT Responder
			BSR
			OM Control
			Maximum A-MPDU Length Exponent: 3
			BQR
			A-MSDU in A-MPDU
			OM Control UL MU Data Disable RX
		HE PHY Capabilities: (0x0420ce926f12af10110c00):
			HE40/HE80/5GHz
			LDPC Coding in Payload
			NDP with 4x HE-LTF and 3.2us GI
			STBC Tx <= 80MHz
			STBC Rx <= 80MHz
			Full Bandwidth UL MU-MIMO
			Partial Bandwidth UL MU-MIMO
			DCM Max Constellation: 2
			DCM Max Constellation Rx: 2
			SU Beamformer
			SU Beamformee
			MU Beamformer
			Beamformee STS <= 80Mhz: 3
			Beamformee STS > 80Mhz: 3
			Sounding Dimensions <= 80Mhz: 2
			Sounding Dimensions > 80Mhz: 2
			Codebook Size SU Feedback
			Codebook Size MU Feedback
			Triggered SU Beamforming Feedback
			Triggered MU Beamforming Feedback
			Partial Bandwidth Extended Range
			PPE Threshold Present
			Max NC: 2
			HE ER SU PPDU 4x HE-LTF 0.8us GI
			HE ER SU PPDU 1x HE-LTF 0.8us GI
			TX 1024-QAM
			RX 1024-QAM
		HE RX MCS and NSS set <= 80 MHz
			1 streams: MCS 0-11
			2 streams: MCS 0-11
			3 streams: not supported
			4 streams: not supported
			5 streams: not supported
			6 streams: not supported
			7 streams: not supported
			8 streams: not supported
		HE TX MCS and NSS set <= 80 MHz
			1 streams: MCS 0-11
			2 streams: MCS 0-11
			3 streams: not supported
			4 streams: not supported
			5 streams: not supported
			6 streams: not supported
			7 streams: not supported
			8 streams: not supported
		PPE Threshold 0x39 0x1c 0xc7 0x71 0x1c 0x07 
BSS 24:0b:2a:bf:e7:dd(on wlxd0374542d42e)
	TSF: 235992125497 usec (2d, 17:33:12)
	freq: 5260.0
	beacon interval: 100 TUs
	capability: ESS Privacy ShortPreamble SpectrumMgmt APSD RadioMeasure (0x1931)
	signal: -36.00 dBm
	last seen: 9 ms ago
	Information elements from Probe Response frame:
	SSID: ONT6_DUYHH2_AGING
	Supported rates: 6.0* 9.0 12.0* 18.0 24.0* 36.0 48.0 54.0 
	DS Parameter set: channel 52
	ERP: <no flags>
	RSN:	 * Version: 1
		 * Group cipher: CCMP
		 * Pairwise ciphers: CCMP
		 * Authentication suites: PSK
		 * Capabilities: 1-PTKSA-RC 1-GTKSA-RC (0x0000)
	HT capabilities:
		Capabilities: 0x9ef
			RX LDPC
			HT20/HT40
			SM Power Save disabled
			RX HT20 SGI
			RX HT40 SGI
			TX STBC
			RX STBC 1-stream
			Max AMSDU length: 7935 bytes
			No DSSS/CCK HT40
		Maximum RX AMPDU length 65535 bytes (exponent: 0x003)
		Minimum RX AMPDU time spacing: 4 usec (0x05)
		HT RX MCS rate indexes supported: 0-15
		HT TX MCS rate indexes are undefined
	HT operation:
		 * primary channel: 52
		 * secondary channel offset: above
		 * STA channel width: any
		 * RIFS: 0
		 * HT protection: no
		 * non-GF present: 1
		 * OBSS non-GF present: 0
		 * dual beacon: 0
		 * dual CTS protection: 0
		 * STBC beacon: 0
		 * L-SIG TXOP Prot: 0
		 * PCO active: 0
		 * PCO phase: 0
	Extended capabilities:
		 * BSS Transition
		 * Interworking
		 * WNM-Notification
		 * Operating Mode Notification
		 * TWT Responder Support
		 * Max Number Of MSDUs In A-MSDU is unlimited
	BSS Load:
		 * station count: 1
		 * channel utilisation: 37/255
		 * available admission capacity: 31250 [*32us]
	802.11u Interworking:
		Network Options: 0x0
			Network Type: 0 (Private)
		Venue Group: 2 (Business)
		Venue Type: 8
		HESSID: 24:0b:2a:bf:e7:dd
	802.11u Advertisement:
		Query Response Info: 0x7f
			Query Response Length Limit: 127
			ANQP
	WMM:	 * Parameter version 1
		 * u-APSD
		 * BE: CW 15-1023, AIFSN 3
		 * BK: CW 15-1023, AIFSN 7
		 * VI: CW 7-15, AIFSN 2, TXOP 3008 usec
		 * VO: CW 3-7, AIFSN 2, TXOP 1504 usec
	RM enabled capabilities:
		Capabilities: 0x02 0x00 0x01 0x00 0x00
			Neighbor Report
			AP Channel Report
		Nonoperating Channel Max Measurement Duration: 0
		Measurement Pilot Capability: 0
	AP Channel Report:
		 * operating class: 128
		 * channel(s): 42 58 106 122
	Power constraint: 0 dB
	TPC report: TX power: 22 dBm
	Transmit Power Envelope:
	Country: VN	Environment: Indoor/Outdoor
		Channels [42 - 54] @ -1 dBm
	VHT capabilities:
		VHT Capabilities (0x33c979b2):
			Max MPDU length: 11454
			Supported Channel Width: neither 160 nor 80+80
			RX LDPC
			short GI (80 MHz)
			TX STBC
			SU Beamformer
			SU Beamformee
			MU Beamformer
			+HTC-VHT
			RX antenna pattern consistency
			TX antenna pattern consistency
		VHT RX MCS set:
			1 streams: MCS 0-9
			2 streams: MCS 0-9
			3 streams: not supported
			4 streams: not supported
			5 streams: not supported
			6 streams: not supported
			7 streams: not supported
			8 streams: not supported
		VHT RX highest supported: 780 Mbps
		VHT TX MCS set:
			1 streams: MCS 0-9
			2 streams: MCS 0-9
			3 streams: not supported
			4 streams: not supported
			5 streams: not supported
			6 streams: not supported
			7 streams: not supported
			8 streams: not supported
		VHT TX highest supported: 780 Mbps
		VHT extended NSS: supported
	VHT operation:
		 * channel width: 1 (80 MHz)
		 * center freq segment 1: 58
		 * center freq segment 2: 0
		 * VHT basic MCS set: 0xfffc
	HE capabilities:
		HE MAC Capabilities (0x00051a081044):
			+HTC HE Supported
			TWT Responder
			BSR
			OM Control
			Maximum A-MPDU Length Exponent: 3
			BQR
			A-MSDU in A-MPDU
			OM Control UL MU Data Disable RX
		HE PHY Capabilities: (0x0420ce926f09af08110c00):
			HE40/HE80/5GHz
			LDPC Coding in Payload
			NDP with 4x HE-LTF and 3.2us GI
			STBC Tx <= 80MHz
			STBC Rx <= 80MHz
			Full Bandwidth UL MU-MIMO
			Partial Bandwidth UL MU-MIMO
			DCM Max Constellation: 2
			DCM Max Constellation Rx: 2
			SU Beamformer
			SU Beamformee
			MU Beamformer
			Beamformee STS <= 80Mhz: 3
			Beamformee STS > 80Mhz: 3
			Sounding Dimensions <= 80Mhz: 1
			Sounding Dimensions > 80Mhz: 1
			Codebook Size SU Feedback
			Codebook Size MU Feedback
			Triggered SU Beamforming Feedback
			Triggered MU Beamforming Feedback
			Partial Bandwidth Extended Range
			PPE Threshold Present
			Max NC: 1
			HE ER SU PPDU 4x HE-LTF 0.8us GI
			HE ER SU PPDU 1x HE-LTF 0.8us GI
			TX 1024-QAM
			RX 1024-QAM
		HE RX MCS and NSS set <= 80 MHz
			1 streams: MCS 0-11
			2 streams: MCS 0-11
			3 streams: not supported
			4 streams: not supported
			5 streams: not supported
			6 streams: not supported
			7 streams: not supported
			8 streams: not supported
		HE TX MCS and NSS set <= 80 MHz
			1 streams: MCS 0-11
			2 streams: MCS 0-11
			3 streams: not supported
			4 streams: not supported
			5 streams: not supported
			6 streams: not supported
			7 streams: not supported
			8 streams: not supported
		PPE Threshold 0x39 0x1c 0xc7 0x71 0x1c 0x07 
BSS 26:0b:2a:9f:e8:f8(on wlxd0374542d42e)
	TSF: 162944661990 usec (1d, 21:15:44)
	freq: 5280.0
	beacon interval: 100 TUs
	capability: ESS Privacy ShortPreamble SpectrumMgmt APSD RadioMeasure (0x1931)
	signal: -46.00 dBm
	last seen: 9 ms ago
	Information elements from Probe Response frame:
	SSID: VHT-MESH ONT6 5GHz
	Supported rates: 6.0* 9.0 12.0* 18.0 24.0* 36.0 48.0 54.0 
	DS Parameter set: channel 56
	ERP: Barker_Preamble_Mode
	RSN:	 * Version: 1
		 * Group cipher: CCMP
		 * Pairwise ciphers: CCMP
		 * Authentication suites: PSK
		 * Capabilities: 1-PTKSA-RC 1-GTKSA-RC (0x0000)
	HT capabilities:
		Capabilities: 0x9ef
			RX LDPC
			HT20/HT40
			SM Power Save disabled
			RX HT20 SGI
			RX HT40 SGI
			TX STBC
			RX STBC 1-stream
			Max AMSDU length: 7935 bytes
			No DSSS/CCK HT40
		Maximum RX AMPDU length 65535 bytes (exponent: 0x003)
		Minimum RX AMPDU time spacing: 4 usec (0x05)
		HT RX MCS rate indexes supported: 0-15
		HT TX MCS rate indexes are undefined
	HT operation:
		 * primary channel: 56
		 * secondary channel offset: below
		 * STA channel width: any
		 * RIFS: 0
		 * HT protection: no
		 * non-GF present: 1
		 * OBSS non-GF present: 0
		 * dual beacon: 0
		 * dual CTS protection: 0
		 * STBC beacon: 0
		 * L-SIG TXOP Prot: 0
		 * PCO active: 0
		 * PCO phase: 0
	Extended capabilities:
		 * BSS Transition
		 * Interworking
		 * Operating Mode Notification
		 * TWT Responder Support
		 * Max Number Of MSDUs In A-MSDU is unlimited
	BSS Load:
		 * station count: 1
		 * channel utilisation: 99/255
		 * available admission capacity: 31250 [*32us]
	WMM:	 * Parameter version 1
		 * u-APSD
		 * BE: CW 15-1023, AIFSN 3
		 * BK: CW 15-1023, AIFSN 7
		 * VI: CW 7-15, AIFSN 2, TXOP 3008 usec
		 * VO: CW 3-7, AIFSN 2, TXOP 1504 usec
	RM enabled capabilities:
		Capabilities: 0x02 0x00 0x01 0x00 0x00
			Neighbor Report
			AP Channel Report
		Nonoperating Channel Max Measurement Duration: 0
		Measurement Pilot Capability: 0
	AP Channel Report:
		 * operating class: 128
		 * channel(s): 42 58 106 122
	Power constraint: 0 dB
	TPC report: TX power: 22 dBm
	Transmit Power Envelope:
	Country: VN	Environment: bogus
		Channels [42 - 54] @ -1 dBm
	VHT capabilities:
		VHT Capabilities (0x33c979b2):
			Max MPDU length: 11454
			Supported Channel Width: neither 160 nor 80+80
			RX LDPC
			short GI (80 MHz)
			TX STBC
			SU Beamformer
			SU Beamformee
			MU Beamformer
			+HTC-VHT
			RX antenna pattern consistency
			TX antenna pattern consistency
		VHT RX MCS set:
			1 streams: MCS 0-9
			2 streams: MCS 0-9
			3 streams: not supported
			4 streams: not supported
			5 streams: not supported
			6 streams: not supported
			7 streams: not supported
			8 streams: not supported
		VHT RX highest supported: 780 Mbps
		VHT TX MCS set:
			1 streams: MCS 0-9
			2 streams: MCS 0-9
			3 streams: not supported
			4 streams: not supported
			5 streams: not supported
			6 streams: not supported
			7 streams: not supported
			8 streams: not supported
		VHT TX highest supported: 780 Mbps
		VHT extended NSS: supported
	VHT operation:
		 * channel width: 1 (80 MHz)
		 * center freq segment 1: 58
		 * center freq segment 2: 0
		 * VHT basic MCS set: 0xfffc
	HE capabilities:
		HE MAC Capabilities (0x00051a081044):
			+HTC HE Supported
			TWT Responder
			BSR
			OM Control
			Maximum A-MPDU Length Exponent: 3
			BQR
			A-MSDU in A-MPDU
			OM Control UL MU Data Disable RX
		HE PHY Capabilities: (0x0420ce926f09af08110c00):
			HE40/HE80/5GHz
			LDPC Coding in Payload
			NDP with 4x HE-LTF and 3.2us GI
			STBC Tx <= 80MHz
			STBC Rx <= 80MHz
			Full Bandwidth UL MU-MIMO
			Partial Bandwidth UL MU-MIMO
			DCM Max Constellation: 2
			DCM Max Constellation Rx: 2
			SU Beamformer
			SU Beamformee
			MU Beamformer
			Beamformee STS <= 80Mhz: 3
			Beamformee STS > 80Mhz: 3
			Sounding Dimensions <= 80Mhz: 1
			Sounding Dimensions > 80Mhz: 1
			Codebook Size SU Feedback
			Codebook Size MU Feedback
			Triggered SU Beamforming Feedback
			Triggered MU Beamforming Feedback
			Partial Bandwidth Extended Range
			PPE Threshold Present
			Max NC: 1
			HE ER SU PPDU 4x HE-LTF 0.8us GI
			HE ER SU PPDU 1x HE-LTF 0.8us GI
			TX 1024-QAM
			RX 1024-QAM
		HE RX MCS and NSS set <= 80 MHz
			1 streams: MCS 0-11
			2 streams: MCS 0-11
			3 streams: not supported
			4 streams: not supported
			5 streams: not supported
			6 streams: not supported
			7 streams: not supported
			8 streams: not supported
		HE TX MCS and NSS set <= 80 MHz
			1 streams: MCS 0-11
			2 streams: MCS 0-11
			3 streams: not supported
			4 streams: not supported
			5 streams: not supported
			6 streams: not supported
			7 streams: not supported
			8 streams: not supported
		PPE Threshold 0x39 0x1c 0xc7 0x71 0x1c 0x07 
BSS 24:0b:2a:bf:e8:f9(on wlxd0374542d42e)
	TSF: 162944664670 usec (1d, 21:15:44)
	freq: 5280.0
	beacon interval: 100 TUs
	capability: ESS Privacy ShortPreamble SpectrumMgmt APSD RadioMeasure (0x1931)
	signal: -46.00 dBm
	last seen: 9 ms ago
	Information elements from Probe Response frame:
	SSID: VHT-MESH ONT6
	Supported rates: 6.0* 9.0 12.0* 18.0 24.0* 36.0 48.0 54.0 
	DS Parameter set: channel 56
	ERP: Barker_Preamble_Mode
	RSN:	 * Version: 1
		 * Group cipher: CCMP
		 * Pairwise ciphers: CCMP
		 * Authentication suites: PSK
		 * Capabilities: 1-PTKSA-RC 1-GTKSA-RC (0x0000)
	HT capabilities:
		Capabilities: 0x9ef
			RX LDPC
			HT20/HT40
			SM Power Save disabled
			RX HT20 SGI
			RX HT40 SGI
			TX STBC
			RX STBC 1-stream
			Max AMSDU length: 7935 bytes
			No DSSS/CCK HT40
		Maximum RX AMPDU length 65535 bytes (exponent: 0x003)
		Minimum RX AMPDU time spacing: 4 usec (0x05)
		HT RX MCS rate indexes supported: 0-15
		HT TX MCS rate indexes are undefined
	HT operation:
		 * primary channel: 56
		 * secondary channel offset: below
		 * STA channel width: any
		 * RIFS: 0
		 * HT protection: no
		 * non-GF present: 1
		 * OBSS non-GF present: 0
		 * dual beacon: 0
		 * dual CTS protection: 0
		 * STBC beacon: 0
		 * L-SIG TXOP Prot: 0
		 * PCO active: 0
		 * PCO phase: 0
	Extended capabilities:
		 * BSS Transition
		 * Interworking
		 * WNM-Notification
		 * Operating Mode Notification
		 * TWT Responder Support
		 * Max Number Of MSDUs In A-MSDU is unlimited
	BSS Load:
		 * station count: 1
		 * channel utilisation: 99/255
		 * available admission capacity: 31250 [*32us]
	802.11u Interworking:
		Network Options: 0x0
			Network Type: 0 (Private)
		Venue Group: 2 (Business)
		Venue Type: 8
		HESSID: 24:0b:2a:bf:e8:f9
	802.11u Advertisement:
		Query Response Info: 0x7f
			Query Response Length Limit: 127
			ANQP
	WMM:	 * Parameter version 1
		 * u-APSD
		 * BE: CW 15-1023, AIFSN 3
		 * BK: CW 15-1023, AIFSN 7
		 * VI: CW 7-15, AIFSN 2, TXOP 3008 usec
		 * VO: CW 3-7, AIFSN 2, TXOP 1504 usec
	RM enabled capabilities:
		Capabilities: 0x02 0x00 0x01 0x00 0x00
			Neighbor Report
			AP Channel Report
		Nonoperating Channel Max Measurement Duration: 0
		Measurement Pilot Capability: 0
	AP Channel Report:
		 * operating class: 128
		 * channel(s): 42 58 106 122
	Power constraint: 0 dB
	TPC report: TX power: 22 dBm
	Transmit Power Envelope:
	Country: VN	Environment: bogus
		Channels [42 - 54] @ -1 dBm
	VHT capabilities:
		VHT Capabilities (0x33c979b2):
			Max MPDU length: 11454
			Supported Channel Width: neither 160 nor 80+80
			RX LDPC
			short GI (80 MHz)
			TX STBC
			SU Beamformer
			SU Beamformee
			MU Beamformer
			+HTC-VHT
			RX antenna pattern consistency
			TX antenna pattern consistency
		VHT RX MCS set:
			1 streams: MCS 0-9
			2 streams: MCS 0-9
			3 streams: not supported
			4 streams: not supported
			5 streams: not supported
			6 streams: not supported
			7 streams: not supported
			8 streams: not supported
		VHT RX highest supported: 780 Mbps
		VHT TX MCS set:
			1 streams: MCS 0-9
			2 streams: MCS 0-9
			3 streams: not supported
			4 streams: not supported
			5 streams: not supported
			6 streams: not supported
			7 streams: not supported
			8 streams: not supported
		VHT TX highest supported: 780 Mbps
		VHT extended NSS: supported
	VHT operation:
		 * channel width: 1 (80 MHz)
		 * center freq segment 1: 58
		 * center freq segment 2: 0
		 * VHT basic MCS set: 0xfffc
	HE capabilities:
		HE MAC Capabilities (0x00051a081044):
			+HTC HE Supported
			TWT Responder
			BSR
			OM Control
			Maximum A-MPDU Length Exponent: 3
			BQR
			A-MSDU in A-MPDU
			OM Control UL MU Data Disable RX
		HE PHY Capabilities: (0x0420ce926f09af08110c00):
			HE40/HE80/5GHz
			LDPC Coding in Payload
			NDP with 4x HE-LTF and 3.2us GI
			STBC Tx <= 80MHz
			STBC Rx <= 80MHz
			Full Bandwidth UL MU-MIMO
			Partial Bandwidth UL MU-MIMO
			DCM Max Constellation: 2
			DCM Max Constellation Rx: 2
			SU Beamformer
			SU Beamformee
			MU Beamformer
			Beamformee STS <= 80Mhz: 3
			Beamformee STS > 80Mhz: 3
			Sounding Dimensions <= 80Mhz: 1
			Sounding Dimensions > 80Mhz: 1
			Codebook Size SU Feedback
			Codebook Size MU Feedback
			Triggered SU Beamforming Feedback
			Triggered MU Beamforming Feedback
			Partial Bandwidth Extended Range
			PPE Threshold Present
			Max NC: 1
			HE ER SU PPDU 4x HE-LTF 0.8us GI
			HE ER SU PPDU 1x HE-LTF 0.8us GI
			TX 1024-QAM
			RX 1024-QAM
		HE RX MCS and NSS set <= 80 MHz
			1 streams: MCS 0-11
			2 streams: MCS 0-11
			3 streams: not supported
			4 streams: not supported
			5 streams: not supported
			6 streams: not supported
			7 streams: not supported
			8 streams: not supported
		HE TX MCS and NSS set <= 80 MHz
			1 streams: MCS 0-11
			2 streams: MCS 0-11
			3 streams: not supported
			4 streams: not supported
			5 streams: not supported
			6 streams: not supported
			7 streams: not supported
			8 streams: not supported
		PPE Threshold 0x39 0x1c 0xc7 0x71 0x1c 0x07 
BSS 24:0b:2a:27:ec:87(on wlxd0374542d42e)
	TSF: 236073169552 usec (2d, 17:34:33)
	freq: 5300.0
	beacon interval: 100 TUs
	capability: ESS Privacy ShortPreamble RadioMeasure (0x1031)
	signal: -51.00 dBm
	last seen: 8 ms ago
	Information elements from Probe Response frame:
	SSID: DVSBH
	Supported rates: 6.0* 9.0 12.0* 18.0 24.0* 36.0 48.0 54.0 
	DS Parameter set: channel 60
	HT capabilities:
		Capabilities: 0x9ef
			RX LDPC
			HT20/HT40
			SM Power Save disabled
			RX HT20 SGI
			RX HT40 SGI
			TX STBC
			RX STBC 1-stream
			Max AMSDU length: 7935 bytes
			No DSSS/CCK HT40
		Maximum RX AMPDU length 65535 bytes (exponent: 0x003)
		Minimum RX AMPDU time spacing: 4 usec (0x05)
		HT RX MCS rate indexes supported: 0-15, 32
		HT TX MCS rate indexes are undefined
	HT operation:
		 * primary channel: 60
		 * secondary channel offset: above
		 * STA channel width: any
		 * RIFS: 0
		 * HT protection: 20 MHz
		 * non-GF present: 1
		 * OBSS non-GF present: 0
		 * dual beacon: 0
		 * dual CTS protection: 0
		 * STBC beacon: 0
		 * L-SIG TXOP Prot: 0
		 * PCO active: 0
		 * PCO phase: 0
	RSN:	 * Version: 1
		 * Group cipher: CCMP
		 * Pairwise ciphers: CCMP
		 * Authentication suites: PSK
		 * Capabilities: 1-PTKSA-RC 1-GTKSA-RC (0x0000)
	802.11u Interworking:
		Network Options: 0x0
			Network Type: 0 (Private)
		Venue Group: 2 (Business)
		Venue Type: 8
		HESSID: 24:0b:2a:27:ec:87
	802.11u Advertisement:
		Query Response Info: 0x7f
			Query Response Length Limit: 127
			ANQP
	Extended capabilities:
		 * BSS Transition
		 * Interworking
		 * QoS Map
		 * WNM-Notification
		 * Max Number Of MSDUs In A-MSDU is unlimited
	BSS Load:
		 * station count: 9
		 * channel utilisation: 109/255
		 * available admission capacity: 31250 [*32us]
	WMM:	 * Parameter version 1
		 * BE: CW 15-1023, AIFSN 3
		 * BK: CW 15-1023, AIFSN 7
		 * VI: CW 7-15, AIFSN 2, TXOP 3008 usec
		 * VO: CW 3-7, AIFSN 2, TXOP 1504 usec
	RM enabled capabilities:
		Capabilities: 0x72 0x00 0x01 0x00 0x00
			Neighbor Report
			Beacon Passive Measurement
			Beacon Active Measurement
			Beacon Table Measurement
			AP Channel Report
		Nonoperating Channel Max Measurement Duration: 0
		Measurement Pilot Capability: 0
	AP Channel Report:
		 * operating class: 128
		 * channel(s): 42 58 106 122 138 155
	Power constraint: 3 dB
	TPC report: TX power: 63 dBm
	Transmit Power Envelope:
		 * Local Maximum Transmit Power For 20 MHz: 15 dBm
		 * Local Maximum Transmit Power For 40 MHz: 15 dBm
		 * Local Maximum Transmit Power For 80 MHz: 15 dBm
	Country: VN	Environment: Indoor/Outdoor
		Channels [42 - 62] @ -1 dBm
	VHT capabilities:
		VHT Capabilities (0x33c179b1):
			Max MPDU length: 7991
			Supported Channel Width: neither 160 nor 80+80
			RX LDPC
			short GI (80 MHz)
			TX STBC
			SU Beamformer
			SU Beamformee
			+HTC-VHT
			RX antenna pattern consistency
			TX antenna pattern consistency
		VHT RX MCS set:
			1 streams: MCS 0-9
			2 streams: MCS 0-9
			3 streams: not supported
			4 streams: not supported
			5 streams: not supported
			6 streams: not supported
			7 streams: not supported
			8 streams: not supported
		VHT RX highest supported: 780 Mbps
		VHT TX MCS set:
			1 streams: MCS 0-9
			2 streams: MCS 0-9
			3 streams: not supported
			4 streams: not supported
			5 streams: not supported
			6 streams: not supported
			7 streams: not supported
			8 streams: not supported
		VHT TX highest supported: 780 Mbps
		VHT extended NSS: not supported
	VHT operation:
		 * channel width: 1 (80 MHz)
		 * center freq segment 1: 58
		 * center freq segment 2: 0
		 * VHT basic MCS set: 0xfffa
BSS 24:0b:2a:79:9f:4d(on wlxd0374542d42e)
	TSF: 63998060019 usec (0d, 17:46:38)
	freq: 5300.0
	beacon interval: 100 TUs
	capability: ESS Privacy ShortPreamble SpectrumMgmt APSD RadioMeasure (0x1931)
	signal: -45.00 dBm
	last seen: 8 ms ago
	Information elements from Probe Response frame:
	SSID: VIETTEL_799F48
	Supported rates: 6.0* 9.0 12.0* 18.0 24.0* 36.0 48.0 54.0 
	DS Parameter set: channel 60
	ERP: Barker_Preamble_Mode
	RSN:	 * Version: 1
		 * Group cipher: CCMP
		 * Pairwise ciphers: CCMP
		 * Authentication suites: PSK
		 * Capabilities: 1-PTKSA-RC 1-GTKSA-RC (0x0000)
	HT capabilities:
		Capabilities: 0x9ef
			RX LDPC
			HT20/HT40
			SM Power Save disabled
			RX HT20 SGI
			RX HT40 SGI
			TX STBC
			RX STBC 1-stream
			Max AMSDU length: 7935 bytes
			No DSSS/CCK HT40
		Maximum RX AMPDU length 65535 bytes (exponent: 0x003)
		Minimum RX AMPDU time spacing: 4 usec (0x05)
		HT RX MCS rate indexes supported: 0-15
		HT TX MCS rate indexes are undefined
	HT operation:
		 * primary channel: 60
		 * secondary channel offset: above
		 * STA channel width: any
		 * RIFS: 0
		 * HT protection: no
		 * non-GF present: 1
		 * OBSS non-GF present: 0
		 * dual beacon: 0
		 * dual CTS protection: 0
		 * STBC beacon: 0
		 * L-SIG TXOP Prot: 0
		 * PCO active: 0
		 * PCO phase: 0
	Extended capabilities:
		 * BSS Transition
		 * Interworking
		 * Operating Mode Notification
		 * Max Number Of MSDUs In A-MSDU is unlimited
	BSS Load:
		 * station count: 1
		 * channel utilisation: 39/255
		 * available admission capacity: 31250 [*32us]
	WMM:	 * Parameter version 1
		 * u-APSD
		 * BE: CW 15-1023, AIFSN 3
		 * BK: CW 15-1023, AIFSN 7
		 * VI: CW 7-15, AIFSN 2, TXOP 3008 usec
		 * VO: CW 3-7, AIFSN 2, TXOP 1504 usec
	RM enabled capabilities:
		Capabilities: 0x02 0x00 0x01 0x00 0x00
			Neighbor Report
			AP Channel Report
		Nonoperating Channel Max Measurement Duration: 0
		Measurement Pilot Capability: 0
	AP Channel Report:
		 * operating class: 128
		 * channel(s): 42 58 106 122
	Power constraint: 0 dB
	TPC report: TX power: 22 dBm
	Transmit Power Envelope:
	Country: VN	Environment: Indoor/Outdoor
		Channels [42 - 54] @ -1 dBm
	VHT capabilities:
		VHT Capabilities (0x33ca79b2):
			Max MPDU length: 11454
			Supported Channel Width: neither 160 nor 80+80
			RX LDPC
			short GI (80 MHz)
			TX STBC
			SU Beamformer
			SU Beamformee
			MU Beamformer
			+HTC-VHT
			RX antenna pattern consistency
			TX antenna pattern consistency
		VHT RX MCS set:
			1 streams: MCS 0-9
			2 streams: MCS 0-9
			3 streams: not supported
			4 streams: not supported
			5 streams: not supported
			6 streams: not supported
			7 streams: not supported
			8 streams: not supported
		VHT RX highest supported: 780 Mbps
		VHT TX MCS set:
			1 streams: MCS 0-9
			2 streams: MCS 0-9
			3 streams: not supported
			4 streams: not supported
			5 streams: not supported
			6 streams: not supported
			7 streams: not supported
			8 streams: not supported
		VHT TX highest supported: 780 Mbps
		VHT extended NSS: supported
	VHT operation:
		 * channel width: 1 (80 MHz)
		 * center freq segment 1: 58
		 * center freq segment 2: 0
		 * VHT basic MCS set: 0xfffc
	HE capabilities:
		HE MAC Capabilities (0x00011a081044):
			+HTC HE Supported
			BSR
			OM Control
			Maximum A-MPDU Length Exponent: 3
			BQR
			A-MSDU in A-MPDU
			OM Control UL MU Data Disable RX
		HE PHY Capabilities: (0x0420ce926f12af10110c00):
			HE40/HE80/5GHz
			LDPC Coding in Payload
			NDP with 4x HE-LTF and 3.2us GI
			STBC Tx <= 80MHz
			STBC Rx <= 80MHz
			Full Bandwidth UL MU-MIMO
			Partial Bandwidth UL MU-MIMO
			DCM Max Constellation: 2
			DCM Max Constellation Rx: 2
			SU Beamformer
			SU Beamformee
			MU Beamformer
			Beamformee STS <= 80Mhz: 3
			Beamformee STS > 80Mhz: 3
			Sounding Dimensions <= 80Mhz: 2
			Sounding Dimensions > 80Mhz: 2
			Codebook Size SU Feedback
			Codebook Size MU Feedback
			Triggered SU Beamforming Feedback
			Triggered MU Beamforming Feedback
			Partial Bandwidth Extended Range
			PPE Threshold Present
			Max NC: 2
			HE ER SU PPDU 4x HE-LTF 0.8us GI
			HE ER SU PPDU 1x HE-LTF 0.8us GI
			TX 1024-QAM
			RX 1024-QAM
		HE RX MCS and NSS set <= 80 MHz
			1 streams: MCS 0-11
			2 streams: MCS 0-11
			3 streams: not supported
			4 streams: not supported
			5 streams: not supported
			6 streams: not supported
			7 streams: not supported
			8 streams: not supported
		HE TX MCS and NSS set <= 80 MHz
			1 streams: MCS 0-11
			2 streams: MCS 0-11
			3 streams: not supported
			4 streams: not supported
			5 streams: not supported
			6 streams: not supported
			7 streams: not supported
			8 streams: not supported
		PPE Threshold 0x39 0x1c 0xc7 0x71 0x1c 0x07 
BSS 26:0b:2a:37:ec:87(on wlxd0374542d42e)
	TSF: 236073168160 usec (2d, 17:34:33)
	freq: 5300.0
	beacon interval: 100 TUs
	capability: ESS Privacy ShortPreamble RadioMeasure (0x1031)
	signal: -50.00 dBm
	last seen: 5724 ms ago
	Supported rates: 6.0* 9.0 12.0* 18.0 24.0* 36.0 48.0 54.0 
	DS Parameter set: channel 60
	TIM: DTIM Count 0 DTIM Period 1 Bitmap Control 0x0 Bitmap[0] 0x0
	Country: VN	Environment: Indoor/Outdoor
		Channels [42 - 62] @ -1 dBm
	Power constraint: 0 dB
	TPC report: TX power: 63 dBm
	Transmit Power Envelope:
		 * Local Maximum Transmit Power For 20 MHz: 15 dBm
		 * Local Maximum Transmit Power For 40 MHz: 15 dBm
		 * Local Maximum Transmit Power For 80 MHz: 15 dBm
	RM enabled capabilities:
		Capabilities: 0x72 0x00 0x01 0x00 0x00
			Neighbor Report
			Beacon Passive Measurement
			Beacon Active Measurement
			Beacon Table Measurement
			AP Channel Report
		Nonoperating Channel Max Measurement Duration: 0
		Measurement Pilot Capability: 0
	AP Channel Report:
		 * operating class: 128
		 * channel(s): 42 58 106 122 138 155
	RSN:	 * Version: 1
		 * Group cipher: CCMP
		 * Pairwise ciphers: CCMP
		 * Authentication suites: PSK
		 * Capabilities: 1-PTKSA-RC 1-GTKSA-RC (0x0000)
	BSS Load:
		 * station count: 9
		 * channel utilisation: 136/255
		 * available admission capacity: 31250 [*32us]
	HT capabilities:
		Capabilities: 0x9ef
			RX LDPC
			HT20/HT40
			SM Power Save disabled
			RX HT20 SGI
			RX HT40 SGI
			TX STBC
			RX STBC 1-stream
			Max AMSDU length: 7935 bytes
			No DSSS/CCK HT40
		Maximum RX AMPDU length 65535 bytes (exponent: 0x003)
		Minimum RX AMPDU time spacing: 4 usec (0x05)
		HT RX MCS rate indexes supported: 0-15, 32
		HT TX MCS rate indexes are undefined
	HT operation:
		 * primary channel: 60
		 * secondary channel offset: above
		 * STA channel width: any
		 * RIFS: 0
		 * HT protection: 20 MHz
		 * non-GF present: 1
		 * OBSS non-GF present: 0
		 * dual beacon: 0
		 * dual CTS protection: 0
		 * STBC beacon: 0
		 * L-SIG TXOP Prot: 0
		 * PCO active: 0
		 * PCO phase: 0
	VHT capabilities:
		VHT Capabilities (0x33c179b1):
			Max MPDU length: 7991
			Supported Channel Width: neither 160 nor 80+80
			RX LDPC
			short GI (80 MHz)
			TX STBC
			SU Beamformer
			SU Beamformee
			+HTC-VHT
			RX antenna pattern consistency
			TX antenna pattern consistency
		VHT RX MCS set:
			1 streams: MCS 0-9
			2 streams: MCS 0-9
			3 streams: not supported
			4 streams: not supported
			5 streams: not supported
			6 streams: not supported
			7 streams: not supported
			8 streams: not supported
		VHT RX highest supported: 780 Mbps
		VHT TX MCS set:
			1 streams: MCS 0-9
			2 streams: MCS 0-9
			3 streams: not supported
			4 streams: not supported
			5 streams: not supported
			6 streams: not supported
			7 streams: not supported
			8 streams: not supported
		VHT TX highest supported: 780 Mbps
		VHT extended NSS: not supported
	VHT operation:
		 * channel width: 1 (80 MHz)
		 * center freq segment 1: 58
		 * center freq segment 2: 0
		 * VHT basic MCS set: 0xfffa
	Extended capabilities:
		 * BSS Transition
		 * Interworking
		 * Operating Mode Notification
		 * Max Number Of MSDUs In A-MSDU is unlimited
	WMM:	 * Parameter version 1
		 * BE: CW 15-1023, AIFSN 3
		 * BK: CW 15-1023, AIFSN 7
		 * VI: CW 7-15, AIFSN 2, TXOP 3008 usec
		 * VO: CW 3-7, AIFSN 2, TXOP 1504 usec
BSS 24:0b:88:45:18:2d(on wlxd0374542d42e)
	TSF: 235884136827 usec (2d, 17:31:24)
	freq: 5320.0
	beacon interval: 100 TUs
	capability: ESS Privacy SpectrumMgmt APSD RadioMeasure (0x1911)
	signal: -68.00 dBm
	last seen: 8 ms ago
	Information elements from Probe Response frame:
	SSID: VIETTEL-0E22
	Supported rates: 6.0* 9.0 12.0* 18.0 24.0* 36.0 48.0 54.0 
	DS Parameter set: channel 64
	WPA:	 * Version: 1
		 * Group cipher: TKIP
		 * Pairwise ciphers: TKIP CCMP
		 * Authentication suites: PSK
	RSN:	 * Version: 1
		 * Group cipher: TKIP
		 * Pairwise ciphers: TKIP CCMP
		 * Authentication suites: PSK
		 * Capabilities: 1-PTKSA-RC 1-GTKSA-RC (0x0000)
	HT capabilities:
		Capabilities: 0x1ef
			RX LDPC
			HT20/HT40
			SM Power Save disabled
			RX HT20 SGI
			RX HT40 SGI
			TX STBC
			RX STBC 1-stream
			Max AMSDU length: 3839 bytes
			No DSSS/CCK HT40
		Maximum RX AMPDU length 65535 bytes (exponent: 0x003)
		Minimum RX AMPDU time spacing: 4 usec (0x05)
		HT RX MCS rate indexes supported: 0-15, 32
		HT TX MCS rate indexes are undefined
	HT operation:
		 * primary channel: 64
		 * secondary channel offset: below
		 * STA channel width: any
		 * RIFS: 0
		 * HT protection: no
		 * non-GF present: 0
		 * OBSS non-GF present: 0
		 * dual beacon: 0
		 * dual CTS protection: 0
		 * STBC beacon: 0
		 * L-SIG TXOP Prot: 0
		 * PCO active: 0
		 * PCO phase: 0
	Extended capabilities:
		 * BSS Transition
		 * Interworking
		 * Operating Mode Notification
		 * Max Number Of MSDUs In A-MSDU is unlimited
	BSS Load:
		 * station count: 0
		 * channel utilisation: 17/255
		 * available admission capacity: 31250 [*32us]
	WMM:	 * Parameter version 1
		 * u-APSD
		 * BE: CW 15-1023, AIFSN 3
		 * BK: CW 15-1023, AIFSN 7
		 * VI: CW 7-15, AIFSN 2, TXOP 3008 usec
		 * VO: CW 3-7, AIFSN 2, TXOP 1504 usec
	RM enabled capabilities:
		Capabilities: 0x02 0x00 0x00 0x00 0x00
			Neighbor Report
		Nonoperating Channel Max Measurement Duration: 0
		Measurement Pilot Capability: 0
	AP Channel Report:
		 * operating class: 128
		 * channel(s): 42 58 106 122
	Power constraint: 3 dB
	TPC report: TX power: 63 dBm
	Transmit Power Envelope:
		 * Local Maximum Transmit Power For 20 MHz: 15 dBm
		 * Local Maximum Transmit Power For 40 MHz: 15 dBm
		 * Local Maximum Transmit Power For 80 MHz: 15 dBm
	Country: VN	Environment: Indoor/Outdoor
		Channels [42 - 54] @ -1 dBm
	VHT capabilities:
		VHT Capabilities (0x33c179b1):
			Max MPDU length: 7991
			Supported Channel Width: neither 160 nor 80+80
			RX LDPC
			short GI (80 MHz)
			TX STBC
			SU Beamformer
			SU Beamformee
			+HTC-VHT
			RX antenna pattern consistency
			TX antenna pattern consistency
		VHT RX MCS set:
			1 streams: MCS 0-9
			2 streams: MCS 0-9
			3 streams: not supported
			4 streams: not supported
			5 streams: not supported
			6 streams: not supported
			7 streams: not supported
			8 streams: not supported
		VHT RX highest supported: 780 Mbps
		VHT TX MCS set:
			1 streams: MCS 0-9
			2 streams: MCS 0-9
			3 streams: not supported
			4 streams: not supported
			5 streams: not supported
			6 streams: not supported
			7 streams: not supported
			8 streams: not supported
		VHT TX highest supported: 780 Mbps
		VHT extended NSS: not supported
	VHT operation:
		 * channel width: 1 (80 MHz)
		 * center freq segment 1: 58
		 * center freq segment 2: 0
		 * VHT basic MCS set: 0xfffa
BSS 26:0b:88:45:18:2d(on wlxd0374542d42e)
	TSF: 235884134466 usec (2d, 17:31:24)
	freq: 5320.0
	beacon interval: 100 TUs
	capability: ESS Privacy SpectrumMgmt APSD RadioMeasure (0x1911)
	signal: -69.00 dBm
	last seen: 5430 ms ago
	Supported rates: 6.0* 9.0 12.0* 18.0 24.0* 36.0 48.0 54.0 
	DS Parameter set: channel 64
	TIM: DTIM Count 0 DTIM Period 1 Bitmap Control 0x0 Bitmap[0] 0x0
	Country: VN	Environment: Indoor/Outdoor
		Channels [42 - 54] @ -1 dBm
	Power constraint: 0 dB
	TPC report: TX power: 63 dBm
	Transmit Power Envelope:
		 * Local Maximum Transmit Power For 20 MHz: 15 dBm
		 * Local Maximum Transmit Power For 40 MHz: 15 dBm
		 * Local Maximum Transmit Power For 80 MHz: 15 dBm
	RM enabled capabilities:
		Capabilities: 0x02 0x00 0x00 0x00 0x00
			Neighbor Report
		Nonoperating Channel Max Measurement Duration: 0
		Measurement Pilot Capability: 0
	AP Channel Report:
		 * operating class: 128
		 * channel(s): 42 58 106 122
	RSN:	 * Version: 1
		 * Group cipher: CCMP
		 * Pairwise ciphers: CCMP
		 * Authentication suites: PSK
		 * Capabilities: 1-PTKSA-RC 1-GTKSA-RC (0x0000)
	BSS Load:
		 * station count: 0
		 * channel utilisation: 23/255
		 * available admission capacity: 31250 [*32us]
	HT capabilities:
		Capabilities: 0x1ef
			RX LDPC
			HT20/HT40
			SM Power Save disabled
			RX HT20 SGI
			RX HT40 SGI
			TX STBC
			RX STBC 1-stream
			Max AMSDU length: 3839 bytes
			No DSSS/CCK HT40
		Maximum RX AMPDU length 65535 bytes (exponent: 0x003)
		Minimum RX AMPDU time spacing: No restriction (0x00)
		HT RX MCS rate indexes supported: 0-15, 32
		HT TX MCS rate indexes are undefined
	HT operation:
		 * primary channel: 64
		 * secondary channel offset: below
		 * STA channel width: any
		 * RIFS: 0
		 * HT protection: no
		 * non-GF present: 0
		 * OBSS non-GF present: 0
		 * dual beacon: 0
		 * dual CTS protection: 0
		 * STBC beacon: 0
		 * L-SIG TXOP Prot: 0
		 * PCO active: 0
		 * PCO phase: 0
	VHT capabilities:
		VHT Capabilities (0x33c179b1):
			Max MPDU length: 7991
			Supported Channel Width: neither 160 nor 80+80
			RX LDPC
			short GI (80 MHz)
			TX STBC
			SU Beamformer
			SU Beamformee
			+HTC-VHT
			RX antenna pattern consistency
			TX antenna pattern consistency
		VHT RX MCS set:
			1 streams: MCS 0-9
			2 streams: MCS 0-9
			3 streams: not supported
			4 streams: not supported
			5 streams: not supported
			6 streams: not supported
			7 streams: not supported
			8 streams: not supported
		VHT RX highest supported: 780 Mbps
		VHT TX MCS set:
			1 streams: MCS 0-9
			2 streams: MCS 0-9
			3 streams: not supported
			4 streams: not supported
			5 streams: not supported
			6 streams: not supported
			7 streams: not supported
			8 streams: not supported
		VHT TX highest supported: 780 Mbps
		VHT extended NSS: not supported
	VHT operation:
		 * channel width: 1 (80 MHz)
		 * center freq segment 1: 58
		 * center freq segment 2: 0
		 * VHT basic MCS set: 0xfffa
	Extended capabilities:
		 * BSS Transition
		 * Interworking
		 * Operating Mode Notification
		 * Max Number Of MSDUs In A-MSDU is unlimited
	WMM:	 * Parameter version 1
		 * u-APSD
		 * BE: CW 15-1023, AIFSN 3
		 * BK: CW 15-1023, AIFSN 7
		 * VI: CW 7-15, AIFSN 2, TXOP 3008 usec
		 * VO: CW 3-7, AIFSN 2, TXOP 1504 usec
BSS 26:0b:2a:ff:e9:5d(on wlxd0374542d42e)
	TSF: 165594112093 usec (1d, 21:59:54)
	freq: 5500.0
	beacon interval: 100 TUs
	capability: ESS Privacy ShortPreamble SpectrumMgmt RadioMeasure (0x1131)
	signal: -38.00 dBm
	last seen: 5167 ms ago
	Supported rates: 6.0* 9.0 12.0* 18.0 24.0* 36.0 48.0 54.0 
	DS Parameter set: channel 100
	TIM: DTIM Count 0 DTIM Period 1 Bitmap Control 0x0 Bitmap[0] 0x0
	Country: VN	Environment: bogus
		Channels [36 - 64] @ 30 dBm
		Channels [100 - 120] @ 30 dBm
		Channels [149 - 161] @ 30 dBm
	Power constraint: 0 dB
	TPC report: TX power: 13 dBm
	Transmit Power Envelope:
	RM enabled capabilities:
		Capabilities: 0x02 0x00 0x01 0x00 0x00
			Neighbor Report
			AP Channel Report
		Nonoperating Channel Max Measurement Duration: 0
		Measurement Pilot Capability: 0
	AP Channel Report:
		 * operating class: 128
		 * channel(s): 42 58 106 122
	RSN:	 * Version: 1
		 * Group cipher: CCMP
		 * Pairwise ciphers: CCMP
		 * Authentication suites: PSK SAE
		 * Capabilities: 1-PTKSA-RC 1-GTKSA-RC MFP-capable (0x0080)
		 * 0 PMKIDs
		 * Group mgmt cipher suite: AES-128-CMAC
	HT capabilities:
		Capabilities: 0x9ef
			RX LDPC
			HT20/HT40
			SM Power Save disabled
			RX HT20 SGI
			RX HT40 SGI
			TX STBC
			RX STBC 1-stream
			Max AMSDU length: 7935 bytes
			No DSSS/CCK HT40
		Maximum RX AMPDU length 65535 bytes (exponent: 0x003)
		Minimum RX AMPDU time spacing: 2 usec (0x04)
		HT RX MCS rate indexes supported: 0-15
		HT TX MCS rate indexes are undefined
	HT operation:
		 * primary channel: 100
		 * secondary channel offset: above
		 * STA channel width: any
		 * RIFS: 0
		 * HT protection: no
		 * non-GF present: 1
		 * OBSS non-GF present: 0
		 * dual beacon: 0
		 * dual CTS protection: 0
		 * STBC beacon: 0
		 * L-SIG TXOP Prot: 0
		 * PCO active: 0
		 * PCO phase: 0
	VHT capabilities:
		VHT Capabilities (0x33ca79b2):
			Max MPDU length: 11454
			Supported Channel Width: neither 160 nor 80+80
			RX LDPC
			short GI (80 MHz)
			TX STBC
			SU Beamformer
			SU Beamformee
			MU Beamformer
			+HTC-VHT
			RX antenna pattern consistency
			TX antenna pattern consistency
		VHT RX MCS set:
			1 streams: MCS 0-9
			2 streams: MCS 0-9
			3 streams: not supported
			4 streams: not supported
			5 streams: not supported
			6 streams: not supported
			7 streams: not supported
			8 streams: not supported
		VHT RX highest supported: 780 Mbps
		VHT TX MCS set:
			1 streams: MCS 0-9
			2 streams: MCS 0-9
			3 streams: not supported
			4 streams: not supported
			5 streams: not supported
			6 streams: not supported
			7 streams: not supported
			8 streams: not supported
		VHT TX highest supported: 780 Mbps
		VHT extended NSS: supported
	VHT operation:
		 * channel width: 1 (80 MHz)
		 * center freq segment 1: 106
		 * center freq segment 2: 0
		 * VHT basic MCS set: 0xfffc
	Extended capabilities:
		 * BSS Transition
		 * Interworking
		 * Operating Mode Notification
		 * TWT Responder Support
		 * 85
		 * Max Number Of MSDUs In A-MSDU is unlimited
	WMM:	 * Parameter version 1
		 * BE: CW 15-1023, AIFSN 3
		 * BK: CW 15-1023, AIFSN 7
		 * VI: CW 7-15, AIFSN 2, TXOP 3008 usec
		 * VO: CW 3-7, AIFSN 2, TXOP 1504 usec
	HE capabilities:
		HE MAC Capabilities (0x00051a081044):
			+HTC HE Supported
			TWT Responder
			BSR
			OM Control
			Maximum A-MPDU Length Exponent: 3
			BQR
			A-MSDU in A-MPDU
			OM Control UL MU Data Disable RX
		HE PHY Capabilities: (0x0420ce926f12af10110c00):
			HE40/HE80/5GHz
			LDPC Coding in Payload
			NDP with 4x HE-LTF and 3.2us GI
			STBC Tx <= 80MHz
			STBC Rx <= 80MHz
			Full Bandwidth UL MU-MIMO
			Partial Bandwidth UL MU-MIMO
			DCM Max Constellation: 2
			DCM Max Constellation Rx: 2
			SU Beamformer
			SU Beamformee
			MU Beamformer
			Beamformee STS <= 80Mhz: 3
			Beamformee STS > 80Mhz: 3
			Sounding Dimensions <= 80Mhz: 2
			Sounding Dimensions > 80Mhz: 2
			Codebook Size SU Feedback
			Codebook Size MU Feedback
			Triggered SU Beamforming Feedback
			Triggered MU Beamforming Feedback
			Partial Bandwidth Extended Range
			PPE Threshold Present
			Max NC: 2
			HE ER SU PPDU 4x HE-LTF 0.8us GI
			HE ER SU PPDU 1x HE-LTF 0.8us GI
			TX 1024-QAM
			RX 1024-QAM
		HE RX MCS and NSS set <= 80 MHz
			1 streams: MCS 0-11
			2 streams: MCS 0-11
			3 streams: not supported
			4 streams: not supported
			5 streams: not supported
			6 streams: not supported
			7 streams: not supported
			8 streams: not supported
		HE TX MCS and NSS set <= 80 MHz
			1 streams: MCS 0-11
			2 streams: MCS 0-11
			3 streams: not supported
			4 streams: not supported
			5 streams: not supported
			6 streams: not supported
			7 streams: not supported
			8 streams: not supported
		PPE Threshold 0x39 0x1c 0xc7 0x71 0x1c 0x07 
BSS 24:0b:2a:5e:29:aa(on wlxd0374542d42e)
	TSF: 232925290447 usec (2d, 16:42:05)
	freq: 5520.0
	beacon interval: 100 TUs
	capability: ESS Privacy SpectrumMgmt APSD RadioMeasure (0x1911)
	signal: -47.00 dBm
	last seen: 8 ms ago
	Information elements from Probe Response frame:
	SSID: ONT_5E29A8
	Supported rates: 6.0* 9.0 12.0* 18.0 24.0* 36.0 48.0 54.0 
	DS Parameter set: channel 104
	HT capabilities:
		Capabilities: 0x9ef
			RX LDPC
			HT20/HT40
			SM Power Save disabled
			RX HT20 SGI
			RX HT40 SGI
			TX STBC
			RX STBC 1-stream
			Max AMSDU length: 7935 bytes
			No DSSS/CCK HT40
		Maximum RX AMPDU length 65535 bytes (exponent: 0x003)
		Minimum RX AMPDU time spacing: 4 usec (0x05)
		HT RX MCS rate indexes supported: 0-15, 32
		HT TX MCS rate indexes are undefined
	HT operation:
		 * primary channel: 104
		 * secondary channel offset: below
		 * STA channel width: any
		 * RIFS: 0
		 * HT protection: no
		 * non-GF present: 0
		 * OBSS non-GF present: 0
		 * dual beacon: 0
		 * dual CTS protection: 0
		 * STBC beacon: 0
		 * L-SIG TXOP Prot: 0
		 * PCO active: 0
		 * PCO phase: 0
	RSN:	 * Version: 1
		 * Group cipher: CCMP
		 * Pairwise ciphers: CCMP
		 * Authentication suites: PSK
		 * Capabilities: 1-PTKSA-RC 1-GTKSA-RC (0x0000)
	802.11u Interworking:
		Network Options: 0x0
			Network Type: 0 (Private)
		Venue Group: 2 (Business)
		Venue Type: 8
		HESSID: 24:0b:2a:5e:29:aa
	802.11u Advertisement:
		Query Response Info: 0x7f
			Query Response Length Limit: 127
			ANQP
	Extended capabilities:
		 * BSS Transition
		 * Interworking
		 * QoS Map
		 * WNM-Notification
		 * Max Number Of MSDUs In A-MSDU is unlimited
	BSS Load:
		 * station count: 0
		 * channel utilisation: 118/255
		 * available admission capacity: 31250 [*32us]
	WMM:	 * Parameter version 1
		 * u-APSD
		 * BE: CW 15-1023, AIFSN 3
		 * BK: CW 15-1023, AIFSN 7
		 * VI: CW 7-15, AIFSN 2, TXOP 3008 usec
		 * VO: CW 3-7, AIFSN 2, TXOP 1504 usec
	RM enabled capabilities:
		Capabilities: 0x72 0x00 0x01 0x00 0x00
			Neighbor Report
			Beacon Passive Measurement
			Beacon Active Measurement
			Beacon Table Measurement
			AP Channel Report
		Nonoperating Channel Max Measurement Duration: 0
		Measurement Pilot Capability: 0
	AP Channel Report:
		 * operating class: 128
		 * channel(s): 42 58 106 122 138 155
	Power constraint: 3 dB
	TPC report: TX power: 20 dBm
	Transmit Power Envelope:
		 * Local Maximum Transmit Power For 20 MHz: 15 dBm
		 * Local Maximum Transmit Power For 40 MHz: 15 dBm
		 * Local Maximum Transmit Power For 80 MHz: 15 dBm
	Country: VN	Environment: Indoor/Outdoor
		Channels [36 - 64] @ 23 dBm
		Channels [100 - 120] @ 30 dBm
		Channels [149 - 161] @ 30 dBm
	VHT capabilities:
		VHT Capabilities (0x33c979b1):
			Max MPDU length: 7991
			Supported Channel Width: neither 160 nor 80+80
			RX LDPC
			short GI (80 MHz)
			TX STBC
			SU Beamformer
			SU Beamformee
			MU Beamformer
			+HTC-VHT
			RX antenna pattern consistency
			TX antenna pattern consistency
		VHT RX MCS set:
			1 streams: MCS 0-9
			2 streams: MCS 0-9
			3 streams: not supported
			4 streams: not supported
			5 streams: not supported
			6 streams: not supported
			7 streams: not supported
			8 streams: not supported
		VHT RX highest supported: 780 Mbps
		VHT TX MCS set:
			1 streams: MCS 0-9
			2 streams: MCS 0-9
			3 streams: not supported
			4 streams: not supported
			5 streams: not supported
			6 streams: not supported
			7 streams: not supported
			8 streams: not supported
		VHT TX highest supported: 780 Mbps
		VHT extended NSS: not supported
	VHT operation:
		 * channel width: 1 (80 MHz)
		 * center freq segment 1: 106
		 * center freq segment 2: 0
		 * VHT basic MCS set: 0xfffa
BSS 26:0b:2a:3e:29:aa(on wlxd0374542d42e)
	TSF: 232925286465 usec (2d, 16:42:05)
	freq: 5520.0
	beacon interval: 100 TUs
	capability: ESS Privacy SpectrumMgmt RadioMeasure (0x1111)
	signal: -46.00 dBm
	last seen: 4885 ms ago
	Supported rates: 6.0* 9.0 12.0* 18.0 24.0* 36.0 48.0 54.0 
	DS Parameter set: channel 104
	TIM: DTIM Count 0 DTIM Period 1 Bitmap Control 0x0 Bitmap[0] 0x0
	Country: VN	Environment: Indoor/Outdoor
		Channels [36 - 64] @ 23 dBm
		Channels [100 - 120] @ 30 dBm
		Channels [149 - 161] @ 30 dBm
	Power constraint: 0 dB
	TPC report: TX power: 20 dBm
	Transmit Power Envelope:
		 * Local Maximum Transmit Power For 20 MHz: 15 dBm
		 * Local Maximum Transmit Power For 40 MHz: 15 dBm
		 * Local Maximum Transmit Power For 80 MHz: 15 dBm
	RM enabled capabilities:
		Capabilities: 0x72 0x00 0x01 0x00 0x00
			Neighbor Report
			Beacon Passive Measurement
			Beacon Active Measurement
			Beacon Table Measurement
			AP Channel Report
		Nonoperating Channel Max Measurement Duration: 0
		Measurement Pilot Capability: 0
	AP Channel Report:
		 * operating class: 128
		 * channel(s): 42 58 106 122 138 155
	RSN:	 * Version: 1
		 * Group cipher: CCMP
		 * Pairwise ciphers: CCMP
		 * Authentication suites: PSK
		 * Capabilities: 1-PTKSA-RC 1-GTKSA-RC (0x0000)
	BSS Load:
		 * station count: 0
		 * channel utilisation: 118/255
		 * available admission capacity: 31250 [*32us]
	HT capabilities:
		Capabilities: 0x9ef
			RX LDPC
			HT20/HT40
			SM Power Save disabled
			RX HT20 SGI
			RX HT40 SGI
			TX STBC
			RX STBC 1-stream
			Max AMSDU length: 7935 bytes
			No DSSS/CCK HT40
		Maximum RX AMPDU length 65535 bytes (exponent: 0x003)
		Minimum RX AMPDU time spacing: 4 usec (0x05)
		HT RX MCS rate indexes supported: 0-15, 32
		HT TX MCS rate indexes are undefined
	HT operation:
		 * primary channel: 104
		 * secondary channel offset: below
		 * STA channel width: any
		 * RIFS: 0
		 * HT protection: no
		 * non-GF present: 0
		 * OBSS non-GF present: 0
		 * dual beacon: 0
		 * dual CTS protection: 0
		 * STBC beacon: 0
		 * L-SIG TXOP Prot: 0
		 * PCO active: 0
		 * PCO phase: 0
	VHT capabilities:
		VHT Capabilities (0x33c979b1):
			Max MPDU length: 7991
			Supported Channel Width: neither 160 nor 80+80
			RX LDPC
			short GI (80 MHz)
			TX STBC
			SU Beamformer
			SU Beamformee
			MU Beamformer
			+HTC-VHT
			RX antenna pattern consistency
			TX antenna pattern consistency
		VHT RX MCS set:
			1 streams: MCS 0-9
			2 streams: MCS 0-9
			3 streams: not supported
			4 streams: not supported
			5 streams: not supported
			6 streams: not supported
			7 streams: not supported
			8 streams: not supported
		VHT RX highest supported: 780 Mbps
		VHT TX MCS set:
			1 streams: MCS 0-9
			2 streams: MCS 0-9
			3 streams: not supported
			4 streams: not supported
			5 streams: not supported
			6 streams: not supported
			7 streams: not supported
			8 streams: not supported
		VHT TX highest supported: 780 Mbps
		VHT extended NSS: not supported
	VHT operation:
		 * channel width: 1 (80 MHz)
		 * center freq segment 1: 106
		 * center freq segment 2: 0
		 * VHT basic MCS set: 0xfffa
	Extended capabilities:
		 * BSS Transition
		 * Interworking
		 * Operating Mode Notification
		 * Max Number Of MSDUs In A-MSDU is unlimited
	WMM:	 * Parameter version 1
		 * BE: CW 15-1023, AIFSN 3
		 * BK: CW 15-1023, AIFSN 7
		 * VI: CW 7-15, AIFSN 2, TXOP 3008 usec
		 * VO: CW 3-7, AIFSN 2, TXOP 1504 usec
BSS 26:0b:2a:cf:e9:57(on wlxd0374542d42e)
	TSF: 76272826205 usec (0d, 21:11:12)
	freq: 5520.0
	beacon interval: 100 TUs
	capability: ESS Privacy ShortPreamble SpectrumMgmt RadioMeasure (0x1131)
	signal: -51.00 dBm
	last seen: 8 ms ago
	Information elements from Probe Response frame:
	SSID: VIETTEL_280688_5G
	Supported rates: 6.0* 9.0 12.0* 18.0 24.0* 36.0 48.0 54.0 
	DS Parameter set: channel 104
	ERP: <no flags>
	RSN:	 * Version: 1
		 * Group cipher: CCMP
		 * Pairwise ciphers: CCMP
		 * Authentication suites: PSK
		 * Capabilities: 1-PTKSA-RC 1-GTKSA-RC (0x0000)
	HT capabilities:
		Capabilities: 0x9ef
			RX LDPC
			HT20/HT40
			SM Power Save disabled
			RX HT20 SGI
			RX HT40 SGI
			TX STBC
			RX STBC 1-stream
			Max AMSDU length: 7935 bytes
			No DSSS/CCK HT40
		Maximum RX AMPDU length 65535 bytes (exponent: 0x003)
		Minimum RX AMPDU time spacing: 2 usec (0x04)
		HT RX MCS rate indexes supported: 0-15
		HT TX MCS rate indexes are undefined
	HT operation:
		 * primary channel: 104
		 * secondary channel offset: below
		 * STA channel width: any
		 * RIFS: 0
		 * HT protection: no
		 * non-GF present: 0
		 * OBSS non-GF present: 0
		 * dual beacon: 0
		 * dual CTS protection: 0
		 * STBC beacon: 0
		 * L-SIG TXOP Prot: 0
		 * PCO active: 0
		 * PCO phase: 0
	Extended capabilities:
		 * BSS Transition
		 * Interworking
		 * Operating Mode Notification
		 * TWT Responder Support
		 * 85
		 * Max Number Of MSDUs In A-MSDU is unlimited
	802.11u Interworking:
		Network Options: 0x0
			Network Type: 0 (Private)
		Venue Group: 2 (Business)
		Venue Type: 8
		HESSID: 00:00:00:00:00:00
	802.11u Advertisement:
		Query Response Info: 0x7f
			Query Response Length Limit: 127
			ANQP
	WMM:	 * Parameter version 1
		 * BE: CW 15-1023, AIFSN 3
		 * BK: CW 15-1023, AIFSN 7
		 * VI: CW 7-15, AIFSN 2, TXOP 3008 usec
		 * VO: CW 3-7, AIFSN 2, TXOP 1504 usec
	RM enabled capabilities:
		Capabilities: 0x02 0x00 0x01 0x00 0x00
			Neighbor Report
			AP Channel Report
		Nonoperating Channel Max Measurement Duration: 0
		Measurement Pilot Capability: 0
	AP Channel Report:
		 * operating class: 128
		 * channel(s): 42 58 106 122
	Power constraint: 0 dB
	TPC report: TX power: 14 dBm
	Transmit Power Envelope:
	Country: VN	Environment: bogus
		Channels [42 - 54] @ -1 dBm
	VHT capabilities:
		VHT Capabilities (0x33ca79b2):
			Max MPDU length: 11454
			Supported Channel Width: neither 160 nor 80+80
			RX LDPC
			short GI (80 MHz)
			TX STBC
			SU Beamformer
			SU Beamformee
			MU Beamformer
			+HTC-VHT
			RX antenna pattern consistency
			TX antenna pattern consistency
		VHT RX MCS set:
			1 streams: MCS 0-9
			2 streams: MCS 0-9
			3 streams: not supported
			4 streams: not supported
			5 streams: not supported
			6 streams: not supported
			7 streams: not supported
			8 streams: not supported
		VHT RX highest supported: 780 Mbps
		VHT TX MCS set:
			1 streams: MCS 0-9
			2 streams: MCS 0-9
			3 streams: not supported
			4 streams: not supported
			5 streams: not supported
			6 streams: not supported
			7 streams: not supported
			8 streams: not supported
		VHT TX highest supported: 780 Mbps
		VHT extended NSS: supported
	VHT operation:
		 * channel width: 1 (80 MHz)
		 * center freq segment 1: 106
		 * center freq segment 2: 0
		 * VHT basic MCS set: 0xfffc
	HE capabilities:
		HE MAC Capabilities (0x00051a081044):
			+HTC HE Supported
			TWT Responder
			BSR
			OM Control
			Maximum A-MPDU Length Exponent: 3
			BQR
			A-MSDU in A-MPDU
			OM Control UL MU Data Disable RX
		HE PHY Capabilities: (0x0420ce926f12af10110c00):
			HE40/HE80/5GHz
			LDPC Coding in Payload
			NDP with 4x HE-LTF and 3.2us GI
			STBC Tx <= 80MHz
			STBC Rx <= 80MHz
			Full Bandwidth UL MU-MIMO
			Partial Bandwidth UL MU-MIMO
			DCM Max Constellation: 2
			DCM Max Constellation Rx: 2
			SU Beamformer
			SU Beamformee
			MU Beamformer
			Beamformee STS <= 80Mhz: 3
			Beamformee STS > 80Mhz: 3
			Sounding Dimensions <= 80Mhz: 2
			Sounding Dimensions > 80Mhz: 2
			Codebook Size SU Feedback
			Codebook Size MU Feedback
			Triggered SU Beamforming Feedback
			Triggered MU Beamforming Feedback
			Partial Bandwidth Extended Range
			PPE Threshold Present
			Max NC: 2
			HE ER SU PPDU 4x HE-LTF 0.8us GI
			HE ER SU PPDU 1x HE-LTF 0.8us GI
			TX 1024-QAM
			RX 1024-QAM
		HE RX MCS and NSS set <= 80 MHz
			1 streams: MCS 0-11
			2 streams: MCS 0-11
			3 streams: not supported
			4 streams: not supported
			5 streams: not supported
			6 streams: not supported
			7 streams: not supported
			8 streams: not supported
		HE TX MCS and NSS set <= 80 MHz
			1 streams: MCS 0-11
			2 streams: MCS 0-11
			3 streams: not supported
			4 streams: not supported
			5 streams: not supported
			6 streams: not supported
			7 streams: not supported
			8 streams: not supported
		PPE Threshold 0x39 0x1c 0xc7 0x71 0x1c 0x07 
BSS 26:0b:2a:ff:e9:57(on wlxd0374542d42e)
	TSF: 76272844871 usec (0d, 21:11:12)
	freq: 5520.0
	beacon interval: 100 TUs
	capability: ESS Privacy ShortPreamble SpectrumMgmt RadioMeasure (0x1131)
	signal: -51.00 dBm
	last seen: 4873 ms ago
	Supported rates: 6.0* 9.0 12.0* 18.0 24.0* 36.0 48.0 54.0 
	DS Parameter set: channel 104
	TIM: DTIM Count 0 DTIM Period 1 Bitmap Control 0x0 Bitmap[0] 0x0
	Country: VN	Environment: bogus
		Channels [36 - 64] @ 30 dBm
		Channels [100 - 140] @ 30 dBm
		Channels [149 - 165] @ 30 dBm
	Power constraint: 0 dB
	TPC report: TX power: 14 dBm
	Transmit Power Envelope:
	RM enabled capabilities:
		Capabilities: 0x02 0x00 0x01 0x00 0x00
			Neighbor Report
			AP Channel Report
		Nonoperating Channel Max Measurement Duration: 0
		Measurement Pilot Capability: 0
	AP Channel Report:
		 * operating class: 128
		 * channel(s): 42 58 106 122
	RSN:	 * Version: 1
		 * Group cipher: CCMP
		 * Pairwise ciphers: CCMP
		 * Authentication suites: PSK SAE
		 * Capabilities: 1-PTKSA-RC 1-GTKSA-RC MFP-capable (0x0080)
		 * 0 PMKIDs
		 * Group mgmt cipher suite: AES-128-CMAC
	HT capabilities:
		Capabilities: 0x9ef
			RX LDPC
			HT20/HT40
			SM Power Save disabled
			RX HT20 SGI
			RX HT40 SGI
			TX STBC
			RX STBC 1-stream
			Max AMSDU length: 7935 bytes
			No DSSS/CCK HT40
		Maximum RX AMPDU length 65535 bytes (exponent: 0x003)
		Minimum RX AMPDU time spacing: 2 usec (0x04)
		HT RX MCS rate indexes supported: 0-15
		HT TX MCS rate indexes are undefined
	HT operation:
		 * primary channel: 104
		 * secondary channel offset: below
		 * STA channel width: any
		 * RIFS: 0
		 * HT protection: no
		 * non-GF present: 0
		 * OBSS non-GF present: 0
		 * dual beacon: 0
		 * dual CTS protection: 0
		 * STBC beacon: 0
		 * L-SIG TXOP Prot: 0
		 * PCO active: 0
		 * PCO phase: 0
	VHT capabilities:
		VHT Capabilities (0x33ca79b2):
			Max MPDU length: 11454
			Supported Channel Width: neither 160 nor 80+80
			RX LDPC
			short GI (80 MHz)
			TX STBC
			SU Beamformer
			SU Beamformee
			MU Beamformer
			+HTC-VHT
			RX antenna pattern consistency
			TX antenna pattern consistency
		VHT RX MCS set:
			1 streams: MCS 0-9
			2 streams: MCS 0-9
			3 streams: not supported
			4 streams: not supported
			5 streams: not supported
			6 streams: not supported
			7 streams: not supported
			8 streams: not supported
		VHT RX highest supported: 780 Mbps
		VHT TX MCS set:
			1 streams: MCS 0-9
			2 streams: MCS 0-9
			3 streams: not supported
			4 streams: not supported
			5 streams: not supported
			6 streams: not supported
			7 streams: not supported
			8 streams: not supported
		VHT TX highest supported: 780 Mbps
		VHT extended NSS: supported
	VHT operation:
		 * channel width: 1 (80 MHz)
		 * center freq segment 1: 106
		 * center freq segment 2: 0
		 * VHT basic MCS set: 0xfffc
	Extended capabilities:
		 * BSS Transition
		 * Interworking
		 * Operating Mode Notification
		 * TWT Responder Support
		 * 85
		 * Max Number Of MSDUs In A-MSDU is unlimited
	WMM:	 * Parameter version 1
		 * BE: CW 15-1023, AIFSN 3
		 * BK: CW 15-1023, AIFSN 7
		 * VI: CW 7-15, AIFSN 2, TXOP 3008 usec
		 * VO: CW 3-7, AIFSN 2, TXOP 1504 usec
	HE capabilities:
		HE MAC Capabilities (0x00051a081044):
			+HTC HE Supported
			TWT Responder
			BSR
			OM Control
			Maximum A-MPDU Length Exponent: 3
			BQR
			A-MSDU in A-MPDU
			OM Control UL MU Data Disable RX
		HE PHY Capabilities: (0x0420ce926f12af10110c00):
			HE40/HE80/5GHz
			LDPC Coding in Payload
			NDP with 4x HE-LTF and 3.2us GI
			STBC Tx <= 80MHz
			STBC Rx <= 80MHz
			Full Bandwidth UL MU-MIMO
			Partial Bandwidth UL MU-MIMO
			DCM Max Constellation: 2
			DCM Max Constellation Rx: 2
			SU Beamformer
			SU Beamformee
			MU Beamformer
			Beamformee STS <= 80Mhz: 3
			Beamformee STS > 80Mhz: 3
			Sounding Dimensions <= 80Mhz: 2
			Sounding Dimensions > 80Mhz: 2
			Codebook Size SU Feedback
			Codebook Size MU Feedback
			Triggered SU Beamforming Feedback
			Triggered MU Beamforming Feedback
			Partial Bandwidth Extended Range
			PPE Threshold Present
			Max NC: 2
			HE ER SU PPDU 4x HE-LTF 0.8us GI
			HE ER SU PPDU 1x HE-LTF 0.8us GI
			TX 1024-QAM
			RX 1024-QAM
		HE RX MCS and NSS set <= 80 MHz
			1 streams: MCS 0-11
			2 streams: MCS 0-11
			3 streams: not supported
			4 streams: not supported
			5 streams: not supported
			6 streams: not supported
			7 streams: not supported
			8 streams: not supported
		HE TX MCS and NSS set <= 80 MHz
			1 streams: MCS 0-11
			2 streams: MCS 0-11
			3 streams: not supported
			4 streams: not supported
			5 streams: not supported
			6 streams: not supported
			7 streams: not supported
			8 streams: not supported
		PPE Threshold 0x39 0x1c 0xc7 0x71 0x1c 0x07 
BSS 26:0b:2a:cf:e9:83(on wlxd0374542d42e)
	TSF: 236034463059 usec (2d, 17:33:54)
	freq: 5540.0
	beacon interval: 100 TUs
	capability: ESS Privacy ShortPreamble SpectrumMgmt RadioMeasure (0x1131)
	signal: -52.00 dBm
	last seen: 8 ms ago
	Information elements from Probe Response frame:
	SSID: VIETTEL_AP_test_SFU
	Supported rates: 6.0* 9.0 12.0* 18.0 24.0* 36.0 48.0 54.0 
	DS Parameter set: channel 108
	ERP: <no flags>
	RSN:	 * Version: 1
		 * Group cipher: CCMP
		 * Pairwise ciphers: CCMP
		 * Authentication suites: PSK
		 * Capabilities: 1-PTKSA-RC 1-GTKSA-RC (0x0000)
	HT capabilities:
		Capabilities: 0x9ef
			RX LDPC
			HT20/HT40
			SM Power Save disabled
			RX HT20 SGI
			RX HT40 SGI
			TX STBC
			RX STBC 1-stream
			Max AMSDU length: 7935 bytes
			No DSSS/CCK HT40
		Maximum RX AMPDU length 65535 bytes (exponent: 0x003)
		Minimum RX AMPDU time spacing: 2 usec (0x04)
		HT RX MCS rate indexes supported: 0-15
		HT TX MCS rate indexes are undefined
	HT operation:
		 * primary channel: 108
		 * secondary channel offset: above
		 * STA channel width: any
		 * RIFS: 0
		 * HT protection: no
		 * non-GF present: 0
		 * OBSS non-GF present: 0
		 * dual beacon: 0
		 * dual CTS protection: 0
		 * STBC beacon: 0
		 * L-SIG TXOP Prot: 0
		 * PCO active: 0
		 * PCO phase: 0
	Extended capabilities:
		 * BSS Transition
		 * Interworking
		 * Operating Mode Notification
		 * TWT Responder Support
		 * 85
		 * Max Number Of MSDUs In A-MSDU is unlimited
	802.11u Interworking:
		Network Options: 0x0
			Network Type: 0 (Private)
		Venue Group: 2 (Business)
		Venue Type: 8
		HESSID: 00:00:00:00:00:00
	802.11u Advertisement:
		Query Response Info: 0x7f
			Query Response Length Limit: 127
			ANQP
	WMM:	 * Parameter version 1
		 * BE: CW 15-1023, AIFSN 3
		 * BK: CW 15-1023, AIFSN 7
		 * VI: CW 7-15, AIFSN 2, TXOP 3008 usec
		 * VO: CW 3-7, AIFSN 2, TXOP 1504 usec
	RM enabled capabilities:
		Capabilities: 0x02 0x00 0x01 0x00 0x00
			Neighbor Report
			AP Channel Report
		Nonoperating Channel Max Measurement Duration: 0
		Measurement Pilot Capability: 0
	AP Channel Report:
		 * operating class: 128
		 * channel(s): 42 58 106 122
	Power constraint: 0 dB
	TPC report: TX power: 14 dBm
	Transmit Power Envelope:
	Country: VN	Environment: bogus
		Channels [42 - 54] @ -1 dBm
	VHT capabilities:
		VHT Capabilities (0x33ca79b2):
			Max MPDU length: 11454
			Supported Channel Width: neither 160 nor 80+80
			RX LDPC
			short GI (80 MHz)
			TX STBC
			SU Beamformer
			SU Beamformee
			MU Beamformer
			+HTC-VHT
			RX antenna pattern consistency
			TX antenna pattern consistency
		VHT RX MCS set:
			1 streams: MCS 0-9
			2 streams: MCS 0-9
			3 streams: not supported
			4 streams: not supported
			5 streams: not supported
			6 streams: not supported
			7 streams: not supported
			8 streams: not supported
		VHT RX highest supported: 780 Mbps
		VHT TX MCS set:
			1 streams: MCS 0-9
			2 streams: MCS 0-9
			3 streams: not supported
			4 streams: not supported
			5 streams: not supported
			6 streams: not supported
			7 streams: not supported
			8 streams: not supported
		VHT TX highest supported: 780 Mbps
		VHT extended NSS: supported
	VHT operation:
		 * channel width: 1 (80 MHz)
		 * center freq segment 1: 106
		 * center freq segment 2: 0
		 * VHT basic MCS set: 0xfffc
	HE capabilities:
		HE MAC Capabilities (0x00051a081044):
			+HTC HE Supported
			TWT Responder
			BSR
			OM Control
			Maximum A-MPDU Length Exponent: 3
			BQR
			A-MSDU in A-MPDU
			OM Control UL MU Data Disable RX
		HE PHY Capabilities: (0x0420ce926f12af10110c00):
			HE40/HE80/5GHz
			LDPC Coding in Payload
			NDP with 4x HE-LTF and 3.2us GI
			STBC Tx <= 80MHz
			STBC Rx <= 80MHz
			Full Bandwidth UL MU-MIMO
			Partial Bandwidth UL MU-MIMO
			DCM Max Constellation: 2
			DCM Max Constellation Rx: 2
			SU Beamformer
			SU Beamformee
			MU Beamformer
			Beamformee STS <= 80Mhz: 3
			Beamformee STS > 80Mhz: 3
			Sounding Dimensions <= 80Mhz: 2
			Sounding Dimensions > 80Mhz: 2
			Codebook Size SU Feedback
			Codebook Size MU Feedback
			Triggered SU Beamforming Feedback
			Triggered MU Beamforming Feedback
			Partial Bandwidth Extended Range
			PPE Threshold Present
			Max NC: 2
			HE ER SU PPDU 4x HE-LTF 0.8us GI
			HE ER SU PPDU 1x HE-LTF 0.8us GI
			TX 1024-QAM
			RX 1024-QAM
		HE RX MCS and NSS set <= 80 MHz
			1 streams: MCS 0-11
			2 streams: MCS 0-11
			3 streams: not supported
			4 streams: not supported
			5 streams: not supported
			6 streams: not supported
			7 streams: not supported
			8 streams: not supported
		HE TX MCS and NSS set <= 80 MHz
			1 streams: MCS 0-11
			2 streams: MCS 0-11
			3 streams: not supported
			4 streams: not supported
			5 streams: not supported
			6 streams: not supported
			7 streams: not supported
			8 streams: not supported
		PPE Threshold 0x39 0x1c 0xc7 0x71 0x1c 0x07 
BSS 24:0b:2a:77:5b:c7(on wlxd0374542d42e)
	TSF: 236010692759 usec (2d, 17:33:30)
	freq: 5540.0
	beacon interval: 100 TUs
	capability: ESS Privacy ShortPreamble RadioMeasure (0x1031)
	signal: -38.00 dBm
	last seen: 4615 ms ago
	Information elements from Probe Response frame:
	SSID: VIETTEL_F1B91C
	Supported rates: 6.0* 9.0 12.0* 18.0 24.0* 36.0 48.0 54.0 
	DS Parameter set: channel 108
	HT capabilities:
		Capabilities: 0x9ef
			RX LDPC
			HT20/HT40
			SM Power Save disabled
			RX HT20 SGI
			RX HT40 SGI
			TX STBC
			RX STBC 1-stream
			Max AMSDU length: 7935 bytes
			No DSSS/CCK HT40
		Maximum RX AMPDU length 65535 bytes (exponent: 0x003)
		Minimum RX AMPDU time spacing: 4 usec (0x05)
		HT RX MCS rate indexes supported: 0-15, 32
		HT TX MCS rate indexes are undefined
	HT operation:
		 * primary channel: 108
		 * secondary channel offset: above
		 * STA channel width: any
		 * RIFS: 0
		 * HT protection: no
		 * non-GF present: 0
		 * OBSS non-GF present: 0
		 * dual beacon: 0
		 * dual CTS protection: 0
		 * STBC beacon: 0
		 * L-SIG TXOP Prot: 0
		 * PCO active: 0
		 * PCO phase: 0
	RSN:	 * Version: 1
		 * Group cipher: CCMP
		 * Pairwise ciphers: CCMP
		 * Authentication suites: PSK
		 * Capabilities: 1-PTKSA-RC 1-GTKSA-RC (0x0000)
	802.11u Interworking:
		Network Options: 0x0
			Network Type: 0 (Private)
		Venue Group: 2 (Business)
		Venue Type: 8
		HESSID: 24:0b:2a:77:5b:c7
	802.11u Advertisement:
		Query Response Info: 0x7f
			Query Response Length Limit: 127
			ANQP
	Extended capabilities:
		 * BSS Transition
		 * Interworking
		 * QoS Map
		 * WNM-Notification
		 * Max Number Of MSDUs In A-MSDU is unlimited
	BSS Load:
		 * station count: 0
		 * channel utilisation: 123/255
		 * available admission capacity: 31250 [*32us]
	WMM:	 * Parameter version 1
		 * BE: CW 15-1023, AIFSN 3
		 * BK: CW 15-1023, AIFSN 7
		 * VI: CW 7-15, AIFSN 2, TXOP 3008 usec
		 * VO: CW 3-7, AIFSN 2, TXOP 1504 usec
	RM enabled capabilities:
		Capabilities: 0x72 0x00 0x01 0x00 0x00
			Neighbor Report
			Beacon Passive Measurement
			Beacon Active Measurement
			Beacon Table Measurement
			AP Channel Report
		Nonoperating Channel Max Measurement Duration: 0
		Measurement Pilot Capability: 0
	AP Channel Report:
		 * operating class: 128
		 * channel(s): 42 58 106 122 138 155
	Power constraint: 3 dB
	TPC report: TX power: 63 dBm
	Transmit Power Envelope:
		 * Local Maximum Transmit Power For 20 MHz: 15 dBm
		 * Local Maximum Transmit Power For 40 MHz: 15 dBm
		 * Local Maximum Transmit Power For 80 MHz: 15 dBm
	Country: VN	Environment: Indoor/Outdoor
		Channels [42 - 62] @ -1 dBm
	VHT capabilities:
		VHT Capabilities (0x33c179b1):
			Max MPDU length: 7991
			Supported Channel Width: neither 160 nor 80+80
			RX LDPC
			short GI (80 MHz)
			TX STBC
			SU Beamformer
			SU Beamformee
			+HTC-VHT
			RX antenna pattern consistency
			TX antenna pattern consistency
		VHT RX MCS set:
			1 streams: MCS 0-9
			2 streams: MCS 0-9
			3 streams: not supported
			4 streams: not supported
			5 streams: not supported
			6 streams: not supported
			7 streams: not supported
			8 streams: not supported
		VHT RX highest supported: 780 Mbps
		VHT TX MCS set:
			1 streams: MCS 0-9
			2 streams: MCS 0-9
			3 streams: not supported
			4 streams: not supported
			5 streams: not supported
			6 streams: not supported
			7 streams: not supported
			8 streams: not supported
		VHT TX highest supported: 780 Mbps
		VHT extended NSS: not supported
	VHT operation:
		 * channel width: 1 (80 MHz)
		 * center freq segment 1: 106
		 * center freq segment 2: 0
		 * VHT basic MCS set: 0xfffa
BSS 26:0b:2a:ff:e9:83(on wlxd0374542d42e)
	TSF: 236034458357 usec (2d, 17:33:54)
	freq: 5540.0
	beacon interval: 100 TUs
	capability: ESS Privacy ShortPreamble SpectrumMgmt RadioMeasure (0x1131)
	signal: -52.00 dBm
	last seen: 4622 ms ago
	Supported rates: 6.0* 9.0 12.0* 18.0 24.0* 36.0 48.0 54.0 
	DS Parameter set: channel 108
	TIM: DTIM Count 0 DTIM Period 1 Bitmap Control 0x0 Bitmap[0] 0x0
	Country: VN	Environment: bogus
		Channels [36 - 64] @ 30 dBm
		Channels [100 - 120] @ 30 dBm
		Channels [149 - 161] @ 30 dBm
	Power constraint: 0 dB
	TPC report: TX power: 14 dBm
	Transmit Power Envelope:
	RM enabled capabilities:
		Capabilities: 0x02 0x00 0x01 0x00 0x00
			Neighbor Report
			AP Channel Report
		Nonoperating Channel Max Measurement Duration: 0
		Measurement Pilot Capability: 0
	AP Channel Report:
		 * operating class: 128
		 * channel(s): 42 58 106 122
	RSN:	 * Version: 1
		 * Group cipher: CCMP
		 * Pairwise ciphers: CCMP
		 * Authentication suites: PSK SAE
		 * Capabilities: 1-PTKSA-RC 1-GTKSA-RC MFP-capable (0x0080)
		 * 0 PMKIDs
		 * Group mgmt cipher suite: AES-128-CMAC
	HT capabilities:
		Capabilities: 0x9ef
			RX LDPC
			HT20/HT40
			SM Power Save disabled
			RX HT20 SGI
			RX HT40 SGI
			TX STBC
			RX STBC 1-stream
			Max AMSDU length: 7935 bytes
			No DSSS/CCK HT40
		Maximum RX AMPDU length 65535 bytes (exponent: 0x003)
		Minimum RX AMPDU time spacing: 2 usec (0x04)
		HT RX MCS rate indexes supported: 0-15
		HT TX MCS rate indexes are undefined
	HT operation:
		 * primary channel: 108
		 * secondary channel offset: above
		 * STA channel width: any
		 * RIFS: 0
		 * HT protection: no
		 * non-GF present: 0
		 * OBSS non-GF present: 0
		 * dual beacon: 0
		 * dual CTS protection: 0
		 * STBC beacon: 0
		 * L-SIG TXOP Prot: 0
		 * PCO active: 0
		 * PCO phase: 0
	VHT capabilities:
		VHT Capabilities (0x33ca79b2):
			Max MPDU length: 11454
			Supported Channel Width: neither 160 nor 80+80
			RX LDPC
			short GI (80 MHz)
			TX STBC
			SU Beamformer
			SU Beamformee
			MU Beamformer
			+HTC-VHT
			RX antenna pattern consistency
			TX antenna pattern consistency
		VHT RX MCS set:
			1 streams: MCS 0-9
			2 streams: MCS 0-9
			3 streams: not supported
			4 streams: not supported
			5 streams: not supported
			6 streams: not supported
			7 streams: not supported
			8 streams: not supported
		VHT RX highest supported: 780 Mbps
		VHT TX MCS set:
			1 streams: MCS 0-9
			2 streams: MCS 0-9
			3 streams: not supported
			4 streams: not supported
			5 streams: not supported
			6 streams: not supported
			7 streams: not supported
			8 streams: not supported
		VHT TX highest supported: 780 Mbps
		VHT extended NSS: supported
	VHT operation:
		 * channel width: 1 (80 MHz)
		 * center freq segment 1: 106
		 * center freq segment 2: 0
		 * VHT basic MCS set: 0xfffc
	Extended capabilities:
		 * BSS Transition
		 * Interworking
		 * Operating Mode Notification
		 * TWT Responder Support
		 * 85
		 * Max Number Of MSDUs In A-MSDU is unlimited
	WMM:	 * Parameter version 1
		 * BE: CW 15-1023, AIFSN 3
		 * BK: CW 15-1023, AIFSN 7
		 * VI: CW 7-15, AIFSN 2, TXOP 3008 usec
		 * VO: CW 3-7, AIFSN 2, TXOP 1504 usec
	HE capabilities:
		HE MAC Capabilities (0x00051a081044):
			+HTC HE Supported
			TWT Responder
			BSR
			OM Control
			Maximum A-MPDU Length Exponent: 3
			BQR
			A-MSDU in A-MPDU
			OM Control UL MU Data Disable RX
		HE PHY Capabilities: (0x0420ce926f12af10110c00):
			HE40/HE80/5GHz
			LDPC Coding in Payload
			NDP with 4x HE-LTF and 3.2us GI
			STBC Tx <= 80MHz
			STBC Rx <= 80MHz
			Full Bandwidth UL MU-MIMO
			Partial Bandwidth UL MU-MIMO
			DCM Max Constellation: 2
			DCM Max Constellation Rx: 2
			SU Beamformer
			SU Beamformee
			MU Beamformer
			Beamformee STS <= 80Mhz: 3
			Beamformee STS > 80Mhz: 3
			Sounding Dimensions <= 80Mhz: 2
			Sounding Dimensions > 80Mhz: 2
			Codebook Size SU Feedback
			Codebook Size MU Feedback
			Triggered SU Beamforming Feedback
			Triggered MU Beamforming Feedback
			Partial Bandwidth Extended Range
			PPE Threshold Present
			Max NC: 2
			HE ER SU PPDU 4x HE-LTF 0.8us GI
			HE ER SU PPDU 1x HE-LTF 0.8us GI
			TX 1024-QAM
			RX 1024-QAM
		HE RX MCS and NSS set <= 80 MHz
			1 streams: MCS 0-11
			2 streams: MCS 0-11
			3 streams: not supported
			4 streams: not supported
			5 streams: not supported
			6 streams: not supported
			7 streams: not supported
			8 streams: not supported
		HE TX MCS and NSS set <= 80 MHz
			1 streams: MCS 0-11
			2 streams: MCS 0-11
			3 streams: not supported
			4 streams: not supported
			5 streams: not supported
			6 streams: not supported
			7 streams: not supported
			8 streams: not supported
		PPE Threshold 0x39 0x1c 0xc7 0x71 0x1c 0x07 
BSS 26:0b:2a:37:5b:c7(on wlxd0374542d42e)
	TSF: 236073267271 usec (2d, 17:34:33)
	freq: 5540.0
	beacon interval: 100 TUs
	capability: ESS Privacy ShortPreamble RadioMeasure (0x1031)
	signal: -37.00 dBm
	last seen: 4607 ms ago
	Supported rates: 6.0* 9.0 12.0* 18.0 24.0* 36.0 48.0 54.0 
	DS Parameter set: channel 108
	TIM: DTIM Count 0 DTIM Period 1 Bitmap Control 0x0 Bitmap[0] 0x0
	Country: VN	Environment: Indoor/Outdoor
		Channels [42 - 62] @ -1 dBm
	Power constraint: 0 dB
	TPC report: TX power: 63 dBm
	Transmit Power Envelope:
		 * Local Maximum Transmit Power For 20 MHz: 15 dBm
		 * Local Maximum Transmit Power For 40 MHz: 15 dBm
		 * Local Maximum Transmit Power For 80 MHz: 15 dBm
	RM enabled capabilities:
		Capabilities: 0x72 0x00 0x01 0x00 0x00
			Neighbor Report
			Beacon Passive Measurement
			Beacon Active Measurement
			Beacon Table Measurement
			AP Channel Report
		Nonoperating Channel Max Measurement Duration: 0
		Measurement Pilot Capability: 0
	AP Channel Report:
		 * operating class: 128
		 * channel(s): 42 58 106 122 138 155
	RSN:	 * Version: 1
		 * Group cipher: CCMP
		 * Pairwise ciphers: CCMP
		 * Authentication suites: PSK
		 * Capabilities: 1-PTKSA-RC 1-GTKSA-RC (0x0000)
	BSS Load:
		 * station count: 0
		 * channel utilisation: 133/255
		 * available admission capacity: 31250 [*32us]
	HT capabilities:
		Capabilities: 0x9ef
			RX LDPC
			HT20/HT40
			SM Power Save disabled
			RX HT20 SGI
			RX HT40 SGI
			TX STBC
			RX STBC 1-stream
			Max AMSDU length: 7935 bytes
			No DSSS/CCK HT40
		Maximum RX AMPDU length 65535 bytes (exponent: 0x003)
		Minimum RX AMPDU time spacing: 4 usec (0x05)
		HT RX MCS rate indexes supported: 0-15, 32
		HT TX MCS rate indexes are undefined
	HT operation:
		 * primary channel: 108
		 * secondary channel offset: above
		 * STA channel width: any
		 * RIFS: 0
		 * HT protection: no
		 * non-GF present: 0
		 * OBSS non-GF present: 0
		 * dual beacon: 0
		 * dual CTS protection: 0
		 * STBC beacon: 0
		 * L-SIG TXOP Prot: 0
		 * PCO active: 0
		 * PCO phase: 0
	VHT capabilities:
		VHT Capabilities (0x33c179b1):
			Max MPDU length: 7991
			Supported Channel Width: neither 160 nor 80+80
			RX LDPC
			short GI (80 MHz)
			TX STBC
			SU Beamformer
			SU Beamformee
			+HTC-VHT
			RX antenna pattern consistency
			TX antenna pattern consistency
		VHT RX MCS set:
			1 streams: MCS 0-9
			2 streams: MCS 0-9
			3 streams: not supported
			4 streams: not supported
			5 streams: not supported
			6 streams: not supported
			7 streams: not supported
			8 streams: not supported
		VHT RX highest supported: 780 Mbps
		VHT TX MCS set:
			1 streams: MCS 0-9
			2 streams: MCS 0-9
			3 streams: not supported
			4 streams: not supported
			5 streams: not supported
			6 streams: not supported
			7 streams: not supported
			8 streams: not supported
		VHT TX highest supported: 780 Mbps
		VHT extended NSS: not supported
	VHT operation:
		 * channel width: 1 (80 MHz)
		 * center freq segment 1: 106
		 * center freq segment 2: 0
		 * VHT basic MCS set: 0xfffa
	Extended capabilities:
		 * BSS Transition
		 * Interworking
		 * Operating Mode Notification
		 * Max Number Of MSDUs In A-MSDU is unlimited
	WMM:	 * Parameter version 1
		 * BE: CW 15-1023, AIFSN 3
		 * BK: CW 15-1023, AIFSN 7
		 * VI: CW 7-15, AIFSN 2, TXOP 3008 usec
		 * VO: CW 3-7, AIFSN 2, TXOP 1504 usec
BSS 26:0b:2a:ff:e9:bf(on wlxd0374542d42e)
	TSF: 140264243269 usec (1d, 14:57:44)
	freq: 5540.0
	beacon interval: 100 TUs
	capability: ESS Privacy ShortPreamble SpectrumMgmt RadioMeasure (0x1131)
	signal: -34.00 dBm
	last seen: 1500 ms ago
	Supported rates: 6.0* 9.0 12.0* 18.0 24.0* 36.0 48.0 54.0 
	DS Parameter set: channel 108
	TIM: DTIM Count 0 DTIM Period 1 Bitmap Control 0x0 Bitmap[0] 0x0
	Country: VN	Environment: bogus
		Channels [36 - 64] @ 30 dBm
		Channels [100 - 120] @ 30 dBm
		Channels [149 - 161] @ 30 dBm
	Power constraint: 0 dB
	TPC report: TX power: 14 dBm
	Transmit Power Envelope:
	RM enabled capabilities:
		Capabilities: 0x02 0x00 0x01 0x00 0x00
			Neighbor Report
			AP Channel Report
		Nonoperating Channel Max Measurement Duration: 0
		Measurement Pilot Capability: 0
	AP Channel Report:
		 * operating class: 128
		 * channel(s): 42 58 106 122
	RSN:	 * Version: 1
		 * Group cipher: CCMP
		 * Pairwise ciphers: CCMP
		 * Authentication suites: PSK SAE
		 * Capabilities: 1-PTKSA-RC 1-GTKSA-RC MFP-capable (0x0080)
		 * 0 PMKIDs
		 * Group mgmt cipher suite: AES-128-CMAC
	HT capabilities:
		Capabilities: 0x9ef
			RX LDPC
			HT20/HT40
			SM Power Save disabled
			RX HT20 SGI
			RX HT40 SGI
			TX STBC
			RX STBC 1-stream
			Max AMSDU length: 7935 bytes
			No DSSS/CCK HT40
		Maximum RX AMPDU length 65535 bytes (exponent: 0x003)
		Minimum RX AMPDU time spacing: 2 usec (0x04)
		HT RX MCS rate indexes supported: 0-15
		HT TX MCS rate indexes are undefined
	HT operation:
		 * primary channel: 108
		 * secondary channel offset: above
		 * STA channel width: any
		 * RIFS: 0
		 * HT protection: no
		 * non-GF present: 0
		 * OBSS non-GF present: 0
		 * dual beacon: 0
		 * dual CTS protection: 0
		 * STBC beacon: 0
		 * L-SIG TXOP Prot: 0
		 * PCO active: 0
		 * PCO phase: 0
	VHT capabilities:
		VHT Capabilities (0x33ca79b2):
			Max MPDU length: 11454
			Supported Channel Width: neither 160 nor 80+80
			RX LDPC
			short GI (80 MHz)
			TX STBC
			SU Beamformer
			SU Beamformee
			MU Beamformer
			+HTC-VHT
			RX antenna pattern consistency
			TX antenna pattern consistency
		VHT RX MCS set:
			1 streams: MCS 0-9
			2 streams: MCS 0-9
			3 streams: not supported
			4 streams: not supported
			5 streams: not supported
			6 streams: not supported
			7 streams: not supported
			8 streams: not supported
		VHT RX highest supported: 780 Mbps
		VHT TX MCS set:
			1 streams: MCS 0-9
			2 streams: MCS 0-9
			3 streams: not supported
			4 streams: not supported
			5 streams: not supported
			6 streams: not supported
			7 streams: not supported
			8 streams: not supported
		VHT TX highest supported: 780 Mbps
		VHT extended NSS: supported
	VHT operation:
		 * channel width: 1 (80 MHz)
		 * center freq segment 1: 106
		 * center freq segment 2: 0
		 * VHT basic MCS set: 0xfffc
	Extended capabilities:
		 * BSS Transition
		 * Interworking
		 * Operating Mode Notification
		 * TWT Responder Support
		 * 85
		 * Max Number Of MSDUs In A-MSDU is unlimited
	WMM:	 * Parameter version 1
		 * BE: CW 15-1023, AIFSN 3
		 * BK: CW 15-1023, AIFSN 7
		 * VI: CW 7-15, AIFSN 2, TXOP 3008 usec
		 * VO: CW 3-7, AIFSN 2, TXOP 1504 usec
	HE capabilities:
		HE MAC Capabilities (0x00051a081044):
			+HTC HE Supported
			TWT Responder
			BSR
			OM Control
			Maximum A-MPDU Length Exponent: 3
			BQR
			A-MSDU in A-MPDU
			OM Control UL MU Data Disable RX
		HE PHY Capabilities: (0x0420ce926f12af10110c00):
			HE40/HE80/5GHz
			LDPC Coding in Payload
			NDP with 4x HE-LTF and 3.2us GI
			STBC Tx <= 80MHz
			STBC Rx <= 80MHz
			Full Bandwidth UL MU-MIMO
			Partial Bandwidth UL MU-MIMO
			DCM Max Constellation: 2
			DCM Max Constellation Rx: 2
			SU Beamformer
			SU Beamformee
			MU Beamformer
			Beamformee STS <= 80Mhz: 3
			Beamformee STS > 80Mhz: 3
			Sounding Dimensions <= 80Mhz: 2
			Sounding Dimensions > 80Mhz: 2
			Codebook Size SU Feedback
			Codebook Size MU Feedback
			Triggered SU Beamforming Feedback
			Triggered MU Beamforming Feedback
			Partial Bandwidth Extended Range
			PPE Threshold Present
			Max NC: 2
			HE ER SU PPDU 4x HE-LTF 0.8us GI
			HE ER SU PPDU 1x HE-LTF 0.8us GI
			TX 1024-QAM
			RX 1024-QAM
		HE RX MCS and NSS set <= 80 MHz
			1 streams: MCS 0-11
			2 streams: MCS 0-11
			3 streams: not supported
			4 streams: not supported
			5 streams: not supported
			6 streams: not supported
			7 streams: not supported
			8 streams: not supported
		HE TX MCS and NSS set <= 80 MHz
			1 streams: MCS 0-11
			2 streams: MCS 0-11
			3 streams: not supported
			4 streams: not supported
			5 streams: not supported
			6 streams: not supported
			7 streams: not supported
			8 streams: not supported
		PPE Threshold 0x39 0x1c 0xc7 0x71 0x1c 0x07 
BSS 24:0b:2a:c1:cf:55(on wlxd0374542d42e)
	TSF: 51322293287 usec (0d, 14:15:22)
	freq: 5745.0
	beacon interval: 100 TUs
	capability: ESS Privacy ShortPreamble SpectrumMgmt APSD RadioMeasure (0x1931)
	signal: -55.00 dBm
	last seen: 1269 ms ago
	Information elements from Probe Response frame:
	SSID: VIETTEL_C1CF50
	Supported rates: 6.0* 9.0 12.0* 18.0 24.0* 36.0 48.0 54.0 
	DS Parameter set: channel 149
	ERP: <no flags>
	RSN:	 * Version: 1
		 * Group cipher: CCMP
		 * Pairwise ciphers: CCMP
		 * Authentication suites: PSK
		 * Capabilities: 1-PTKSA-RC 1-GTKSA-RC (0x0000)
	HT capabilities:
		Capabilities: 0x9ef
			RX LDPC
			HT20/HT40
			SM Power Save disabled
			RX HT20 SGI
			RX HT40 SGI
			TX STBC
			RX STBC 1-stream
			Max AMSDU length: 7935 bytes
			No DSSS/CCK HT40
		Maximum RX AMPDU length 65535 bytes (exponent: 0x003)
		Minimum RX AMPDU time spacing: 4 usec (0x05)
		HT RX MCS rate indexes supported: 0-15
		HT TX MCS rate indexes are undefined
	HT operation:
		 * primary channel: 149
		 * secondary channel offset: above
		 * STA channel width: any
		 * RIFS: 0
		 * HT protection: no
		 * non-GF present: 0
		 * OBSS non-GF present: 0
		 * dual beacon: 0
		 * dual CTS protection: 0
		 * STBC beacon: 0
		 * L-SIG TXOP Prot: 0
		 * PCO active: 0
		 * PCO phase: 0
	Extended capabilities:
		 * BSS Transition
		 * Interworking
		 * WNM-Notification
		 * Operating Mode Notification
		 * TWT Responder Support
		 * Max Number Of MSDUs In A-MSDU is unlimited
	BSS Load:
		 * station count: 0
		 * channel utilisation: 20/255
		 * available admission capacity: 31250 [*32us]
	802.11u Interworking:
		Network Options: 0x0
			Network Type: 0 (Private)
		Venue Group: 2 (Business)
		Venue Type: 8
		HESSID: 24:0b:2a:c1:cf:55
	802.11u Advertisement:
		Query Response Info: 0x7f
			Query Response Length Limit: 127
			ANQP
	WMM:	 * Parameter version 1
		 * u-APSD
		 * BE: CW 15-1023, AIFSN 3
		 * BK: CW 15-1023, AIFSN 7
		 * VI: CW 7-15, AIFSN 2, TXOP 3008 usec
		 * VO: CW 3-7, AIFSN 2, TXOP 1504 usec
	RM enabled capabilities:
		Capabilities: 0x02 0x00 0x01 0x00 0x00
			Neighbor Report
			AP Channel Report
		Nonoperating Channel Max Measurement Duration: 0
		Measurement Pilot Capability: 0
	AP Channel Report:
		 * operating class: 128
		 * channel(s): 42 58 106 122
	Power constraint: 0 dB
	TPC report: TX power: 22 dBm
	Transmit Power Envelope:
	Country: VN	Environment: Indoor/Outdoor
		Channels [42 - 54] @ -1 dBm
	VHT capabilities:
		VHT Capabilities (0x33c979b2):
			Max MPDU length: 11454
			Supported Channel Width: neither 160 nor 80+80
			RX LDPC
			short GI (80 MHz)
			TX STBC
			SU Beamformer
			SU Beamformee
			MU Beamformer
			+HTC-VHT
			RX antenna pattern consistency
			TX antenna pattern consistency
		VHT RX MCS set:
			1 streams: MCS 0-9
			2 streams: MCS 0-9
			3 streams: not supported
			4 streams: not supported
			5 streams: not supported
			6 streams: not supported
			7 streams: not supported
			8 streams: not supported
		VHT RX highest supported: 780 Mbps
		VHT TX MCS set:
			1 streams: MCS 0-9
			2 streams: MCS 0-9
			3 streams: not supported
			4 streams: not supported
			5 streams: not supported
			6 streams: not supported
			7 streams: not supported
			8 streams: not supported
		VHT TX highest supported: 780 Mbps
		VHT extended NSS: supported
	VHT operation:
		 * channel width: 1 (80 MHz)
		 * center freq segment 1: 155
		 * center freq segment 2: 0
		 * VHT basic MCS set: 0xfffc
	HE capabilities:
		HE MAC Capabilities (0x00051a081044):
			+HTC HE Supported
			TWT Responder
			BSR
			OM Control
			Maximum A-MPDU Length Exponent: 3
			BQR
			A-MSDU in A-MPDU
			OM Control UL MU Data Disable RX
		HE PHY Capabilities: (0x0420ce926f09af08110c00):
			HE40/HE80/5GHz
			LDPC Coding in Payload
			NDP with 4x HE-LTF and 3.2us GI
			STBC Tx <= 80MHz
			STBC Rx <= 80MHz
			Full Bandwidth UL MU-MIMO
			Partial Bandwidth UL MU-MIMO
			DCM Max Constellation: 2
			DCM Max Constellation Rx: 2
			SU Beamformer
			SU Beamformee
			MU Beamformer
			Beamformee STS <= 80Mhz: 3
			Beamformee STS > 80Mhz: 3
			Sounding Dimensions <= 80Mhz: 1
			Sounding Dimensions > 80Mhz: 1
			Codebook Size SU Feedback
			Codebook Size MU Feedback
			Triggered SU Beamforming Feedback
			Triggered MU Beamforming Feedback
			Partial Bandwidth Extended Range
			PPE Threshold Present
			Max NC: 1
			HE ER SU PPDU 4x HE-LTF 0.8us GI
			HE ER SU PPDU 1x HE-LTF 0.8us GI
			TX 1024-QAM
			RX 1024-QAM
		HE RX MCS and NSS set <= 80 MHz
			1 streams: MCS 0-11
			2 streams: MCS 0-11
			3 streams: not supported
			4 streams: not supported
			5 streams: not supported
			6 streams: not supported
			7 streams: not supported
			8 streams: not supported
		HE TX MCS and NSS set <= 80 MHz
			1 streams: MCS 0-11
			2 streams: MCS 0-11
			3 streams: not supported
			4 streams: not supported
			5 streams: not supported
			6 streams: not supported
			7 streams: not supported
			8 streams: not supported
		PPE Threshold 0x39 0x1c 0xc7 0x71 0x1c 0x07 
BSS 00:aa:bb:01:23:50(on wlxd0374542d42e)
	TSF: 54251417693 usec (0d, 15:04:11)
	freq: 5745.0
	beacon interval: 100 TUs
	capability: ESS Privacy ShortPreamble SpectrumMgmt APSD RadioMeasure (0x1931)
	signal: -70.00 dBm
	last seen: 1265 ms ago
	SSID: VIETTEL_XXXXXX
	Supported rates: 6.0* 9.0 12.0* 18.0 24.0* 36.0 48.0 54.0 
	DS Parameter set: channel 149
	TIM: DTIM Count 0 DTIM Period 1 Bitmap Control 0x0 Bitmap[0] 0x0
	Country: VN	Environment: Indoor/Outdoor
		Channels [36 - 64] @ 30 dBm
		Channels [100 - 120] @ 30 dBm
		Channels [149 - 161] @ 30 dBm
	Power constraint: 0 dB
	TPC report: TX power: 22 dBm
	Transmit Power Envelope:
	RM enabled capabilities:
		Capabilities: 0x02 0x00 0x01 0x00 0x00
			Neighbor Report
			AP Channel Report
		Nonoperating Channel Max Measurement Duration: 0
		Measurement Pilot Capability: 0
	AP Channel Report:
		 * operating class: 128
		 * channel(s): 42 58 106 122
	RSN:	 * Version: 1
		 * Group cipher: CCMP
		 * Pairwise ciphers: CCMP
		 * Authentication suites: PSK
		 * Capabilities: 1-PTKSA-RC 1-GTKSA-RC (0x0000)
	BSS Load:
		 * station count: 0
		 * channel utilisation: 45/255
		 * available admission capacity: 31250 [*32us]
	HT capabilities:
		Capabilities: 0x9ef
			RX LDPC
			HT20/HT40
			SM Power Save disabled
			RX HT20 SGI
			RX HT40 SGI
			TX STBC
			RX STBC 1-stream
			Max AMSDU length: 7935 bytes
			No DSSS/CCK HT40
		Maximum RX AMPDU length 65535 bytes (exponent: 0x003)
		Minimum RX AMPDU time spacing: 4 usec (0x05)
		HT RX MCS rate indexes supported: 0-15, 32
		HT TX MCS rate indexes are undefined
	HT operation:
		 * primary channel: 149
		 * secondary channel offset: above
		 * STA channel width: any
		 * RIFS: 0
		 * HT protection: no
		 * non-GF present: 0
		 * OBSS non-GF present: 0
		 * dual beacon: 0
		 * dual CTS protection: 0
		 * STBC beacon: 0
		 * L-SIG TXOP Prot: 0
		 * PCO active: 0
		 * PCO phase: 0
	VHT capabilities:
		VHT Capabilities (0x33ca79b2):
			Max MPDU length: 11454
			Supported Channel Width: neither 160 nor 80+80
			RX LDPC
			short GI (80 MHz)
			TX STBC
			SU Beamformer
			SU Beamformee
			MU Beamformer
			+HTC-VHT
			RX antenna pattern consistency
			TX antenna pattern consistency
		VHT RX MCS set:
			1 streams: MCS 0-9
			2 streams: MCS 0-9
			3 streams: not supported
			4 streams: not supported
			5 streams: not supported
			6 streams: not supported
			7 streams: not supported
			8 streams: not supported
		VHT RX highest supported: 780 Mbps
		VHT TX MCS set:
			1 streams: MCS 0-9
			2 streams: MCS 0-9
			3 streams: not supported
			4 streams: not supported
			5 streams: not supported
			6 streams: not supported
			7 streams: not supported
			8 streams: not supported
		VHT TX highest supported: 780 Mbps
		VHT extended NSS: supported
	VHT operation:
		 * channel width: 1 (80 MHz)
		 * center freq segment 1: 155
		 * center freq segment 2: 0
		 * VHT basic MCS set: 0xfffc
	Extended capabilities:
		 * BSS Transition
		 * Interworking
		 * Operating Mode Notification
		 * Max Number Of MSDUs In A-MSDU is unlimited
	WMM:	 * Parameter version 1
		 * u-APSD
		 * BE: CW 15-1023, AIFSN 3
		 * BK: CW 15-1023, AIFSN 7
		 * VI: CW 7-15, AIFSN 2, TXOP 3008 usec
		 * VO: CW 3-7, AIFSN 2, TXOP 1504 usec
	HE capabilities:
		HE MAC Capabilities (0x00011a081044):
			+HTC HE Supported
			BSR
			OM Control
			Maximum A-MPDU Length Exponent: 3
			BQR
			A-MSDU in A-MPDU
			OM Control UL MU Data Disable RX
		HE PHY Capabilities: (0x0420ce926f12af10110c00):
			HE40/HE80/5GHz
			LDPC Coding in Payload
			NDP with 4x HE-LTF and 3.2us GI
			STBC Tx <= 80MHz
			STBC Rx <= 80MHz
			Full Bandwidth UL MU-MIMO
			Partial Bandwidth UL MU-MIMO
			DCM Max Constellation: 2
			DCM Max Constellation Rx: 2
			SU Beamformer
			SU Beamformee
			MU Beamformer
			Beamformee STS <= 80Mhz: 3
			Beamformee STS > 80Mhz: 3
			Sounding Dimensions <= 80Mhz: 2
			Sounding Dimensions > 80Mhz: 2
			Codebook Size SU Feedback
			Codebook Size MU Feedback
			Triggered SU Beamforming Feedback
			Triggered MU Beamforming Feedback
			Partial Bandwidth Extended Range
			PPE Threshold Present
			Max NC: 2
			HE ER SU PPDU 4x HE-LTF 0.8us GI
			HE ER SU PPDU 1x HE-LTF 0.8us GI
			TX 1024-QAM
			RX 1024-QAM
		HE RX MCS and NSS set <= 80 MHz
			1 streams: MCS 0-11
			2 streams: MCS 0-11
			3 streams: not supported
			4 streams: not supported
			5 streams: not supported
			6 streams: not supported
			7 streams: not supported
			8 streams: not supported
		HE TX MCS and NSS set <= 80 MHz
			1 streams: MCS 0-11
			2 streams: MCS 0-11
			3 streams: not supported
			4 streams: not supported
			5 streams: not supported
			6 streams: not supported
			7 streams: not supported
			8 streams: not supported
		PPE Threshold 0x39 0x1c 0xc7 0x71 0x1c 0x07 
BSS 26:0b:2a:b1:cf:54(on wlxd0374542d42e)
	TSF: 51384832120 usec (0d, 14:16:24)
	freq: 5745.0
	beacon interval: 100 TUs
	capability: ESS Privacy ShortPreamble SpectrumMgmt APSD RadioMeasure (0x1931)
	signal: -55.00 dBm
	last seen: 1265 ms ago
	Supported rates: 6.0* 9.0 12.0* 18.0 24.0* 36.0 48.0 54.0 
	DS Parameter set: channel 149
	TIM: DTIM Count 0 DTIM Period 1 Bitmap Control 0x0 Bitmap[0] 0x0
	Country: VN	Environment: Indoor/Outdoor
		Channels [36 - 64] @ 30 dBm
		Channels [100 - 120] @ 30 dBm
		Channels [149 - 161] @ 30 dBm
	Power constraint: 0 dB
	TPC report: TX power: 22 dBm
	Transmit Power Envelope:
	RM enabled capabilities:
		Capabilities: 0x02 0x00 0x01 0x00 0x00
			Neighbor Report
			AP Channel Report
		Nonoperating Channel Max Measurement Duration: 0
		Measurement Pilot Capability: 0
	AP Channel Report:
		 * operating class: 128
		 * channel(s): 42 58 106 122
	RSN:	 * Version: 1
		 * Group cipher: CCMP
		 * Pairwise ciphers: CCMP
		 * Authentication suites: PSK SAE
		 * Capabilities: 1-PTKSA-RC 1-GTKSA-RC MFP-capable (0x0080)
		 * 0 PMKIDs
		 * Group mgmt cipher suite: AES-128-CMAC
	BSS Load:
		 * station count: 0
		 * channel utilisation: 54/255
		 * available admission capacity: 31250 [*32us]
	HT capabilities:
		Capabilities: 0x9ef
			RX LDPC
			HT20/HT40
			SM Power Save disabled
			RX HT20 SGI
			RX HT40 SGI
			TX STBC
			RX STBC 1-stream
			Max AMSDU length: 7935 bytes
			No DSSS/CCK HT40
		Maximum RX AMPDU length 65535 bytes (exponent: 0x003)
		Minimum RX AMPDU time spacing: 4 usec (0x05)
		HT RX MCS rate indexes supported: 0-15
		HT TX MCS rate indexes are undefined
	HT operation:
		 * primary channel: 149
		 * secondary channel offset: above
		 * STA channel width: any
		 * RIFS: 0
		 * HT protection: no
		 * non-GF present: 0
		 * OBSS non-GF present: 0
		 * dual beacon: 0
		 * dual CTS protection: 0
		 * STBC beacon: 0
		 * L-SIG TXOP Prot: 0
		 * PCO active: 0
		 * PCO phase: 0
	VHT capabilities:
		VHT Capabilities (0x33c979b2):
			Max MPDU length: 11454
			Supported Channel Width: neither 160 nor 80+80
			RX LDPC
			short GI (80 MHz)
			TX STBC
			SU Beamformer
			SU Beamformee
			MU Beamformer
			+HTC-VHT
			RX antenna pattern consistency
			TX antenna pattern consistency
		VHT RX MCS set:
			1 streams: MCS 0-9
			2 streams: MCS 0-9
			3 streams: not supported
			4 streams: not supported
			5 streams: not supported
			6 streams: not supported
			7 streams: not supported
			8 streams: not supported
		VHT RX highest supported: 780 Mbps
		VHT TX MCS set:
			1 streams: MCS 0-9
			2 streams: MCS 0-9
			3 streams: not supported
			4 streams: not supported
			5 streams: not supported
			6 streams: not supported
			7 streams: not supported
			8 streams: not supported
		VHT TX highest supported: 780 Mbps
		VHT extended NSS: supported
	VHT operation:
		 * channel width: 1 (80 MHz)
		 * center freq segment 1: 155
		 * center freq segment 2: 0
		 * VHT basic MCS set: 0xfffc
	Extended capabilities:
		 * BSS Transition
		 * Interworking
		 * Operating Mode Notification
		 * TWT Responder Support
		 * Max Number Of MSDUs In A-MSDU is unlimited
	WMM:	 * Parameter version 1
		 * u-APSD
		 * BE: CW 15-1023, AIFSN 3
		 * BK: CW 15-1023, AIFSN 7
		 * VI: CW 7-15, AIFSN 2, TXOP 3008 usec
		 * VO: CW 3-7, AIFSN 2, TXOP 1504 usec
	HE capabilities:
		HE MAC Capabilities (0x00051a081044):
			+HTC HE Supported
			TWT Responder
			BSR
			OM Control
			Maximum A-MPDU Length Exponent: 3
			BQR
			A-MSDU in A-MPDU
			OM Control UL MU Data Disable RX
		HE PHY Capabilities: (0x0420ce926f09af08110c00):
			HE40/HE80/5GHz
			LDPC Coding in Payload
			NDP with 4x HE-LTF and 3.2us GI
			STBC Tx <= 80MHz
			STBC Rx <= 80MHz
			Full Bandwidth UL MU-MIMO
			Partial Bandwidth UL MU-MIMO
			DCM Max Constellation: 2
			DCM Max Constellation Rx: 2
			SU Beamformer
			SU Beamformee
			MU Beamformer
			Beamformee STS <= 80Mhz: 3
			Beamformee STS > 80Mhz: 3
			Sounding Dimensions <= 80Mhz: 1
			Sounding Dimensions > 80Mhz: 1
			Codebook Size SU Feedback
			Codebook Size MU Feedback
			Triggered SU Beamforming Feedback
			Triggered MU Beamforming Feedback
			Partial Bandwidth Extended Range
			PPE Threshold Present
			Max NC: 1
			HE ER SU PPDU 4x HE-LTF 0.8us GI
			HE ER SU PPDU 1x HE-LTF 0.8us GI
			TX 1024-QAM
			RX 1024-QAM
		HE RX MCS and NSS set <= 80 MHz
			1 streams: MCS 0-11
			2 streams: MCS 0-11
			3 streams: not supported
			4 streams: not supported
			5 streams: not supported
			6 streams: not supported
			7 streams: not supported
			8 streams: not supported
		HE TX MCS and NSS set <= 80 MHz
			1 streams: MCS 0-11
			2 streams: MCS 0-11
			3 streams: not supported
			4 streams: not supported
			5 streams: not supported
			6 streams: not supported
			7 streams: not supported
			8 streams: not supported
		PPE Threshold 0x39 0x1c 0xc7 0x71 0x1c 0x07 
BSS 24:0b:2a:bf:e7:ed(on wlxd0374542d42e)
	TSF: 54693892948 usec (0d, 15:11:33)
	freq: 5745.0
	beacon interval: 100 TUs
	capability: ESS Privacy ShortPreamble SpectrumMgmt APSD RadioMeasure (0x1931)
	signal: -39.00 dBm
	last seen: 11 ms ago
	Information elements from Probe Response frame:
	SSID: VIETTEL_BFE7E8
	Supported rates: 6.0* 9.0 12.0* 18.0 24.0* 36.0 48.0 54.0 
	DS Parameter set: channel 149
	ERP: <no flags>
	RSN:	 * Version: 1
		 * Group cipher: CCMP
		 * Pairwise ciphers: CCMP
		 * Authentication suites: PSK
		 * Capabilities: 1-PTKSA-RC 1-GTKSA-RC (0x0000)
	HT capabilities:
		Capabilities: 0x9ef
			RX LDPC
			HT20/HT40
			SM Power Save disabled
			RX HT20 SGI
			RX HT40 SGI
			TX STBC
			RX STBC 1-stream
			Max AMSDU length: 7935 bytes
			No DSSS/CCK HT40
		Maximum RX AMPDU length 65535 bytes (exponent: 0x003)
		Minimum RX AMPDU time spacing: 4 usec (0x05)
		HT RX MCS rate indexes supported: 0-15
		HT TX MCS rate indexes are undefined
	HT operation:
		 * primary channel: 149
		 * secondary channel offset: above
		 * STA channel width: any
		 * RIFS: 0
		 * HT protection: no
		 * non-GF present: 0
		 * OBSS non-GF present: 0
		 * dual beacon: 0
		 * dual CTS protection: 0
		 * STBC beacon: 0
		 * L-SIG TXOP Prot: 0
		 * PCO active: 0
		 * PCO phase: 0
	Extended capabilities:
		 * BSS Transition
		 * Interworking
		 * WNM-Notification
		 * Operating Mode Notification
		 * TWT Responder Support
		 * Max Number Of MSDUs In A-MSDU is unlimited
	BSS Load:
		 * station count: 0
		 * channel utilisation: 70/255
		 * available admission capacity: 31250 [*32us]
	802.11u Interworking:
		Network Options: 0x0
			Network Type: 0 (Private)
		Venue Group: 2 (Business)
		Venue Type: 8
		HESSID: 24:0b:2a:bf:e7:ed
	802.11u Advertisement:
		Query Response Info: 0x7f
			Query Response Length Limit: 127
			ANQP
	WMM:	 * Parameter version 1
		 * u-APSD
		 * BE: CW 15-1023, AIFSN 3
		 * BK: CW 15-1023, AIFSN 7
		 * VI: CW 7-15, AIFSN 2, TXOP 3008 usec
		 * VO: CW 3-7, AIFSN 2, TXOP 1504 usec
	RM enabled capabilities:
		Capabilities: 0x02 0x00 0x01 0x00 0x00
			Neighbor Report
			AP Channel Report
		Nonoperating Channel Max Measurement Duration: 0
		Measurement Pilot Capability: 0
	AP Channel Report:
		 * operating class: 128
		 * channel(s): 42 58 106 122
	Power constraint: 0 dB
	TPC report: TX power: 22 dBm
	Transmit Power Envelope:
	Country: VN	Environment: Indoor/Outdoor
		Channels [42 - 54] @ -1 dBm
	VHT capabilities:
		VHT Capabilities (0x33c979b2):
			Max MPDU length: 11454
			Supported Channel Width: neither 160 nor 80+80
			RX LDPC
			short GI (80 MHz)
			TX STBC
			SU Beamformer
			SU Beamformee
			MU Beamformer
			+HTC-VHT
			RX antenna pattern consistency
			TX antenna pattern consistency
		VHT RX MCS set:
			1 streams: MCS 0-9
			2 streams: MCS 0-9
			3 streams: not supported
			4 streams: not supported
			5 streams: not supported
			6 streams: not supported
			7 streams: not supported
			8 streams: not supported
		VHT RX highest supported: 780 Mbps
		VHT TX MCS set:
			1 streams: MCS 0-9
			2 streams: MCS 0-9
			3 streams: not supported
			4 streams: not supported
			5 streams: not supported
			6 streams: not supported
			7 streams: not supported
			8 streams: not supported
		VHT TX highest supported: 780 Mbps
		VHT extended NSS: supported
	VHT operation:
		 * channel width: 1 (80 MHz)
		 * center freq segment 1: 155
		 * center freq segment 2: 0
		 * VHT basic MCS set: 0xfffc
	HE capabilities:
		HE MAC Capabilities (0x00051a081044):
			+HTC HE Supported
			TWT Responder
			BSR
			OM Control
			Maximum A-MPDU Length Exponent: 3
			BQR
			A-MSDU in A-MPDU
			OM Control UL MU Data Disable RX
		HE PHY Capabilities: (0x0420ce926f09af08110c00):
			HE40/HE80/5GHz
			LDPC Coding in Payload
			NDP with 4x HE-LTF and 3.2us GI
			STBC Tx <= 80MHz
			STBC Rx <= 80MHz
			Full Bandwidth UL MU-MIMO
			Partial Bandwidth UL MU-MIMO
			DCM Max Constellation: 2
			DCM Max Constellation Rx: 2
			SU Beamformer
			SU Beamformee
			MU Beamformer
			Beamformee STS <= 80Mhz: 3
			Beamformee STS > 80Mhz: 3
			Sounding Dimensions <= 80Mhz: 1
			Sounding Dimensions > 80Mhz: 1
			Codebook Size SU Feedback
			Codebook Size MU Feedback
			Triggered SU Beamforming Feedback
			Triggered MU Beamforming Feedback
			Partial Bandwidth Extended Range
			PPE Threshold Present
			Max NC: 1
			HE ER SU PPDU 4x HE-LTF 0.8us GI
			HE ER SU PPDU 1x HE-LTF 0.8us GI
			TX 1024-QAM
			RX 1024-QAM
		HE RX MCS and NSS set <= 80 MHz
			1 streams: MCS 0-11
			2 streams: MCS 0-11
			3 streams: not supported
			4 streams: not supported
			5 streams: not supported
			6 streams: not supported
			7 streams: not supported
			8 streams: not supported
		HE TX MCS and NSS set <= 80 MHz
			1 streams: MCS 0-11
			2 streams: MCS 0-11
			3 streams: not supported
			4 streams: not supported
			5 streams: not supported
			6 streams: not supported
			7 streams: not supported
			8 streams: not supported
		PPE Threshold 0x39 0x1c 0xc7 0x71 0x1c 0x07 
BSS 26:0b:2a:bf:e7:ec(on wlxd0374542d42e)
	TSF: 54693888228 usec (0d, 15:11:33)
	freq: 5745.0
	beacon interval: 100 TUs
	capability: ESS Privacy ShortPreamble SpectrumMgmt APSD RadioMeasure (0x1931)
	signal: -39.00 dBm
	last seen: 1240 ms ago
	Supported rates: 6.0* 9.0 12.0* 18.0 24.0* 36.0 48.0 54.0 
	DS Parameter set: channel 149
	TIM: DTIM Count 0 DTIM Period 1 Bitmap Control 0x0 Bitmap[0] 0x0
	Country: VN	Environment: Indoor/Outdoor
		Channels [36 - 64] @ 30 dBm
		Channels [100 - 120] @ 30 dBm
		Channels [149 - 161] @ 30 dBm
	Power constraint: 0 dB
	TPC report: TX power: 22 dBm
	Transmit Power Envelope:
	RM enabled capabilities:
		Capabilities: 0x02 0x00 0x01 0x00 0x00
			Neighbor Report
			AP Channel Report
		Nonoperating Channel Max Measurement Duration: 0
		Measurement Pilot Capability: 0
	AP Channel Report:
		 * operating class: 128
		 * channel(s): 42 58 106 122
	RSN:	 * Version: 1
		 * Group cipher: CCMP
		 * Pairwise ciphers: CCMP
		 * Authentication suites: PSK SAE
		 * Capabilities: 1-PTKSA-RC 1-GTKSA-RC MFP-capable (0x0080)
		 * 0 PMKIDs
		 * Group mgmt cipher suite: AES-128-CMAC
	BSS Load:
		 * station count: 0
		 * channel utilisation: 76/255
		 * available admission capacity: 31250 [*32us]
	HT capabilities:
		Capabilities: 0x9ef
			RX LDPC
			HT20/HT40
			SM Power Save disabled
			RX HT20 SGI
			RX HT40 SGI
			TX STBC
			RX STBC 1-stream
			Max AMSDU length: 7935 bytes
			No DSSS/CCK HT40
		Maximum RX AMPDU length 65535 bytes (exponent: 0x003)
		Minimum RX AMPDU time spacing: 4 usec (0x05)
		HT RX MCS rate indexes supported: 0-15
		HT TX MCS rate indexes are undefined
	HT operation:
		 * primary channel: 149
		 * secondary channel offset: above
		 * STA channel width: any
		 * RIFS: 0
		 * HT protection: no
		 * non-GF present: 0
		 * OBSS non-GF present: 0
		 * dual beacon: 0
		 * dual CTS protection: 0
		 * STBC beacon: 0
		 * L-SIG TXOP Prot: 0
		 * PCO active: 0
		 * PCO phase: 0
	VHT capabilities:
		VHT Capabilities (0x33c979b2):
			Max MPDU length: 11454
			Supported Channel Width: neither 160 nor 80+80
			RX LDPC
			short GI (80 MHz)
			TX STBC
			SU Beamformer
			SU Beamformee
			MU Beamformer
			+HTC-VHT
			RX antenna pattern consistency
			TX antenna pattern consistency
		VHT RX MCS set:
			1 streams: MCS 0-9
			2 streams: MCS 0-9
			3 streams: not supported
			4 streams: not supported
			5 streams: not supported
			6 streams: not supported
			7 streams: not supported
			8 streams: not supported
		VHT RX highest supported: 780 Mbps
		VHT TX MCS set:
			1 streams: MCS 0-9
			2 streams: MCS 0-9
			3 streams: not supported
			4 streams: not supported
			5 streams: not supported
			6 streams: not supported
			7 streams: not supported
			8 streams: not supported
		VHT TX highest supported: 780 Mbps
		VHT extended NSS: supported
	VHT operation:
		 * channel width: 1 (80 MHz)
		 * center freq segment 1: 155
		 * center freq segment 2: 0
		 * VHT basic MCS set: 0xfffc
	Extended capabilities:
		 * BSS Transition
		 * Interworking
		 * Operating Mode Notification
		 * TWT Responder Support
		 * Max Number Of MSDUs In A-MSDU is unlimited
	WMM:	 * Parameter version 1
		 * u-APSD
		 * BE: CW 15-1023, AIFSN 3
		 * BK: CW 15-1023, AIFSN 7
		 * VI: CW 7-15, AIFSN 2, TXOP 3008 usec
		 * VO: CW 3-7, AIFSN 2, TXOP 1504 usec
	HE capabilities:
		HE MAC Capabilities (0x00051a081044):
			+HTC HE Supported
			TWT Responder
			BSR
			OM Control
			Maximum A-MPDU Length Exponent: 3
			BQR
			A-MSDU in A-MPDU
			OM Control UL MU Data Disable RX
		HE PHY Capabilities: (0x0420ce926f09af08110c00):
			HE40/HE80/5GHz
			LDPC Coding in Payload
			NDP with 4x HE-LTF and 3.2us GI
			STBC Tx <= 80MHz
			STBC Rx <= 80MHz
			Full Bandwidth UL MU-MIMO
			Partial Bandwidth UL MU-MIMO
			DCM Max Constellation: 2
			DCM Max Constellation Rx: 2
			SU Beamformer
			SU Beamformee
			MU Beamformer
			Beamformee STS <= 80Mhz: 3
			Beamformee STS > 80Mhz: 3
			Sounding Dimensions <= 80Mhz: 1
			Sounding Dimensions > 80Mhz: 1
			Codebook Size SU Feedback
			Codebook Size MU Feedback
			Triggered SU Beamforming Feedback
			Triggered MU Beamforming Feedback
			Partial Bandwidth Extended Range
			PPE Threshold Present
			Max NC: 1
			HE ER SU PPDU 4x HE-LTF 0.8us GI
			HE ER SU PPDU 1x HE-LTF 0.8us GI
			TX 1024-QAM
			RX 1024-QAM
		HE RX MCS and NSS set <= 80 MHz
			1 streams: MCS 0-11
			2 streams: MCS 0-11
			3 streams: not supported
			4 streams: not supported
			5 streams: not supported
			6 streams: not supported
			7 streams: not supported
			8 streams: not supported
		HE TX MCS and NSS set <= 80 MHz
			1 streams: MCS 0-11
			2 streams: MCS 0-11
			3 streams: not supported
			4 streams: not supported
			5 streams: not supported
			6 streams: not supported
			7 streams: not supported
			8 streams: not supported
		PPE Threshold 0x39 0x1c 0xc7 0x71 0x1c 0x07 
BSS 24:0b:2a:5e:29:b2(on wlxd0374542d42e)
	TSF: 236078796898 usec (2d, 17:34:38)
	freq: 5765.0
	beacon interval: 100 TUs
	capability: ESS Privacy SpectrumMgmt APSD RadioMeasure (0x1911)
	signal: -46.00 dBm
	last seen: 961 ms ago
	SSID: VHT-MESH ONT5
	Supported rates: 6.0* 9.0 12.0* 18.0 24.0* 36.0 48.0 54.0 
	DS Parameter set: channel 153
	TIM: DTIM Count 0 DTIM Period 1 Bitmap Control 0x0 Bitmap[0] 0x10
	Country: VN	Environment: Indoor/Outdoor
		Channels [36 - 64] @ 23 dBm
		Channels [100 - 120] @ 30 dBm
		Channels [149 - 161] @ 30 dBm
	Power constraint: 0 dB
	TPC report: TX power: 20 dBm
	Transmit Power Envelope:
		 * Local Maximum Transmit Power For 20 MHz: 15 dBm
		 * Local Maximum Transmit Power For 40 MHz: 15 dBm
		 * Local Maximum Transmit Power For 80 MHz: 15 dBm
	RM enabled capabilities:
		Capabilities: 0x72 0x00 0x01 0x00 0x00
			Neighbor Report
			Beacon Passive Measurement
			Beacon Active Measurement
			Beacon Table Measurement
			AP Channel Report
		Nonoperating Channel Max Measurement Duration: 0
		Measurement Pilot Capability: 0
	AP Channel Report:
		 * operating class: 128
		 * channel(s): 42 58 106 122 138 155
	RSN:	 * Version: 1
		 * Group cipher: CCMP
		 * Pairwise ciphers: CCMP
		 * Authentication suites: PSK
		 * Capabilities: 1-PTKSA-RC 1-GTKSA-RC (0x0000)
	BSS Load:
		 * station count: 2
		 * channel utilisation: 151/255
		 * available admission capacity: 31250 [*32us]
	802.11u Interworking:
		Network Options: 0x0
			Network Type: 0 (Private)
		Venue Group: 2 (Business)
		Venue Type: 8
		HESSID: 24:0b:2a:5e:29:b2
	802.11u Advertisement:
		Query Response Info: 0x7f
			Query Response Length Limit: 127
			ANQP
	HT capabilities:
		Capabilities: 0x9ef
			RX LDPC
			HT20/HT40
			SM Power Save disabled
			RX HT20 SGI
			RX HT40 SGI
			TX STBC
			RX STBC 1-stream
			Max AMSDU length: 7935 bytes
			No DSSS/CCK HT40
		Maximum RX AMPDU length 65535 bytes (exponent: 0x003)
		Minimum RX AMPDU time spacing: 4 usec (0x05)
		HT RX MCS rate indexes supported: 0-15, 32
		HT TX MCS rate indexes are undefined
	HT operation:
		 * primary channel: 153
		 * secondary channel offset: below
		 * STA channel width: any
		 * RIFS: 0
		 * HT protection: no
		 * non-GF present: 1
		 * OBSS non-GF present: 0
		 * dual beacon: 0
		 * dual CTS protection: 0
		 * STBC beacon: 0
		 * L-SIG TXOP Prot: 0
		 * PCO active: 0
		 * PCO phase: 0
	VHT capabilities:
		VHT Capabilities (0x33c979b1):
			Max MPDU length: 7991
			Supported Channel Width: neither 160 nor 80+80
			RX LDPC
			short GI (80 MHz)
			TX STBC
			SU Beamformer
			SU Beamformee
			MU Beamformer
			+HTC-VHT
			RX antenna pattern consistency
			TX antenna pattern consistency
		VHT RX MCS set:
			1 streams: MCS 0-9
			2 streams: MCS 0-9
			3 streams: not supported
			4 streams: not supported
			5 streams: not supported
			6 streams: not supported
			7 streams: not supported
			8 streams: not supported
		VHT RX highest supported: 780 Mbps
		VHT TX MCS set:
			1 streams: MCS 0-9
			2 streams: MCS 0-9
			3 streams: not supported
			4 streams: not supported
			5 streams: not supported
			6 streams: not supported
			7 streams: not supported
			8 streams: not supported
		VHT TX highest supported: 780 Mbps
		VHT extended NSS: not supported
	VHT operation:
		 * channel width: 1 (80 MHz)
		 * center freq segment 1: 155
		 * center freq segment 2: 0
		 * VHT basic MCS set: 0xfffa
	Extended capabilities:
		 * BSS Transition
		 * Interworking
		 * QoS Map
		 * WNM-Notification
		 * Operating Mode Notification
		 * Max Number Of MSDUs In A-MSDU is unlimited
	WMM:	 * Parameter version 1
		 * u-APSD
		 * BE: CW 15-1023, AIFSN 3
		 * BK: CW 15-1023, AIFSN 7
		 * VI: CW 7-15, AIFSN 2, TXOP 3008 usec
		 * VO: CW 3-7, AIFSN 2, TXOP 1504 usec
BSS 24:0b:2a:1f:bb:82(on wlxd0374542d42e)
	TSF: 236016351866 usec (2d, 17:33:36)
	freq: 5765.0
	beacon interval: 100 TUs
	capability: ESS Privacy SpectrumMgmt APSD RadioMeasure (0x1911)
	signal: -48.00 dBm
	last seen: 961 ms ago
	Information elements from Probe Response frame:
	SSID: NULL
	Supported rates: 6.0* 9.0 12.0* 18.0 24.0* 36.0 48.0 54.0 
	DS Parameter set: channel 153
	HT capabilities:
		Capabilities: 0x19ef
			RX LDPC
			HT20/HT40
			SM Power Save disabled
			RX HT20 SGI
			RX HT40 SGI
			TX STBC
			RX STBC 1-stream
			Max AMSDU length: 7935 bytes
			DSSS/CCK HT40
		Maximum RX AMPDU length 65535 bytes (exponent: 0x003)
		Minimum RX AMPDU time spacing: 4 usec (0x05)
		HT RX MCS rate indexes supported: 0-15, 32
		HT TX MCS rate indexes are undefined
	HT operation:
		 * primary channel: 153
		 * secondary channel offset: below
		 * STA channel width: any
		 * RIFS: 0
		 * HT protection: no
		 * non-GF present: 1
		 * OBSS non-GF present: 0
		 * dual beacon: 0
		 * dual CTS protection: 0
		 * STBC beacon: 0
		 * L-SIG TXOP Prot: 0
		 * PCO active: 0
		 * PCO phase: 0
	RSN:	 * Version: 1
		 * Group cipher: CCMP
		 * Pairwise ciphers: CCMP
		 * Authentication suites: PSK
		 * Capabilities: 1-PTKSA-RC 1-GTKSA-RC (0x0000)
	802.11u Interworking:
		Network Options: 0x0
			Network Type: 0 (Private)
		Venue Group: 2 (Business)
		Venue Type: 8
		HESSID: 24:0b:2a:1f:bb:82
	802.11u Advertisement:
		Query Response Info: 0x7f
			Query Response Length Limit: 127
			ANQP
	Extended capabilities:
		 * BSS Transition
		 * Interworking
		 * QoS Map
		 * WNM-Notification
		 * Max Number Of MSDUs In A-MSDU is unlimited
	BSS Load:
		 * station count: 1
		 * channel utilisation: 74/255
		 * available admission capacity: 31250 [*32us]
	WMM:	 * Parameter version 1
		 * u-APSD
		 * BE: CW 15-1023, AIFSN 3
		 * BK: CW 15-1023, AIFSN 7
		 * VI: CW 7-15, AIFSN 2, TXOP 3008 usec
		 * VO: CW 3-7, AIFSN 2, TXOP 1504 usec
	RM enabled capabilities:
		Capabilities: 0x72 0x00 0x01 0x00 0x00
			Neighbor Report
			Beacon Passive Measurement
			Beacon Active Measurement
			Beacon Table Measurement
			AP Channel Report
		Nonoperating Channel Max Measurement Duration: 0
		Measurement Pilot Capability: 0
	AP Channel Report:
		 * operating class: 128
		 * channel(s): 42 58 106 122 138 155
	Power constraint: 3 dB
	TPC report: TX power: 20 dBm
	Transmit Power Envelope:
		 * Local Maximum Transmit Power For 20 MHz: 15 dBm
		 * Local Maximum Transmit Power For 40 MHz: 15 dBm
		 * Local Maximum Transmit Power For 80 MHz: 15 dBm
	Country: VN	Environment: Indoor/Outdoor
		Channels [36 - 64] @ 23 dBm
		Channels [100 - 120] @ 30 dBm
		Channels [149 - 161] @ 30 dBm
	VHT capabilities:
		VHT Capabilities (0x33c979b1):
			Max MPDU length: 7991
			Supported Channel Width: neither 160 nor 80+80
			RX LDPC
			short GI (80 MHz)
			TX STBC
			SU Beamformer
			SU Beamformee
			MU Beamformer
			+HTC-VHT
			RX antenna pattern consistency
			TX antenna pattern consistency
		VHT RX MCS set:
			1 streams: MCS 0-9
			2 streams: MCS 0-9
			3 streams: not supported
			4 streams: not supported
			5 streams: not supported
			6 streams: not supported
			7 streams: not supported
			8 streams: not supported
		VHT RX highest supported: 780 Mbps
		VHT TX MCS set:
			1 streams: MCS 0-9
			2 streams: MCS 0-9
			3 streams: not supported
			4 streams: not supported
			5 streams: not supported
			6 streams: not supported
			7 streams: not supported
			8 streams: not supported
		VHT TX highest supported: 780 Mbps
		VHT extended NSS: not supported
	VHT operation:
		 * channel width: 1 (80 MHz)
		 * center freq segment 1: 155
		 * center freq segment 2: 0
		 * VHT basic MCS set: 0xfffa
BSS 26:0b:2a:3e:29:b2(on wlxd0374542d42e)
	TSF: 236078796867 usec (2d, 17:34:38)
	freq: 5765.0
	beacon interval: 100 TUs
	capability: ESS Privacy SpectrumMgmt RadioMeasure (0x1111)
	signal: -46.00 dBm
	last seen: 949 ms ago
	Supported rates: 6.0* 9.0 12.0* 18.0 24.0* 36.0 48.0 54.0 
	DS Parameter set: channel 153
	TIM: DTIM Count 0 DTIM Period 1 Bitmap Control 0x0 Bitmap[0] 0x0
	Country: VN	Environment: Indoor/Outdoor
		Channels [36 - 64] @ 23 dBm
		Channels [100 - 120] @ 30 dBm
		Channels [149 - 161] @ 30 dBm
	Power constraint: 0 dB
	TPC report: TX power: 20 dBm
	Transmit Power Envelope:
		 * Local Maximum Transmit Power For 20 MHz: 15 dBm
		 * Local Maximum Transmit Power For 40 MHz: 15 dBm
		 * Local Maximum Transmit Power For 80 MHz: 15 dBm
	RM enabled capabilities:
		Capabilities: 0x72 0x00 0x01 0x00 0x00
			Neighbor Report
			Beacon Passive Measurement
			Beacon Active Measurement
			Beacon Table Measurement
			AP Channel Report
		Nonoperating Channel Max Measurement Duration: 0
		Measurement Pilot Capability: 0
	AP Channel Report:
		 * operating class: 128
		 * channel(s): 42 58 106 122 138 155
	RSN:	 * Version: 1
		 * Group cipher: CCMP
		 * Pairwise ciphers: CCMP
		 * Authentication suites: PSK
		 * Capabilities: 1-PTKSA-RC 1-GTKSA-RC (0x0000)
	BSS Load:
		 * station count: 2
		 * channel utilisation: 151/255
		 * available admission capacity: 31250 [*32us]
	HT capabilities:
		Capabilities: 0x9ef
			RX LDPC
			HT20/HT40
			SM Power Save disabled
			RX HT20 SGI
			RX HT40 SGI
			TX STBC
			RX STBC 1-stream
			Max AMSDU length: 7935 bytes
			No DSSS/CCK HT40
		Maximum RX AMPDU length 65535 bytes (exponent: 0x003)
		Minimum RX AMPDU time spacing: 4 usec (0x05)
		HT RX MCS rate indexes supported: 0-15, 32
		HT TX MCS rate indexes are undefined
	HT operation:
		 * primary channel: 153
		 * secondary channel offset: below
		 * STA channel width: any
		 * RIFS: 0
		 * HT protection: no
		 * non-GF present: 1
		 * OBSS non-GF present: 0
		 * dual beacon: 0
		 * dual CTS protection: 0
		 * STBC beacon: 0
		 * L-SIG TXOP Prot: 0
		 * PCO active: 0
		 * PCO phase: 0
	VHT capabilities:
		VHT Capabilities (0x33c979b1):
			Max MPDU length: 7991
			Supported Channel Width: neither 160 nor 80+80
			RX LDPC
			short GI (80 MHz)
			TX STBC
			SU Beamformer
			SU Beamformee
			MU Beamformer
			+HTC-VHT
			RX antenna pattern consistency
			TX antenna pattern consistency
		VHT RX MCS set:
			1 streams: MCS 0-9
			2 streams: MCS 0-9
			3 streams: not supported
			4 streams: not supported
			5 streams: not supported
			6 streams: not supported
			7 streams: not supported
			8 streams: not supported
		VHT RX highest supported: 780 Mbps
		VHT TX MCS set:
			1 streams: MCS 0-9
			2 streams: MCS 0-9
			3 streams: not supported
			4 streams: not supported
			5 streams: not supported
			6 streams: not supported
			7 streams: not supported
			8 streams: not supported
		VHT TX highest supported: 780 Mbps
		VHT extended NSS: not supported
	VHT operation:
		 * channel width: 1 (80 MHz)
		 * center freq segment 1: 155
		 * center freq segment 2: 0
		 * VHT basic MCS set: 0xfffa
	Extended capabilities:
		 * BSS Transition
		 * Interworking
		 * Operating Mode Notification
		 * Max Number Of MSDUs In A-MSDU is unlimited
	WMM:	 * Parameter version 1
		 * BE: CW 15-1023, AIFSN 3
		 * BK: CW 15-1023, AIFSN 7
		 * VI: CW 7-15, AIFSN 2, TXOP 3008 usec
		 * VO: CW 3-7, AIFSN 2, TXOP 1504 usec
BSS 24:0b:2a:bf:e7:9d(on wlxd0374542d42e)
	TSF: 76735594946 usec (0d, 21:18:55)
	freq: 5765.0
	beacon interval: 100 TUs
	capability: ESS Privacy ShortPreamble SpectrumMgmt APSD RadioMeasure (0x1931)
	signal: -40.00 dBm
	last seen: 11 ms ago
	Information elements from Probe Response frame:
	SSID: tthanht
	Supported rates: 6.0* 9.0 12.0* 18.0 24.0* 36.0 48.0 54.0 
	DS Parameter set: channel 153
	ERP: <no flags>
	RSN:	 * Version: 1
		 * Group cipher: CCMP
		 * Pairwise ciphers: CCMP
		 * Authentication suites: PSK
		 * Capabilities: 1-PTKSA-RC 1-GTKSA-RC (0x0000)
	HT capabilities:
		Capabilities: 0x9ef
			RX LDPC
			HT20/HT40
			SM Power Save disabled
			RX HT20 SGI
			RX HT40 SGI
			TX STBC
			RX STBC 1-stream
			Max AMSDU length: 7935 bytes
			No DSSS/CCK HT40
		Maximum RX AMPDU length 65535 bytes (exponent: 0x003)
		Minimum RX AMPDU time spacing: 4 usec (0x05)
		HT RX MCS rate indexes supported: 0-15, 32
		HT TX MCS rate indexes are undefined
	HT operation:
		 * primary channel: 153
		 * secondary channel offset: below
		 * STA channel width: any
		 * RIFS: 0
		 * HT protection: no
		 * non-GF present: 0
		 * OBSS non-GF present: 0
		 * dual beacon: 0
		 * dual CTS protection: 0
		 * STBC beacon: 0
		 * L-SIG TXOP Prot: 0
		 * PCO active: 0
		 * PCO phase: 0
	Extended capabilities:
		 * BSS Transition
		 * Interworking
		 * Operating Mode Notification
		 * TWT Responder Support
		 * Max Number Of MSDUs In A-MSDU is unlimited
	BSS Load:
		 * station count: 0
		 * channel utilisation: 78/255
		 * available admission capacity: 31250 [*32us]
	WMM:	 * Parameter version 1
		 * u-APSD
		 * BE: CW 15-1023, AIFSN 3
		 * BK: CW 15-1023, AIFSN 7
		 * VI: CW 7-15, AIFSN 2, TXOP 3008 usec
		 * VO: CW 3-7, AIFSN 2, TXOP 1504 usec
	RM enabled capabilities:
		Capabilities: 0x02 0x00 0x01 0x00 0x00
			Neighbor Report
			AP Channel Report
		Nonoperating Channel Max Measurement Duration: 0
		Measurement Pilot Capability: 0
	AP Channel Report:
		 * operating class: 128
		 * channel(s): 42 58 106 122
	Power constraint: 0 dB
	TPC report: TX power: 22 dBm
	Transmit Power Envelope:
	Country: VN	Environment: Indoor/Outdoor
		Channels [42 - 54] @ -1 dBm
	VHT capabilities:
		VHT Capabilities (0x33c979b2):
			Max MPDU length: 11454
			Supported Channel Width: neither 160 nor 80+80
			RX LDPC
			short GI (80 MHz)
			TX STBC
			SU Beamformer
			SU Beamformee
			MU Beamformer
			+HTC-VHT
			RX antenna pattern consistency
			TX antenna pattern consistency
		VHT RX MCS set:
			1 streams: MCS 0-9
			2 streams: MCS 0-9
			3 streams: not supported
			4 streams: not supported
			5 streams: not supported
			6 streams: not supported
			7 streams: not supported
			8 streams: not supported
		VHT RX highest supported: 780 Mbps
		VHT TX MCS set:
			1 streams: MCS 0-9
			2 streams: MCS 0-9
			3 streams: not supported
			4 streams: not supported
			5 streams: not supported
			6 streams: not supported
			7 streams: not supported
			8 streams: not supported
		VHT TX highest supported: 780 Mbps
		VHT extended NSS: supported
	VHT operation:
		 * channel width: 1 (80 MHz)
		 * center freq segment 1: 155
		 * center freq segment 2: 0
		 * VHT basic MCS set: 0xfffc
	HE capabilities:
		HE MAC Capabilities (0x00051a081044):
			+HTC HE Supported
			TWT Responder
			BSR
			OM Control
			Maximum A-MPDU Length Exponent: 3
			BQR
			A-MSDU in A-MPDU
			OM Control UL MU Data Disable RX
		HE PHY Capabilities: (0x0420ce926f09af08110c00):
			HE40/HE80/5GHz
			LDPC Coding in Payload
			NDP with 4x HE-LTF and 3.2us GI
			STBC Tx <= 80MHz
			STBC Rx <= 80MHz
			Full Bandwidth UL MU-MIMO
			Partial Bandwidth UL MU-MIMO
			DCM Max Constellation: 2
			DCM Max Constellation Rx: 2
			SU Beamformer
			SU Beamformee
			MU Beamformer
			Beamformee STS <= 80Mhz: 3
			Beamformee STS > 80Mhz: 3
			Sounding Dimensions <= 80Mhz: 1
			Sounding Dimensions > 80Mhz: 1
			Codebook Size SU Feedback
			Codebook Size MU Feedback
			Triggered SU Beamforming Feedback
			Triggered MU Beamforming Feedback
			Partial Bandwidth Extended Range
			PPE Threshold Present
			Max NC: 1
			HE ER SU PPDU 4x HE-LTF 0.8us GI
			HE ER SU PPDU 1x HE-LTF 0.8us GI
			TX 1024-QAM
			RX 1024-QAM
		HE RX MCS and NSS set <= 80 MHz
			1 streams: MCS 0-11
			2 streams: MCS 0-11
			3 streams: not supported
			4 streams: not supported
			5 streams: not supported
			6 streams: not supported
			7 streams: not supported
			8 streams: not supported
		HE TX MCS and NSS set <= 80 MHz
			1 streams: MCS 0-11
			2 streams: MCS 0-11
			3 streams: not supported
			4 streams: not supported
			5 streams: not supported
			6 streams: not supported
			7 streams: not supported
			8 streams: not supported
		PPE Threshold 0x39 0x1c 0xc7 0x71 0x1c 0x07 
BSS 26:0b:2a:cf:e9:91(on wlxd0374542d42e)
	TSF: 235973851496 usec (2d, 17:32:53)
	freq: 5785.0
	beacon interval: 100 TUs
	capability: ESS Privacy ShortPreamble SpectrumMgmt RadioMeasure (0x1131)
	signal: -42.00 dBm
	last seen: 662 ms ago
	Information elements from Probe Response frame:
	SSID: VHT-MESH XGSPON
	Supported rates: 6.0* 9.0 12.0* 18.0 24.0* 36.0 48.0 54.0 
	DS Parameter set: channel 157
	ERP: Barker_Preamble_Mode
	RSN:	 * Version: 1
		 * Group cipher: CCMP
		 * Pairwise ciphers: CCMP
		 * Authentication suites: PSK
		 * Capabilities: 1-PTKSA-RC 1-GTKSA-RC (0x0000)
	HT capabilities:
		Capabilities: 0x9ef
			RX LDPC
			HT20/HT40
			SM Power Save disabled
			RX HT20 SGI
			RX HT40 SGI
			TX STBC
			RX STBC 1-stream
			Max AMSDU length: 7935 bytes
			No DSSS/CCK HT40
		Maximum RX AMPDU length 65535 bytes (exponent: 0x003)
		Minimum RX AMPDU time spacing: 2 usec (0x04)
		HT RX MCS rate indexes supported: 0-15
		HT TX MCS rate indexes are undefined
	HT operation:
		 * primary channel: 157
		 * secondary channel offset: above
		 * STA channel width: any
		 * RIFS: 0
		 * HT protection: no
		 * non-GF present: 1
		 * OBSS non-GF present: 0
		 * dual beacon: 0
		 * dual CTS protection: 0
		 * STBC beacon: 0
		 * L-SIG TXOP Prot: 0
		 * PCO active: 0
		 * PCO phase: 0
	Extended capabilities:
		 * BSS Transition
		 * Interworking
		 * Operating Mode Notification
		 * TWT Responder Support
		 * 85
		 * Max Number Of MSDUs In A-MSDU is unlimited
	802.11u Interworking:
		Network Options: 0x0
			Network Type: 0 (Private)
		Venue Group: 2 (Business)
		Venue Type: 8
		HESSID: 00:00:00:00:00:00
	802.11u Advertisement:
		Query Response Info: 0x7f
			Query Response Length Limit: 127
			ANQP
	WMM:	 * Parameter version 1
		 * BE: CW 15-1023, AIFSN 3
		 * BK: CW 15-1023, AIFSN 7
		 * VI: CW 7-15, AIFSN 2, TXOP 3008 usec
		 * VO: CW 3-7, AIFSN 2, TXOP 1504 usec
	RM enabled capabilities:
		Capabilities: 0x02 0x00 0x01 0x00 0x00
			Neighbor Report
			AP Channel Report
		Nonoperating Channel Max Measurement Duration: 0
		Measurement Pilot Capability: 0
	AP Channel Report:
		 * operating class: 128
		 * channel(s): 42 58 106 122
	Power constraint: 0 dB
	TPC report: TX power: 18 dBm
	Transmit Power Envelope:
	Country: VN	Environment: bogus
		Channels [42 - 54] @ -1 dBm
	VHT capabilities:
		VHT Capabilities (0x33ca79b2):
			Max MPDU length: 11454
			Supported Channel Width: neither 160 nor 80+80
			RX LDPC
			short GI (80 MHz)
			TX STBC
			SU Beamformer
			SU Beamformee
			MU Beamformer
			+HTC-VHT
			RX antenna pattern consistency
			TX antenna pattern consistency
		VHT RX MCS set:
			1 streams: MCS 0-9
			2 streams: MCS 0-9
			3 streams: not supported
			4 streams: not supported
			5 streams: not supported
			6 streams: not supported
			7 streams: not supported
			8 streams: not supported
		VHT RX highest supported: 780 Mbps
		VHT TX MCS set:
			1 streams: MCS 0-9
			2 streams: MCS 0-9
			3 streams: not supported
			4 streams: not supported
			5 streams: not supported
			6 streams: not supported
			7 streams: not supported
			8 streams: not supported
		VHT TX highest supported: 780 Mbps
		VHT extended NSS: supported
	VHT operation:
		 * channel width: 1 (80 MHz)
		 * center freq segment 1: 155
		 * center freq segment 2: 0
		 * VHT basic MCS set: 0xfffc
	HE capabilities:
		HE MAC Capabilities (0x00051a081044):
			+HTC HE Supported
			TWT Responder
			BSR
			OM Control
			Maximum A-MPDU Length Exponent: 3
			BQR
			A-MSDU in A-MPDU
			OM Control UL MU Data Disable RX
		HE PHY Capabilities: (0x0420ce926f12af10110c00):
			HE40/HE80/5GHz
			LDPC Coding in Payload
			NDP with 4x HE-LTF and 3.2us GI
			STBC Tx <= 80MHz
			STBC Rx <= 80MHz
			Full Bandwidth UL MU-MIMO
			Partial Bandwidth UL MU-MIMO
			DCM Max Constellation: 2
			DCM Max Constellation Rx: 2
			SU Beamformer
			SU Beamformee
			MU Beamformer
			Beamformee STS <= 80Mhz: 3
			Beamformee STS > 80Mhz: 3
			Sounding Dimensions <= 80Mhz: 2
			Sounding Dimensions > 80Mhz: 2
			Codebook Size SU Feedback
			Codebook Size MU Feedback
			Triggered SU Beamforming Feedback
			Triggered MU Beamforming Feedback
			Partial Bandwidth Extended Range
			PPE Threshold Present
			Max NC: 2
			HE ER SU PPDU 4x HE-LTF 0.8us GI
			HE ER SU PPDU 1x HE-LTF 0.8us GI
			TX 1024-QAM
			RX 1024-QAM
		HE RX MCS and NSS set <= 80 MHz
			1 streams: MCS 0-11
			2 streams: MCS 0-11
			3 streams: not supported
			4 streams: not supported
			5 streams: not supported
			6 streams: not supported
			7 streams: not supported
			8 streams: not supported
		HE TX MCS and NSS set <= 80 MHz
			1 streams: MCS 0-11
			2 streams: MCS 0-11
			3 streams: not supported
			4 streams: not supported
			5 streams: not supported
			6 streams: not supported
			7 streams: not supported
			8 streams: not supported
		PPE Threshold 0x39 0x1c 0xc7 0x71 0x1c 0x07 
BSS 26:0b:2a:ff:e9:91(on wlxd0374542d42e)
	TSF: 236036403283 usec (2d, 17:33:56)
	freq: 5785.0
	beacon interval: 100 TUs
	capability: ESS Privacy ShortPreamble SpectrumMgmt RadioMeasure (0x1131)
	signal: -41.00 dBm
	last seen: 658 ms ago
	Supported rates: 6.0* 9.0 12.0* 18.0 24.0* 36.0 48.0 54.0 
	DS Parameter set: channel 157
	TIM: DTIM Count 0 DTIM Period 1 Bitmap Control 0x0 Bitmap[0] 0x0
	Country: VN	Environment: bogus
		Channels [36 - 64] @ 30 dBm
		Channels [100 - 120] @ 30 dBm
		Channels [149 - 161] @ 30 dBm
	Power constraint: 0 dB
	TPC report: TX power: 18 dBm
	Transmit Power Envelope:
	RM enabled capabilities:
		Capabilities: 0x02 0x00 0x01 0x00 0x00
			Neighbor Report
			AP Channel Report
		Nonoperating Channel Max Measurement Duration: 0
		Measurement Pilot Capability: 0
	AP Channel Report:
		 * operating class: 128
		 * channel(s): 42 58 106 122
	RSN:	 * Version: 1
		 * Group cipher: CCMP
		 * Pairwise ciphers: CCMP
		 * Authentication suites: PSK SAE
		 * Capabilities: 1-PTKSA-RC 1-GTKSA-RC MFP-capable (0x0080)
		 * 0 PMKIDs
		 * Group mgmt cipher suite: AES-128-CMAC
	HT capabilities:
		Capabilities: 0x9ef
			RX LDPC
			HT20/HT40
			SM Power Save disabled
			RX HT20 SGI
			RX HT40 SGI
			TX STBC
			RX STBC 1-stream
			Max AMSDU length: 7935 bytes
			No DSSS/CCK HT40
		Maximum RX AMPDU length 65535 bytes (exponent: 0x003)
		Minimum RX AMPDU time spacing: 2 usec (0x04)
		HT RX MCS rate indexes supported: 0-15, 32
		HT TX MCS rate indexes are undefined
	HT operation:
		 * primary channel: 157
		 * secondary channel offset: above
		 * STA channel width: any
		 * RIFS: 0
		 * HT protection: no
		 * non-GF present: 1
		 * OBSS non-GF present: 0
		 * dual beacon: 0
		 * dual CTS protection: 0
		 * STBC beacon: 0
		 * L-SIG TXOP Prot: 0
		 * PCO active: 0
		 * PCO phase: 0
	VHT capabilities:
		VHT Capabilities (0x33ca79b2):
			Max MPDU length: 11454
			Supported Channel Width: neither 160 nor 80+80
			RX LDPC
			short GI (80 MHz)
			TX STBC
			SU Beamformer
			SU Beamformee
			MU Beamformer
			+HTC-VHT
			RX antenna pattern consistency
			TX antenna pattern consistency
		VHT RX MCS set:
			1 streams: MCS 0-9
			2 streams: MCS 0-9
			3 streams: not supported
			4 streams: not supported
			5 streams: not supported
			6 streams: not supported
			7 streams: not supported
			8 streams: not supported
		VHT RX highest supported: 780 Mbps
		VHT TX MCS set:
			1 streams: MCS 0-9
			2 streams: MCS 0-9
			3 streams: not supported
			4 streams: not supported
			5 streams: not supported
			6 streams: not supported
			7 streams: not supported
			8 streams: not supported
		VHT TX highest supported: 780 Mbps
		VHT extended NSS: supported
	VHT operation:
		 * channel width: 1 (80 MHz)
		 * center freq segment 1: 155
		 * center freq segment 2: 0
		 * VHT basic MCS set: 0xfffc
	Extended capabilities:
		 * BSS Transition
		 * Interworking
		 * Operating Mode Notification
		 * TWT Responder Support
		 * 85
		 * Max Number Of MSDUs In A-MSDU is unlimited
	WMM:	 * Parameter version 1
		 * BE: CW 15-1023, AIFSN 3
		 * BK: CW 15-1023, AIFSN 7
		 * VI: CW 7-15, AIFSN 2, TXOP 3008 usec
		 * VO: CW 3-7, AIFSN 2, TXOP 1504 usec
	HE capabilities:
		HE MAC Capabilities (0x00051a081044):
			+HTC HE Supported
			TWT Responder
			BSR
			OM Control
			Maximum A-MPDU Length Exponent: 3
			BQR
			A-MSDU in A-MPDU
			OM Control UL MU Data Disable RX
		HE PHY Capabilities: (0x0420ce926f12af10110c00):
			HE40/HE80/5GHz
			LDPC Coding in Payload
			NDP with 4x HE-LTF and 3.2us GI
			STBC Tx <= 80MHz
			STBC Rx <= 80MHz
			Full Bandwidth UL MU-MIMO
			Partial Bandwidth UL MU-MIMO
			DCM Max Constellation: 2
			DCM Max Constellation Rx: 2
			SU Beamformer
			SU Beamformee
			MU Beamformer
			Beamformee STS <= 80Mhz: 3
			Beamformee STS > 80Mhz: 3
			Sounding Dimensions <= 80Mhz: 2
			Sounding Dimensions > 80Mhz: 2
			Codebook Size SU Feedback
			Codebook Size MU Feedback
			Triggered SU Beamforming Feedback
			Triggered MU Beamforming Feedback
			Partial Bandwidth Extended Range
			PPE Threshold Present
			Max NC: 2
			HE ER SU PPDU 4x HE-LTF 0.8us GI
			HE ER SU PPDU 1x HE-LTF 0.8us GI
			TX 1024-QAM
			RX 1024-QAM
		HE RX MCS and NSS set <= 80 MHz
			1 streams: MCS 0-11
			2 streams: MCS 0-11
			3 streams: not supported
			4 streams: not supported
			5 streams: not supported
			6 streams: not supported
			7 streams: not supported
			8 streams: not supported
		HE TX MCS and NSS set <= 80 MHz
			1 streams: MCS 0-11
			2 streams: MCS 0-11
			3 streams: not supported
			4 streams: not supported
			5 streams: not supported
			6 streams: not supported
			7 streams: not supported
			8 streams: not supported
		PPE Threshold 0x39 0x1c 0xc7 0x71 0x1c 0x07 
BSS 24:0b:2a:79:9f:35(on wlxd0374542d42e)
	TSF: 235933287709 usec (2d, 17:32:13)
	freq: 5785.0
	beacon interval: 100 TUs
	capability: ESS Privacy ShortPreamble SpectrumMgmt APSD RadioMeasure (0x1931)
	signal: -52.00 dBm
	last seen: 651 ms ago
	Information elements from Probe Response frame:
	SSID: VHT-MESH XGSPON
	Supported rates: 6.0* 9.0 12.0* 18.0 24.0* 36.0 48.0 54.0 
	DS Parameter set: channel 157
	ERP: <no flags>
	RSN:	 * Version: 1
		 * Group cipher: CCMP
		 * Pairwise ciphers: CCMP
		 * Authentication suites: PSK
		 * Capabilities: 1-PTKSA-RC 1-GTKSA-RC (0x0000)
	HT capabilities:
		Capabilities: 0x9ef
			RX LDPC
			HT20/HT40
			SM Power Save disabled
			RX HT20 SGI
			RX HT40 SGI
			TX STBC
			RX STBC 1-stream
			Max AMSDU length: 7935 bytes
			No DSSS/CCK HT40
		Maximum RX AMPDU length 65535 bytes (exponent: 0x003)
		Minimum RX AMPDU time spacing: 4 usec (0x05)
		HT RX MCS rate indexes supported: 0-15
		HT TX MCS rate indexes are undefined
	HT operation:
		 * primary channel: 157
		 * secondary channel offset: above
		 * STA channel width: any
		 * RIFS: 0
		 * HT protection: no
		 * non-GF present: 1
		 * OBSS non-GF present: 0
		 * dual beacon: 0
		 * dual CTS protection: 0
		 * STBC beacon: 0
		 * L-SIG TXOP Prot: 0
		 * PCO active: 0
		 * PCO phase: 0
	Extended capabilities:
		 * BSS Transition
		 * Interworking
		 * Operating Mode Notification
		 * Max Number Of MSDUs In A-MSDU is unlimited
	BSS Load:
		 * station count: 0
		 * channel utilisation: 30/255
		 * available admission capacity: 31250 [*32us]
	WMM:	 * Parameter version 1
		 * u-APSD
		 * BE: CW 15-1023, AIFSN 3
		 * BK: CW 15-1023, AIFSN 7
		 * VI: CW 7-15, AIFSN 2, TXOP 3008 usec
		 * VO: CW 3-7, AIFSN 2, TXOP 1504 usec
	RM enabled capabilities:
		Capabilities: 0x02 0x00 0x01 0x00 0x00
			Neighbor Report
			AP Channel Report
		Nonoperating Channel Max Measurement Duration: 0
		Measurement Pilot Capability: 0
	AP Channel Report:
		 * operating class: 128
		 * channel(s): 42 58 106 122
	Power constraint: 0 dB
	TPC report: TX power: 22 dBm
	Transmit Power Envelope:
	Country: VN	Environment: Indoor/Outdoor
		Channels [42 - 54] @ -1 dBm
	VHT capabilities:
		VHT Capabilities (0x33ca79b2):
			Max MPDU length: 11454
			Supported Channel Width: neither 160 nor 80+80
			RX LDPC
			short GI (80 MHz)
			TX STBC
			SU Beamformer
			SU Beamformee
			MU Beamformer
			+HTC-VHT
			RX antenna pattern consistency
			TX antenna pattern consistency
		VHT RX MCS set:
			1 streams: MCS 0-9
			2 streams: MCS 0-9
			3 streams: not supported
			4 streams: not supported
			5 streams: not supported
			6 streams: not supported
			7 streams: not supported
			8 streams: not supported
		VHT RX highest supported: 780 Mbps
		VHT TX MCS set:
			1 streams: MCS 0-9
			2 streams: MCS 0-9
			3 streams: not supported
			4 streams: not supported
			5 streams: not supported
			6 streams: not supported
			7 streams: not supported
			8 streams: not supported
		VHT TX highest supported: 780 Mbps
		VHT extended NSS: supported
	VHT operation:
		 * channel width: 1 (80 MHz)
		 * center freq segment 1: 155
		 * center freq segment 2: 0
		 * VHT basic MCS set: 0xfffc
	HE capabilities:
		HE MAC Capabilities (0x00011a081044):
			+HTC HE Supported
			BSR
			OM Control
			Maximum A-MPDU Length Exponent: 3
			BQR
			A-MSDU in A-MPDU
			OM Control UL MU Data Disable RX
		HE PHY Capabilities: (0x0420ce926f12af10110c00):
			HE40/HE80/5GHz
			LDPC Coding in Payload
			NDP with 4x HE-LTF and 3.2us GI
			STBC Tx <= 80MHz
			STBC Rx <= 80MHz
			Full Bandwidth UL MU-MIMO
			Partial Bandwidth UL MU-MIMO
			DCM Max Constellation: 2
			DCM Max Constellation Rx: 2
			SU Beamformer
			SU Beamformee
			MU Beamformer
			Beamformee STS <= 80Mhz: 3
			Beamformee STS > 80Mhz: 3
			Sounding Dimensions <= 80Mhz: 2
			Sounding Dimensions > 80Mhz: 2
			Codebook Size SU Feedback
			Codebook Size MU Feedback
			Triggered SU Beamforming Feedback
			Triggered MU Beamforming Feedback
			Partial Bandwidth Extended Range
			PPE Threshold Present
			Max NC: 2
			HE ER SU PPDU 4x HE-LTF 0.8us GI
			HE ER SU PPDU 1x HE-LTF 0.8us GI
			TX 1024-QAM
			RX 1024-QAM
		HE RX MCS and NSS set <= 80 MHz
			1 streams: MCS 0-11
			2 streams: MCS 0-11
			3 streams: not supported
			4 streams: not supported
			5 streams: not supported
			6 streams: not supported
			7 streams: not supported
			8 streams: not supported
		HE TX MCS and NSS set <= 80 MHz
			1 streams: MCS 0-11
			2 streams: MCS 0-11
			3 streams: not supported
			4 streams: not supported
			5 streams: not supported
			6 streams: not supported
			7 streams: not supported
			8 streams: not supported
		PPE Threshold 0x39 0x1c 0xc7 0x71 0x1c 0x07 
BSS 24:0b:2a:f1:b9:31(on wlxd0374542d42e)
	TSF: 235995222140 usec (2d, 17:33:15)
	freq: 5785.0
	beacon interval: 100 TUs
	capability: ESS Privacy ShortPreamble SpectrumMgmt APSD RadioMeasure (0x1931)
	signal: -28.00 dBm
	last seen: 11 ms ago
	Information elements from Probe Response frame:
	SSID: ONTw6_HUONGTV2
	Supported rates: 6.0* 9.0 12.0* 18.0 24.0* 36.0 48.0 54.0 
	DS Parameter set: channel 157
	ERP: Barker_Preamble_Mode
	RSN:	 * Version: 1
		 * Group cipher: CCMP
		 * Pairwise ciphers: CCMP
		 * Authentication suites: PSK
		 * Capabilities: 1-PTKSA-RC 1-GTKSA-RC (0x0000)
	HT capabilities:
		Capabilities: 0x9ef
			RX LDPC
			HT20/HT40
			SM Power Save disabled
			RX HT20 SGI
			RX HT40 SGI
			TX STBC
			RX STBC 1-stream
			Max AMSDU length: 7935 bytes
			No DSSS/CCK HT40
		Maximum RX AMPDU length 65535 bytes (exponent: 0x003)
		Minimum RX AMPDU time spacing: 4 usec (0x05)
		HT RX MCS rate indexes supported: 0-15
		HT TX MCS rate indexes are undefined
	HT operation:
		 * primary channel: 157
		 * secondary channel offset: above
		 * STA channel width: any
		 * RIFS: 0
		 * HT protection: 20 MHz
		 * non-GF present: 1
		 * OBSS non-GF present: 0
		 * dual beacon: 0
		 * dual CTS protection: 0
		 * STBC beacon: 0
		 * L-SIG TXOP Prot: 0
		 * PCO active: 0
		 * PCO phase: 0
	Extended capabilities:
		 * BSS Transition
		 * Interworking
		 * WNM-Notification
		 * Operating Mode Notification
		 * TWT Responder Support
		 * Max Number Of MSDUs In A-MSDU is unlimited
	BSS Load:
		 * station count: 7
		 * channel utilisation: 77/255
		 * available admission capacity: 31250 [*32us]
	802.11u Interworking:
		Network Options: 0x0
			Network Type: 0 (Private)
		Venue Group: 2 (Business)
		Venue Type: 8
		HESSID: 24:0b:2a:f1:b9:31
	802.11u Advertisement:
		Query Response Info: 0x7f
			Query Response Length Limit: 127
			ANQP
	WMM:	 * Parameter version 1
		 * u-APSD
		 * BE: CW 15-1023, AIFSN 3
		 * BK: CW 15-1023, AIFSN 7
		 * VI: CW 7-15, AIFSN 2, TXOP 3008 usec
		 * VO: CW 3-7, AIFSN 2, TXOP 1504 usec
	RM enabled capabilities:
		Capabilities: 0x02 0x00 0x01 0x00 0x00
			Neighbor Report
			AP Channel Report
		Nonoperating Channel Max Measurement Duration: 0
		Measurement Pilot Capability: 0
	AP Channel Report:
		 * operating class: 128
		 * channel(s): 42 58 106 122
	Power constraint: 0 dB
	TPC report: TX power: 22 dBm
	Transmit Power Envelope:
	Country: VN	Environment: Indoor/Outdoor
		Channels [42 - 54] @ -1 dBm
	VHT capabilities:
		VHT Capabilities (0x33c979b2):
			Max MPDU length: 11454
			Supported Channel Width: neither 160 nor 80+80
			RX LDPC
			short GI (80 MHz)
			TX STBC
			SU Beamformer
			SU Beamformee
			MU Beamformer
			+HTC-VHT
			RX antenna pattern consistency
			TX antenna pattern consistency
		VHT RX MCS set:
			1 streams: MCS 0-9
			2 streams: MCS 0-9
			3 streams: not supported
			4 streams: not supported
			5 streams: not supported
			6 streams: not supported
			7 streams: not supported
			8 streams: not supported
		VHT RX highest supported: 780 Mbps
		VHT TX MCS set:
			1 streams: MCS 0-9
			2 streams: MCS 0-9
			3 streams: not supported
			4 streams: not supported
			5 streams: not supported
			6 streams: not supported
			7 streams: not supported
			8 streams: not supported
		VHT TX highest supported: 780 Mbps
		VHT extended NSS: supported
	VHT operation:
		 * channel width: 1 (80 MHz)
		 * center freq segment 1: 155
		 * center freq segment 2: 0
		 * VHT basic MCS set: 0xfffc
	HE capabilities:
		HE MAC Capabilities (0x00051a081044):
			+HTC HE Supported
			TWT Responder
			BSR
			OM Control
			Maximum A-MPDU Length Exponent: 3
			BQR
			A-MSDU in A-MPDU
			OM Control UL MU Data Disable RX
		HE PHY Capabilities: (0x0420ce926f09af08110c00):
			HE40/HE80/5GHz
			LDPC Coding in Payload
			NDP with 4x HE-LTF and 3.2us GI
			STBC Tx <= 80MHz
			STBC Rx <= 80MHz
			Full Bandwidth UL MU-MIMO
			Partial Bandwidth UL MU-MIMO
			DCM Max Constellation: 2
			DCM Max Constellation Rx: 2
			SU Beamformer
			SU Beamformee
			MU Beamformer
			Beamformee STS <= 80Mhz: 3
			Beamformee STS > 80Mhz: 3
			Sounding Dimensions <= 80Mhz: 1
			Sounding Dimensions > 80Mhz: 1
			Codebook Size SU Feedback
			Codebook Size MU Feedback
			Triggered SU Beamforming Feedback
			Triggered MU Beamforming Feedback
			Partial Bandwidth Extended Range
			PPE Threshold Present
			Max NC: 1
			HE ER SU PPDU 4x HE-LTF 0.8us GI
			HE ER SU PPDU 1x HE-LTF 0.8us GI
			TX 1024-QAM
			RX 1024-QAM
		HE RX MCS and NSS set <= 80 MHz
			1 streams: MCS 0-11
			2 streams: MCS 0-11
			3 streams: not supported
			4 streams: not supported
			5 streams: not supported
			6 streams: not supported
			7 streams: not supported
			8 streams: not supported
		HE TX MCS and NSS set <= 80 MHz
			1 streams: MCS 0-11
			2 streams: MCS 0-11
			3 streams: not supported
			4 streams: not supported
			5 streams: not supported
			6 streams: not supported
			7 streams: not supported
			8 streams: not supported
		PPE Threshold 0x39 0x1c 0xc7 0x71 0x1c 0x07 
BSS 24:0b:2a:f1:b8:dd(on wlxd0374542d42e)
	TSF: 144311907601 usec (1d, 16:05:11)
	freq: 5785.0
	beacon interval: 100 TUs
	capability: ESS Privacy ShortPreamble SpectrumMgmt APSD RadioMeasure (0x1931)
	signal: -46.00 dBm
	last seen: 11 ms ago
	Information elements from Probe Response frame:
	SSID: VIETTEL_F1B8D8
	Supported rates: 6.0* 9.0 12.0* 18.0 24.0* 36.0 48.0 54.0 
	DS Parameter set: channel 157
	ERP: <no flags>
	RSN:	 * Version: 1
		 * Group cipher: CCMP
		 * Pairwise ciphers: CCMP
		 * Authentication suites: PSK
		 * Capabilities: 1-PTKSA-RC 1-GTKSA-RC (0x0000)
	HT capabilities:
		Capabilities: 0x9ef
			RX LDPC
			HT20/HT40
			SM Power Save disabled
			RX HT20 SGI
			RX HT40 SGI
			TX STBC
			RX STBC 1-stream
			Max AMSDU length: 7935 bytes
			No DSSS/CCK HT40
		Maximum RX AMPDU length 65535 bytes (exponent: 0x003)
		Minimum RX AMPDU time spacing: 4 usec (0x05)
		HT RX MCS rate indexes supported: 0-15
		HT TX MCS rate indexes are undefined
	HT operation:
		 * primary channel: 157
		 * secondary channel offset: above
		 * STA channel width: any
		 * RIFS: 0
		 * HT protection: no
		 * non-GF present: 0
		 * OBSS non-GF present: 0
		 * dual beacon: 0
		 * dual CTS protection: 0
		 * STBC beacon: 0
		 * L-SIG TXOP Prot: 0
		 * PCO active: 0
		 * PCO phase: 0
	Extended capabilities:
		 * BSS Transition
		 * Interworking
		 * WNM-Notification
		 * Operating Mode Notification
		 * TWT Responder Support
		 * Max Number Of MSDUs In A-MSDU is unlimited
	BSS Load:
		 * station count: 0
		 * channel utilisation: 58/255
		 * available admission capacity: 31250 [*32us]
	802.11u Interworking:
		Network Options: 0x0
			Network Type: 0 (Private)
		Venue Group: 2 (Business)
		Venue Type: 8
		HESSID: 24:0b:2a:f1:b8:dd
	802.11u Advertisement:
		Query Response Info: 0x7f
			Query Response Length Limit: 127
			ANQP
	WMM:	 * Parameter version 1
		 * u-APSD
		 * BE: CW 15-1023, AIFSN 3
		 * BK: CW 15-1023, AIFSN 7
		 * VI: CW 7-15, AIFSN 2, TXOP 3008 usec
		 * VO: CW 3-7, AIFSN 2, TXOP 1504 usec
	RM enabled capabilities:
		Capabilities: 0x02 0x00 0x01 0x00 0x00
			Neighbor Report
			AP Channel Report
		Nonoperating Channel Max Measurement Duration: 0
		Measurement Pilot Capability: 0
	AP Channel Report:
		 * operating class: 128
		 * channel(s): 42 58 106 122
	Power constraint: 0 dB
	TPC report: TX power: 22 dBm
	Transmit Power Envelope:
	Country: VN	Environment: bogus
		Channels [42 - 54] @ -1 dBm
	VHT capabilities:
		VHT Capabilities (0x33c979b2):
			Max MPDU length: 11454
			Supported Channel Width: neither 160 nor 80+80
			RX LDPC
			short GI (80 MHz)
			TX STBC
			SU Beamformer
			SU Beamformee
			MU Beamformer
			+HTC-VHT
			RX antenna pattern consistency
			TX antenna pattern consistency
		VHT RX MCS set:
			1 streams: MCS 0-9
			2 streams: MCS 0-9
			3 streams: not supported
			4 streams: not supported
			5 streams: not supported
			6 streams: not supported
			7 streams: not supported
			8 streams: not supported
		VHT RX highest supported: 780 Mbps
		VHT TX MCS set:
			1 streams: MCS 0-9
			2 streams: MCS 0-9
			3 streams: not supported
			4 streams: not supported
			5 streams: not supported
			6 streams: not supported
			7 streams: not supported
			8 streams: not supported
		VHT TX highest supported: 780 Mbps
		VHT extended NSS: supported
	VHT operation:
		 * channel width: 1 (80 MHz)
		 * center freq segment 1: 155
		 * center freq segment 2: 0
		 * VHT basic MCS set: 0xfffc
	HE capabilities:
		HE MAC Capabilities (0x00051a081044):
			+HTC HE Supported
			TWT Responder
			BSR
			OM Control
			Maximum A-MPDU Length Exponent: 3
			BQR
			A-MSDU in A-MPDU
			OM Control UL MU Data Disable RX
		HE PHY Capabilities: (0x0420ce926f09af08110c00):
			HE40/HE80/5GHz
			LDPC Coding in Payload
			NDP with 4x HE-LTF and 3.2us GI
			STBC Tx <= 80MHz
			STBC Rx <= 80MHz
			Full Bandwidth UL MU-MIMO
			Partial Bandwidth UL MU-MIMO
			DCM Max Constellation: 2
			DCM Max Constellation Rx: 2
			SU Beamformer
			SU Beamformee
			MU Beamformer
			Beamformee STS <= 80Mhz: 3
			Beamformee STS > 80Mhz: 3
			Sounding Dimensions <= 80Mhz: 1
			Sounding Dimensions > 80Mhz: 1
			Codebook Size SU Feedback
			Codebook Size MU Feedback
			Triggered SU Beamforming Feedback
			Triggered MU Beamforming Feedback
			Partial Bandwidth Extended Range
			PPE Threshold Present
			Max NC: 1
			HE ER SU PPDU 4x HE-LTF 0.8us GI
			HE ER SU PPDU 1x HE-LTF 0.8us GI
			TX 1024-QAM
			RX 1024-QAM
		HE RX MCS and NSS set <= 80 MHz
			1 streams: MCS 0-11
			2 streams: MCS 0-11
			3 streams: not supported
			4 streams: not supported
			5 streams: not supported
			6 streams: not supported
			7 streams: not supported
			8 streams: not supported
		HE TX MCS and NSS set <= 80 MHz
			1 streams: MCS 0-11
			2 streams: MCS 0-11
			3 streams: not supported
			4 streams: not supported
			5 streams: not supported
			6 streams: not supported
			7 streams: not supported
			8 streams: not supported
		PPE Threshold 0x39 0x1c 0xc7 0x71 0x1c 0x07 
BSS 26:0b:2a:cf:e9:89(on wlxd0374542d42e)
	TSF: 54788813172 usec (0d, 15:13:08)
	freq: 5785.0
	beacon interval: 100 TUs
	capability: ESS Privacy ShortPreamble SpectrumMgmt RadioMeasure (0x1131)
	signal: -50.00 dBm
	last seen: 640 ms ago
	SSID: VHT-MESH XGSPON
	Supported rates: 6.0* 9.0 12.0* 18.0 24.0* 36.0 48.0 54.0 
	DS Parameter set: channel 157
	TIM: DTIM Count 0 DTIM Period 1 Bitmap Control 0x0 Bitmap[0] 0x0
	Country: VN	Environment: bogus
		Channels [36 - 64] @ 30 dBm
		Channels [100 - 120] @ 30 dBm
		Channels [149 - 161] @ 30 dBm
	Power constraint: 0 dB
	TPC report: TX power: 18 dBm
	Transmit Power Envelope:
	RM enabled capabilities:
		Capabilities: 0x02 0x00 0x01 0x00 0x00
			Neighbor Report
			AP Channel Report
		Nonoperating Channel Max Measurement Duration: 0
		Measurement Pilot Capability: 0
	AP Channel Report:
		 * operating class: 128
		 * channel(s): 42 58 106 122
	RSN:	 * Version: 1
		 * Group cipher: CCMP
		 * Pairwise ciphers: CCMP
		 * Authentication suites: PSK
		 * Capabilities: 1-PTKSA-RC 1-GTKSA-RC (0x0000)
	802.11u Interworking:
		Network Options: 0x0
			Network Type: 0 (Private)
		Venue Group: 2 (Business)
		Venue Type: 8
		HESSID: 00:00:00:00:00:00
	802.11u Advertisement:
		Query Response Info: 0x7f
			Query Response Length Limit: 127
			ANQP
	HT capabilities:
		Capabilities: 0x9ef
			RX LDPC
			HT20/HT40
			SM Power Save disabled
			RX HT20 SGI
			RX HT40 SGI
			TX STBC
			RX STBC 1-stream
			Max AMSDU length: 7935 bytes
			No DSSS/CCK HT40
		Maximum RX AMPDU length 65535 bytes (exponent: 0x003)
		Minimum RX AMPDU time spacing: 2 usec (0x04)
		HT RX MCS rate indexes supported: 0-15
		HT TX MCS rate indexes are undefined
	HT operation:
		 * primary channel: 157
		 * secondary channel offset: above
		 * STA channel width: any
		 * RIFS: 0
		 * HT protection: no
		 * non-GF present: 0
		 * OBSS non-GF present: 0
		 * dual beacon: 0
		 * dual CTS protection: 0
		 * STBC beacon: 0
		 * L-SIG TXOP Prot: 0
		 * PCO active: 0
		 * PCO phase: 0
	VHT capabilities:
		VHT Capabilities (0x33ca79b2):
			Max MPDU length: 11454
			Supported Channel Width: neither 160 nor 80+80
			RX LDPC
			short GI (80 MHz)
			TX STBC
			SU Beamformer
			SU Beamformee
			MU Beamformer
			+HTC-VHT
			RX antenna pattern consistency
			TX antenna pattern consistency
		VHT RX MCS set:
			1 streams: MCS 0-9
			2 streams: MCS 0-9
			3 streams: not supported
			4 streams: not supported
			5 streams: not supported
			6 streams: not supported
			7 streams: not supported
			8 streams: not supported
		VHT RX highest supported: 780 Mbps
		VHT TX MCS set:
			1 streams: MCS 0-9
			2 streams: MCS 0-9
			3 streams: not supported
			4 streams: not supported
			5 streams: not supported
			6 streams: not supported
			7 streams: not supported
			8 streams: not supported
		VHT TX highest supported: 780 Mbps
		VHT extended NSS: supported
	VHT operation:
		 * channel width: 1 (80 MHz)
		 * center freq segment 1: 155
		 * center freq segment 2: 0
		 * VHT basic MCS set: 0xfffc
	Extended capabilities:
		 * BSS Transition
		 * Interworking
		 * Operating Mode Notification
		 * TWT Responder Support
		 * 85
		 * Max Number Of MSDUs In A-MSDU is unlimited
	WMM:	 * Parameter version 1
		 * BE: CW 15-1023, AIFSN 3
		 * BK: CW 15-1023, AIFSN 7
		 * VI: CW 7-15, AIFSN 2, TXOP 3008 usec
		 * VO: CW 3-7, AIFSN 2, TXOP 1504 usec
	HE capabilities:
		HE MAC Capabilities (0x00051a081044):
			+HTC HE Supported
			TWT Responder
			BSR
			OM Control
			Maximum A-MPDU Length Exponent: 3
			BQR
			A-MSDU in A-MPDU
			OM Control UL MU Data Disable RX
		HE PHY Capabilities: (0x0420ce926f12af10110c00):
			HE40/HE80/5GHz
			LDPC Coding in Payload
			NDP with 4x HE-LTF and 3.2us GI
			STBC Tx <= 80MHz
			STBC Rx <= 80MHz
			Full Bandwidth UL MU-MIMO
			Partial Bandwidth UL MU-MIMO
			DCM Max Constellation: 2
			DCM Max Constellation Rx: 2
			SU Beamformer
			SU Beamformee
			MU Beamformer
			Beamformee STS <= 80Mhz: 3
			Beamformee STS > 80Mhz: 3
			Sounding Dimensions <= 80Mhz: 2
			Sounding Dimensions > 80Mhz: 2
			Codebook Size SU Feedback
			Codebook Size MU Feedback
			Triggered SU Beamforming Feedback
			Triggered MU Beamforming Feedback
			Partial Bandwidth Extended Range
			PPE Threshold Present
			Max NC: 2
			HE ER SU PPDU 4x HE-LTF 0.8us GI
			HE ER SU PPDU 1x HE-LTF 0.8us GI
			TX 1024-QAM
			RX 1024-QAM
		HE RX MCS and NSS set <= 80 MHz
			1 streams: MCS 0-11
			2 streams: MCS 0-11
			3 streams: not supported
			4 streams: not supported
			5 streams: not supported
			6 streams: not supported
			7 streams: not supported
			8 streams: not supported
		HE TX MCS and NSS set <= 80 MHz
			1 streams: MCS 0-11
			2 streams: MCS 0-11
			3 streams: not supported
			4 streams: not supported
			5 streams: not supported
			6 streams: not supported
			7 streams: not supported
			8 streams: not supported
		PPE Threshold 0x39 0x1c 0xc7 0x71 0x1c 0x07 
BSS 26:0b:2a:b1:b8:dc(on wlxd0374542d42e)
	TSF: 144311910529 usec (1d, 16:05:11)
	freq: 5785.0
	beacon interval: 100 TUs
	capability: ESS Privacy ShortPreamble SpectrumMgmt APSD RadioMeasure (0x1931)
	signal: -47.00 dBm
	last seen: 639 ms ago
	Supported rates: 6.0* 9.0 12.0* 18.0 24.0* 36.0 48.0 54.0 
	DS Parameter set: channel 157
	TIM: DTIM Count 0 DTIM Period 1 Bitmap Control 0x0 Bitmap[0] 0x0
	Country: VN	Environment: bogus
		Channels [36 - 64] @ 30 dBm
		Channels [100 - 120] @ 30 dBm
		Channels [149 - 161] @ 30 dBm
	Power constraint: 0 dB
	TPC report: TX power: 22 dBm
	Transmit Power Envelope:
	RM enabled capabilities:
		Capabilities: 0x02 0x00 0x01 0x00 0x00
			Neighbor Report
			AP Channel Report
		Nonoperating Channel Max Measurement Duration: 0
		Measurement Pilot Capability: 0
	AP Channel Report:
		 * operating class: 128
		 * channel(s): 42 58 106 122
	RSN:	 * Version: 1
		 * Group cipher: CCMP
		 * Pairwise ciphers: CCMP
		 * Authentication suites: PSK SAE
		 * Capabilities: 1-PTKSA-RC 1-GTKSA-RC MFP-capable (0x0080)
		 * 0 PMKIDs
		 * Group mgmt cipher suite: AES-128-CMAC
	BSS Load:
		 * station count: 0
		 * channel utilisation: 77/255
		 * available admission capacity: 31250 [*32us]
	HT capabilities:
		Capabilities: 0x9ef
			RX LDPC
			HT20/HT40
			SM Power Save disabled
			RX HT20 SGI
			RX HT40 SGI
			TX STBC
			RX STBC 1-stream
			Max AMSDU length: 7935 bytes
			No DSSS/CCK HT40
		Maximum RX AMPDU length 65535 bytes (exponent: 0x003)
		Minimum RX AMPDU time spacing: 4 usec (0x05)
		HT RX MCS rate indexes supported: 0-15
		HT TX MCS rate indexes are undefined
	HT operation:
		 * primary channel: 157
		 * secondary channel offset: above
		 * STA channel width: any
		 * RIFS: 0
		 * HT protection: no
		 * non-GF present: 0
		 * OBSS non-GF present: 0
		 * dual beacon: 0
		 * dual CTS protection: 0
		 * STBC beacon: 0
		 * L-SIG TXOP Prot: 0
		 * PCO active: 0
		 * PCO phase: 0
	VHT capabilities:
		VHT Capabilities (0x33c979b2):
			Max MPDU length: 11454
			Supported Channel Width: neither 160 nor 80+80
			RX LDPC
			short GI (80 MHz)
			TX STBC
			SU Beamformer
			SU Beamformee
			MU Beamformer
			+HTC-VHT
			RX antenna pattern consistency
			TX antenna pattern consistency
		VHT RX MCS set:
			1 streams: MCS 0-9
			2 streams: MCS 0-9
			3 streams: not supported
			4 streams: not supported
			5 streams: not supported
			6 streams: not supported
			7 streams: not supported
			8 streams: not supported
		VHT RX highest supported: 780 Mbps
		VHT TX MCS set:
			1 streams: MCS 0-9
			2 streams: MCS 0-9
			3 streams: not supported
			4 streams: not supported
			5 streams: not supported
			6 streams: not supported
			7 streams: not supported
			8 streams: not supported
		VHT TX highest supported: 780 Mbps
		VHT extended NSS: supported
	VHT operation:
		 * channel width: 1 (80 MHz)
		 * center freq segment 1: 155
		 * center freq segment 2: 0
		 * VHT basic MCS set: 0xfffc
	Extended capabilities:
		 * BSS Transition
		 * Interworking
		 * Operating Mode Notification
		 * TWT Responder Support
		 * Max Number Of MSDUs In A-MSDU is unlimited
	WMM:	 * Parameter version 1
		 * u-APSD
		 * BE: CW 15-1023, AIFSN 3
		 * BK: CW 15-1023, AIFSN 7
		 * VI: CW 7-15, AIFSN 2, TXOP 3008 usec
		 * VO: CW 3-7, AIFSN 2, TXOP 1504 usec
	HE capabilities:
		HE MAC Capabilities (0x00051a081044):
			+HTC HE Supported
			TWT Responder
			BSR
			OM Control
			Maximum A-MPDU Length Exponent: 3
			BQR
			A-MSDU in A-MPDU
			OM Control UL MU Data Disable RX
		HE PHY Capabilities: (0x0420ce926f09af08110c00):
			HE40/HE80/5GHz
			LDPC Coding in Payload
			NDP with 4x HE-LTF and 3.2us GI
			STBC Tx <= 80MHz
			STBC Rx <= 80MHz
			Full Bandwidth UL MU-MIMO
			Partial Bandwidth UL MU-MIMO
			DCM Max Constellation: 2
			DCM Max Constellation Rx: 2
			SU Beamformer
			SU Beamformee
			MU Beamformer
			Beamformee STS <= 80Mhz: 3
			Beamformee STS > 80Mhz: 3
			Sounding Dimensions <= 80Mhz: 1
			Sounding Dimensions > 80Mhz: 1
			Codebook Size SU Feedback
			Codebook Size MU Feedback
			Triggered SU Beamforming Feedback
			Triggered MU Beamforming Feedback
			Partial Bandwidth Extended Range
			PPE Threshold Present
			Max NC: 1
			HE ER SU PPDU 4x HE-LTF 0.8us GI
			HE ER SU PPDU 1x HE-LTF 0.8us GI
			TX 1024-QAM
			RX 1024-QAM
		HE RX MCS and NSS set <= 80 MHz
			1 streams: MCS 0-11
			2 streams: MCS 0-11
			3 streams: not supported
			4 streams: not supported
			5 streams: not supported
			6 streams: not supported
			7 streams: not supported
			8 streams: not supported
		HE TX MCS and NSS set <= 80 MHz
			1 streams: MCS 0-11
			2 streams: MCS 0-11
			3 streams: not supported
			4 streams: not supported
			5 streams: not supported
			6 streams: not supported
			7 streams: not supported
			8 streams: not supported
		PPE Threshold 0x39 0x1c 0xc7 0x71 0x1c 0x07 
BSS 26:0b:2a:ff:e9:89(on wlxd0374542d42e)
	TSF: 54788812865 usec (0d, 15:13:08)
	freq: 5785.0
	beacon interval: 100 TUs
	capability: ESS Privacy ShortPreamble SpectrumMgmt RadioMeasure (0x1131)
	signal: -52.00 dBm
	last seen: 636 ms ago
	Supported rates: 6.0* 9.0 12.0* 18.0 24.0* 36.0 48.0 54.0 
	DS Parameter set: channel 157
	TIM: DTIM Count 0 DTIM Period 1 Bitmap Control 0x0 Bitmap[0] 0x0
	Country: VN	Environment: bogus
		Channels [36 - 64] @ 30 dBm
		Channels [100 - 120] @ 30 dBm
		Channels [149 - 161] @ 30 dBm
	Power constraint: 0 dB
	TPC report: TX power: 18 dBm
	Transmit Power Envelope:
	RM enabled capabilities:
		Capabilities: 0x02 0x00 0x01 0x00 0x00
			Neighbor Report
			AP Channel Report
		Nonoperating Channel Max Measurement Duration: 0
		Measurement Pilot Capability: 0
	AP Channel Report:
		 * operating class: 128
		 * channel(s): 42 58 106 122
	RSN:	 * Version: 1
		 * Group cipher: CCMP
		 * Pairwise ciphers: CCMP
		 * Authentication suites: PSK SAE
		 * Capabilities: 1-PTKSA-RC 1-GTKSA-RC MFP-capable (0x0080)
		 * 0 PMKIDs
		 * Group mgmt cipher suite: AES-128-CMAC
	HT capabilities:
		Capabilities: 0x9ef
			RX LDPC
			HT20/HT40
			SM Power Save disabled
			RX HT20 SGI
			RX HT40 SGI
			TX STBC
			RX STBC 1-stream
			Max AMSDU length: 7935 bytes
			No DSSS/CCK HT40
		Maximum RX AMPDU length 65535 bytes (exponent: 0x003)
		Minimum RX AMPDU time spacing: 2 usec (0x04)
		HT RX MCS rate indexes supported: 0-15
		HT TX MCS rate indexes are undefined
	HT operation:
		 * primary channel: 157
		 * secondary channel offset: above
		 * STA channel width: any
		 * RIFS: 0
		 * HT protection: no
		 * non-GF present: 0
		 * OBSS non-GF present: 0
		 * dual beacon: 0
		 * dual CTS protection: 0
		 * STBC beacon: 0
		 * L-SIG TXOP Prot: 0
		 * PCO active: 0
		 * PCO phase: 0
	VHT capabilities:
		VHT Capabilities (0x33ca79b2):
			Max MPDU length: 11454
			Supported Channel Width: neither 160 nor 80+80
			RX LDPC
			short GI (80 MHz)
			TX STBC
			SU Beamformer
			SU Beamformee
			MU Beamformer
			+HTC-VHT
			RX antenna pattern consistency
			TX antenna pattern consistency
		VHT RX MCS set:
			1 streams: MCS 0-9
			2 streams: MCS 0-9
			3 streams: not supported
			4 streams: not supported
			5 streams: not supported
			6 streams: not supported
			7 streams: not supported
			8 streams: not supported
		VHT RX highest supported: 780 Mbps
		VHT TX MCS set:
			1 streams: MCS 0-9
			2 streams: MCS 0-9
			3 streams: not supported
			4 streams: not supported
			5 streams: not supported
			6 streams: not supported
			7 streams: not supported
			8 streams: not supported
		VHT TX highest supported: 780 Mbps
		VHT extended NSS: supported
	VHT operation:
		 * channel width: 1 (80 MHz)
		 * center freq segment 1: 155
		 * center freq segment 2: 0
		 * VHT basic MCS set: 0xfffc
	Extended capabilities:
		 * BSS Transition
		 * Interworking
		 * Operating Mode Notification
		 * TWT Responder Support
		 * 85
		 * Max Number Of MSDUs In A-MSDU is unlimited
	WMM:	 * Parameter version 1
		 * BE: CW 15-1023, AIFSN 3
		 * BK: CW 15-1023, AIFSN 7
		 * VI: CW 7-15, AIFSN 2, TXOP 3008 usec
		 * VO: CW 3-7, AIFSN 2, TXOP 1504 usec
	HE capabilities:
		HE MAC Capabilities (0x00051a081044):
			+HTC HE Supported
			TWT Responder
			BSR
			OM Control
			Maximum A-MPDU Length Exponent: 3
			BQR
			A-MSDU in A-MPDU
			OM Control UL MU Data Disable RX
		HE PHY Capabilities: (0x0420ce926f12af10110c00):
			HE40/HE80/5GHz
			LDPC Coding in Payload
			NDP with 4x HE-LTF and 3.2us GI
			STBC Tx <= 80MHz
			STBC Rx <= 80MHz
			Full Bandwidth UL MU-MIMO
			Partial Bandwidth UL MU-MIMO
			DCM Max Constellation: 2
			DCM Max Constellation Rx: 2
			SU Beamformer
			SU Beamformee
			MU Beamformer
			Beamformee STS <= 80Mhz: 3
			Beamformee STS > 80Mhz: 3
			Sounding Dimensions <= 80Mhz: 2
			Sounding Dimensions > 80Mhz: 2
			Codebook Size SU Feedback
			Codebook Size MU Feedback
			Triggered SU Beamforming Feedback
			Triggered MU Beamforming Feedback
			Partial Bandwidth Extended Range
			PPE Threshold Present
			Max NC: 2
			HE ER SU PPDU 4x HE-LTF 0.8us GI
			HE ER SU PPDU 1x HE-LTF 0.8us GI
			TX 1024-QAM
			RX 1024-QAM
		HE RX MCS and NSS set <= 80 MHz
			1 streams: MCS 0-11
			2 streams: MCS 0-11
			3 streams: not supported
			4 streams: not supported
			5 streams: not supported
			6 streams: not supported
			7 streams: not supported
			8 streams: not supported
		HE TX MCS and NSS set <= 80 MHz
			1 streams: MCS 0-11
			2 streams: MCS 0-11
			3 streams: not supported
			4 streams: not supported
			5 streams: not supported
			6 streams: not supported
			7 streams: not supported
			8 streams: not supported
		PPE Threshold 0x39 0x1c 0xc7 0x71 0x1c 0x07 
BSS 26:0b:2a:b1:b9:30(on wlxd0374542d42e)
	TSF: 235995238478 usec (2d, 17:33:15)
	freq: 5785.0
	beacon interval: 100 TUs
	capability: ESS Privacy ShortPreamble SpectrumMgmt APSD RadioMeasure (0x1931)
	signal: -29.00 dBm
	last seen: 629 ms ago
	Supported rates: 6.0* 9.0 12.0* 18.0 24.0* 36.0 48.0 54.0 
	DS Parameter set: channel 157
	TIM: DTIM Count 0 DTIM Period 1 Bitmap Control 0x0 Bitmap[0] 0x0
	Country: VN	Environment: Indoor/Outdoor
		Channels [36 - 64] @ 30 dBm
		Channels [100 - 120] @ 30 dBm
		Channels [149 - 161] @ 30 dBm
	Power constraint: 0 dB
	TPC report: TX power: 22 dBm
	Transmit Power Envelope:
	RM enabled capabilities:
		Capabilities: 0x02 0x00 0x01 0x00 0x00
			Neighbor Report
			AP Channel Report
		Nonoperating Channel Max Measurement Duration: 0
		Measurement Pilot Capability: 0
	AP Channel Report:
		 * operating class: 128
		 * channel(s): 42 58 106 122
	RSN:	 * Version: 1
		 * Group cipher: CCMP
		 * Pairwise ciphers: CCMP
		 * Authentication suites: PSK SAE
		 * Capabilities: 1-PTKSA-RC 1-GTKSA-RC MFP-capable (0x0080)
		 * 0 PMKIDs
		 * Group mgmt cipher suite: AES-128-CMAC
	BSS Load:
		 * station count: 0
		 * channel utilisation: 77/255
		 * available admission capacity: 31250 [*32us]
	HT capabilities:
		Capabilities: 0x9ef
			RX LDPC
			HT20/HT40
			SM Power Save disabled
			RX HT20 SGI
			RX HT40 SGI
			TX STBC
			RX STBC 1-stream
			Max AMSDU length: 7935 bytes
			No DSSS/CCK HT40
		Maximum RX AMPDU length 65535 bytes (exponent: 0x003)
		Minimum RX AMPDU time spacing: 4 usec (0x05)
		HT RX MCS rate indexes supported: 0-15
		HT TX MCS rate indexes are undefined
	HT operation:
		 * primary channel: 157
		 * secondary channel offset: above
		 * STA channel width: any
		 * RIFS: 0
		 * HT protection: 20 MHz
		 * non-GF present: 1
		 * OBSS non-GF present: 0
		 * dual beacon: 0
		 * dual CTS protection: 0
		 * STBC beacon: 0
		 * L-SIG TXOP Prot: 0
		 * PCO active: 0
		 * PCO phase: 0
	VHT capabilities:
		VHT Capabilities (0x33c979b2):
			Max MPDU length: 11454
			Supported Channel Width: neither 160 nor 80+80
			RX LDPC
			short GI (80 MHz)
			TX STBC
			SU Beamformer
			SU Beamformee
			MU Beamformer
			+HTC-VHT
			RX antenna pattern consistency
			TX antenna pattern consistency
		VHT RX MCS set:
			1 streams: MCS 0-9
			2 streams: MCS 0-9
			3 streams: not supported
			4 streams: not supported
			5 streams: not supported
			6 streams: not supported
			7 streams: not supported
			8 streams: not supported
		VHT RX highest supported: 780 Mbps
		VHT TX MCS set:
			1 streams: MCS 0-9
			2 streams: MCS 0-9
			3 streams: not supported
			4 streams: not supported
			5 streams: not supported
			6 streams: not supported
			7 streams: not supported
			8 streams: not supported
		VHT TX highest supported: 780 Mbps
		VHT extended NSS: supported
	VHT operation:
		 * channel width: 1 (80 MHz)
		 * center freq segment 1: 155
		 * center freq segment 2: 0
		 * VHT basic MCS set: 0xfffc
	Extended capabilities:
		 * BSS Transition
		 * Interworking
		 * Operating Mode Notification
		 * TWT Responder Support
		 * Max Number Of MSDUs In A-MSDU is unlimited
	WMM:	 * Parameter version 1
		 * u-APSD
		 * BE: CW 15-1023, AIFSN 3
		 * BK: CW 15-1023, AIFSN 7
		 * VI: CW 7-15, AIFSN 2, TXOP 3008 usec
		 * VO: CW 3-7, AIFSN 2, TXOP 1504 usec
	HE capabilities:
		HE MAC Capabilities (0x00051a081044):
			+HTC HE Supported
			TWT Responder
			BSR
			OM Control
			Maximum A-MPDU Length Exponent: 3
			BQR
			A-MSDU in A-MPDU
			OM Control UL MU Data Disable RX
		HE PHY Capabilities: (0x0420ce926f09af08110c00):
			HE40/HE80/5GHz
			LDPC Coding in Payload
			NDP with 4x HE-LTF and 3.2us GI
			STBC Tx <= 80MHz
			STBC Rx <= 80MHz
			Full Bandwidth UL MU-MIMO
			Partial Bandwidth UL MU-MIMO
			DCM Max Constellation: 2
			DCM Max Constellation Rx: 2
			SU Beamformer
			SU Beamformee
			MU Beamformer
			Beamformee STS <= 80Mhz: 3
			Beamformee STS > 80Mhz: 3
			Sounding Dimensions <= 80Mhz: 1
			Sounding Dimensions > 80Mhz: 1
			Codebook Size SU Feedback
			Codebook Size MU Feedback
			Triggered SU Beamforming Feedback
			Triggered MU Beamforming Feedback
			Partial Bandwidth Extended Range
			PPE Threshold Present
			Max NC: 1
			HE ER SU PPDU 4x HE-LTF 0.8us GI
			HE ER SU PPDU 1x HE-LTF 0.8us GI
			TX 1024-QAM
			RX 1024-QAM
		HE RX MCS and NSS set <= 80 MHz
			1 streams: MCS 0-11
			2 streams: MCS 0-11
			3 streams: not supported
			4 streams: not supported
			5 streams: not supported
			6 streams: not supported
			7 streams: not supported
			8 streams: not supported
		HE TX MCS and NSS set <= 80 MHz
			1 streams: MCS 0-11
			2 streams: MCS 0-11
			3 streams: not supported
			4 streams: not supported
			5 streams: not supported
			6 streams: not supported
			7 streams: not supported
			8 streams: not supported
		PPE Threshold 0x39 0x1c 0xc7 0x71 0x1c 0x07 
BSS 24:0b:2a:dd:53:0d(on wlxd0374542d42e)
	TSF: 67879517957 usec (0d, 18:51:19)
	freq: 5805.0
	beacon interval: 100 TUs
	capability: ESS Privacy ShortPreamble SpectrumMgmt APSD RadioMeasure (0x1931)
	signal: -59.00 dBm
	last seen: 14 ms ago
	Information elements from Probe Response frame:
	SSID: Test
	Supported rates: 6.0* 9.0 12.0* 18.0 24.0* 36.0 48.0 54.0 
	DS Parameter set: channel 161
	ERP: <no flags>
	RSN:	 * Version: 1
		 * Group cipher: CCMP
		 * Pairwise ciphers: CCMP
		 * Authentication suites: PSK
		 * Capabilities: 1-PTKSA-RC 1-GTKSA-RC (0x0000)
	HT capabilities:
		Capabilities: 0x9ef
			RX LDPC
			HT20/HT40
			SM Power Save disabled
			RX HT20 SGI
			RX HT40 SGI
			TX STBC
			RX STBC 1-stream
			Max AMSDU length: 7935 bytes
			No DSSS/CCK HT40
		Maximum RX AMPDU length 65535 bytes (exponent: 0x003)
		Minimum RX AMPDU time spacing: 4 usec (0x05)
		HT RX MCS rate indexes supported: 0-15
		HT TX MCS rate indexes are undefined
	HT operation:
		 * primary channel: 161
		 * secondary channel offset: below
		 * STA channel width: any
		 * RIFS: 0
		 * HT protection: no
		 * non-GF present: 0
		 * OBSS non-GF present: 0
		 * dual beacon: 0
		 * dual CTS protection: 0
		 * STBC beacon: 0
		 * L-SIG TXOP Prot: 0
		 * PCO active: 0
		 * PCO phase: 0
	Extended capabilities:
		 * BSS Transition
		 * Interworking
		 * WNM-Notification
		 * Operating Mode Notification
		 * TWT Responder Support
		 * Max Number Of MSDUs In A-MSDU is unlimited
	BSS Load:
		 * station count: 0
		 * channel utilisation: 53/255
		 * available admission capacity: 31250 [*32us]
	802.11u Interworking:
		Network Options: 0x0
			Network Type: 0 (Private)
		Venue Group: 2 (Business)
		Venue Type: 8
		HESSID: 24:0b:2a:dd:53:0d
	802.11u Advertisement:
		Query Response Info: 0x7f
			Query Response Length Limit: 127
			ANQP
	WMM:	 * Parameter version 1
		 * u-APSD
		 * BE: CW 15-1023, AIFSN 3
		 * BK: CW 15-1023, AIFSN 7
		 * VI: CW 7-15, AIFSN 2, TXOP 3008 usec
		 * VO: CW 3-7, AIFSN 2, TXOP 1504 usec
	RM enabled capabilities:
		Capabilities: 0x02 0x00 0x01 0x00 0x00
			Neighbor Report
			AP Channel Report
		Nonoperating Channel Max Measurement Duration: 0
		Measurement Pilot Capability: 0
	AP Channel Report:
		 * operating class: 128
		 * channel(s): 42 58 106 122
	Power constraint: 0 dB
	TPC report: TX power: 22 dBm
	Transmit Power Envelope:
	Country: VN	Environment: Indoor/Outdoor
		Channels [42 - 54] @ -1 dBm
	VHT capabilities:
		VHT Capabilities (0x33c979b2):
			Max MPDU length: 11454
			Supported Channel Width: neither 160 nor 80+80
			RX LDPC
			short GI (80 MHz)
			TX STBC
			SU Beamformer
			SU Beamformee
			MU Beamformer
			+HTC-VHT
			RX antenna pattern consistency
			TX antenna pattern consistency
		VHT RX MCS set:
			1 streams: MCS 0-9
			2 streams: MCS 0-9
			3 streams: not supported
			4 streams: not supported
			5 streams: not supported
			6 streams: not supported
			7 streams: not supported
			8 streams: not supported
		VHT RX highest supported: 780 Mbps
		VHT TX MCS set:
			1 streams: MCS 0-9
			2 streams: MCS 0-9
			3 streams: not supported
			4 streams: not supported
			5 streams: not supported
			6 streams: not supported
			7 streams: not supported
			8 streams: not supported
		VHT TX highest supported: 780 Mbps
		VHT extended NSS: supported
	VHT operation:
		 * channel width: 1 (80 MHz)
		 * center freq segment 1: 155
		 * center freq segment 2: 0
		 * VHT basic MCS set: 0xfffc
	HE capabilities:
		HE MAC Capabilities (0x00051a081044):
			+HTC HE Supported
			TWT Responder
			BSR
			OM Control
			Maximum A-MPDU Length Exponent: 3
			BQR
			A-MSDU in A-MPDU
			OM Control UL MU Data Disable RX
		HE PHY Capabilities: (0x0420ce926f09af08110c00):
			HE40/HE80/5GHz
			LDPC Coding in Payload
			NDP with 4x HE-LTF and 3.2us GI
			STBC Tx <= 80MHz
			STBC Rx <= 80MHz
			Full Bandwidth UL MU-MIMO
			Partial Bandwidth UL MU-MIMO
			DCM Max Constellation: 2
			DCM Max Constellation Rx: 2
			SU Beamformer
			SU Beamformee
			MU Beamformer
			Beamformee STS <= 80Mhz: 3
			Beamformee STS > 80Mhz: 3
			Sounding Dimensions <= 80Mhz: 1
			Sounding Dimensions > 80Mhz: 1
			Codebook Size SU Feedback
			Codebook Size MU Feedback
			Triggered SU Beamforming Feedback
			Triggered MU Beamforming Feedback
			Partial Bandwidth Extended Range
			PPE Threshold Present
			Max NC: 1
			HE ER SU PPDU 4x HE-LTF 0.8us GI
			HE ER SU PPDU 1x HE-LTF 0.8us GI
			TX 1024-QAM
			RX 1024-QAM
		HE RX MCS and NSS set <= 80 MHz
			1 streams: MCS 0-11
			2 streams: MCS 0-11
			3 streams: not supported
			4 streams: not supported
			5 streams: not supported
			6 streams: not supported
			7 streams: not supported
			8 streams: not supported
		HE TX MCS and NSS set <= 80 MHz
			1 streams: MCS 0-11
			2 streams: MCS 0-11
			3 streams: not supported
			4 streams: not supported
			5 streams: not supported
			6 streams: not supported
			7 streams: not supported
			8 streams: not supported
		PPE Threshold 0x39 0x1c 0xc7 0x71 0x1c 0x07 
BSS 26:0b:2a:bd:53:0c(on wlxd0374542d42e)
	TSF: 67879526496 usec (0d, 18:51:19)
	freq: 5805.0
	beacon interval: 100 TUs
	capability: ESS Privacy ShortPreamble SpectrumMgmt APSD RadioMeasure (0x1931)
	signal: -59.00 dBm
	last seen: 341 ms ago
	Supported rates: 6.0* 9.0 12.0* 18.0 24.0* 36.0 48.0 54.0 
	DS Parameter set: channel 161
	TIM: DTIM Count 0 DTIM Period 1 Bitmap Control 0x0 Bitmap[0] 0x0
	Country: VN	Environment: Indoor/Outdoor
		Channels [36 - 64] @ 30 dBm
		Channels [100 - 120] @ 30 dBm
		Channels [149 - 161] @ 30 dBm
	Power constraint: 0 dB
	TPC report: TX power: 22 dBm
	Transmit Power Envelope:
	RM enabled capabilities:
		Capabilities: 0x02 0x00 0x01 0x00 0x00
			Neighbor Report
			AP Channel Report
		Nonoperating Channel Max Measurement Duration: 0
		Measurement Pilot Capability: 0
	AP Channel Report:
		 * operating class: 128
		 * channel(s): 42 58 106 122
	RSN:	 * Version: 1
		 * Group cipher: CCMP
		 * Pairwise ciphers: CCMP
		 * Authentication suites: PSK SAE
		 * Capabilities: 1-PTKSA-RC 1-GTKSA-RC MFP-capable (0x0080)
		 * 0 PMKIDs
		 * Group mgmt cipher suite: AES-128-CMAC
	BSS Load:
		 * station count: 0
		 * channel utilisation: 69/255
		 * available admission capacity: 31250 [*32us]
	HT capabilities:
		Capabilities: 0x9ef
			RX LDPC
			HT20/HT40
			SM Power Save disabled
			RX HT20 SGI
			RX HT40 SGI
			TX STBC
			RX STBC 1-stream
			Max AMSDU length: 7935 bytes
			No DSSS/CCK HT40
		Maximum RX AMPDU length 65535 bytes (exponent: 0x003)
		Minimum RX AMPDU time spacing: 4 usec (0x05)
		HT RX MCS rate indexes supported: 0-15
		HT TX MCS rate indexes are undefined
	HT operation:
		 * primary channel: 161
		 * secondary channel offset: below
		 * STA channel width: any
		 * RIFS: 0
		 * HT protection: no
		 * non-GF present: 0
		 * OBSS non-GF present: 0
		 * dual beacon: 0
		 * dual CTS protection: 0
		 * STBC beacon: 0
		 * L-SIG TXOP Prot: 0
		 * PCO active: 0
		 * PCO phase: 0
	VHT capabilities:
		VHT Capabilities (0x33c979b2):
			Max MPDU length: 11454
			Supported Channel Width: neither 160 nor 80+80
			RX LDPC
			short GI (80 MHz)
			TX STBC
			SU Beamformer
			SU Beamformee
			MU Beamformer
			+HTC-VHT
			RX antenna pattern consistency
			TX antenna pattern consistency
		VHT RX MCS set:
			1 streams: MCS 0-9
			2 streams: MCS 0-9
			3 streams: not supported
			4 streams: not supported
			5 streams: not supported
			6 streams: not supported
			7 streams: not supported
			8 streams: not supported
		VHT RX highest supported: 780 Mbps
		VHT TX MCS set:
			1 streams: MCS 0-9
			2 streams: MCS 0-9
			3 streams: not supported
			4 streams: not supported
			5 streams: not supported
			6 streams: not supported
			7 streams: not supported
			8 streams: not supported
		VHT TX highest supported: 780 Mbps
		VHT extended NSS: supported
	VHT operation:
		 * channel width: 1 (80 MHz)
		 * center freq segment 1: 155
		 * center freq segment 2: 0
		 * VHT basic MCS set: 0xfffc
	Extended capabilities:
		 * BSS Transition
		 * Interworking
		 * Operating Mode Notification
		 * TWT Responder Support
		 * Max Number Of MSDUs In A-MSDU is unlimited
	WMM:	 * Parameter version 1
		 * u-APSD
		 * BE: CW 15-1023, AIFSN 3
		 * BK: CW 15-1023, AIFSN 7
		 * VI: CW 7-15, AIFSN 2, TXOP 3008 usec
		 * VO: CW 3-7, AIFSN 2, TXOP 1504 usec
	HE capabilities:
		HE MAC Capabilities (0x00051a081044):
			+HTC HE Supported
			TWT Responder
			BSR
			OM Control
			Maximum A-MPDU Length Exponent: 3
			BQR
			A-MSDU in A-MPDU
			OM Control UL MU Data Disable RX
		HE PHY Capabilities: (0x0420ce926f09af08110c00):
			HE40/HE80/5GHz
			LDPC Coding in Payload
			NDP with 4x HE-LTF and 3.2us GI
			STBC Tx <= 80MHz
			STBC Rx <= 80MHz
			Full Bandwidth UL MU-MIMO
			Partial Bandwidth UL MU-MIMO
			DCM Max Constellation: 2
			DCM Max Constellation Rx: 2
			SU Beamformer
			SU Beamformee
			MU Beamformer
			Beamformee STS <= 80Mhz: 3
			Beamformee STS > 80Mhz: 3
			Sounding Dimensions <= 80Mhz: 1
			Sounding Dimensions > 80Mhz: 1
			Codebook Size SU Feedback
			Codebook Size MU Feedback
			Triggered SU Beamforming Feedback
			Triggered MU Beamforming Feedback
			Partial Bandwidth Extended Range
			PPE Threshold Present
			Max NC: 1
			HE ER SU PPDU 4x HE-LTF 0.8us GI
			HE ER SU PPDU 1x HE-LTF 0.8us GI
			TX 1024-QAM
			RX 1024-QAM
		HE RX MCS and NSS set <= 80 MHz
			1 streams: MCS 0-11
			2 streams: MCS 0-11
			3 streams: not supported
			4 streams: not supported
			5 streams: not supported
			6 streams: not supported
			7 streams: not supported
			8 streams: not supported
		HE TX MCS and NSS set <= 80 MHz
			1 streams: MCS 0-11
			2 streams: MCS 0-11
			3 streams: not supported
			4 streams: not supported
			5 streams: not supported
			6 streams: not supported
			7 streams: not supported
			8 streams: not supported
		PPE Threshold 0x39 0x1c 0xc7 0x71 0x1c 0x07 
BSS 26:0b:2a:91:ba:51(on wlxd0374542d42e)
	TSF: 236028828318 usec (2d, 17:33:48)
	freq: 2432.0
	beacon interval: 100 TUs
	capability: ESS Privacy ShortPreamble ShortSlotTime APSD RadioMeasure (0x1c31)
	signal: -36.00 dBm
	last seen: 10422 ms ago
	SSID: VHT KEANGNAM 2GHz
	Supported rates: 1.0* 2.0* 5.5* 11.0* 9.0 18.0 36.0 54.0 
	DS Parameter set: channel 5
	TIM: DTIM Count 0 DTIM Period 1 Bitmap Control 0x0 Bitmap[0] 0x0
	Country: VN	Environment: bogus
		Channels [1 - 13] @ 30 dBm
	Power constraint: 0 dB
	TPC report: TX power: 12 dBm
	Transmit Power Envelope:
	RM enabled capabilities:
		Capabilities: 0x02 0x00 0x01 0x00 0x00
			Neighbor Report
			AP Channel Report
		Nonoperating Channel Max Measurement Duration: 0
		Measurement Pilot Capability: 0
	AP Channel Report:
		 * operating class: 81
		 * channel(s): 1 2 3 4 5 6 7 8 9 10 11 12 13
	ERP: Barker_Preamble_Mode
	Extended supported rates: 6.0 12.0 24.0 48.0 
	RSN:	 * Version: 1
		 * Group cipher: CCMP
		 * Pairwise ciphers: CCMP
		 * Authentication suites: PSK
		 * Capabilities: 1-PTKSA-RC 1-GTKSA-RC (0x0000)
	BSS Load:
		 * station count: 0
		 * channel utilisation: 238/255
		 * available admission capacity: 31250 [*32us]
	HT capabilities:
		Capabilities: 0x9ad
			RX LDPC
			HT20
			SM Power Save disabled
			RX HT20 SGI
			TX STBC
			RX STBC 1-stream
			Max AMSDU length: 7935 bytes
			No DSSS/CCK HT40
		Maximum RX AMPDU length 65535 bytes (exponent: 0x003)
		Minimum RX AMPDU time spacing: 2 usec (0x04)
		HT RX MCS rate indexes supported: 0-15
		HT TX MCS rate indexes are undefined
	HT operation:
		 * primary channel: 5
		 * secondary channel offset: no secondary
		 * STA channel width: 20 MHz
		 * RIFS: 0
		 * HT protection: no
		 * non-GF present: 1
		 * OBSS non-GF present: 0
		 * dual beacon: 0
		 * dual CTS protection: 0
		 * STBC beacon: 0
		 * L-SIG TXOP Prot: 0
		 * PCO active: 0
		 * PCO phase: 0
	Extended capabilities:
		 * BSS Transition
		 * Interworking
		 * TWT Responder Support
		 * 85
	WMM:	 * Parameter version 1
		 * u-APSD
		 * BE: CW 15-1023, AIFSN 3
		 * BK: CW 15-1023, AIFSN 7
		 * VI: CW 7-15, AIFSN 2, TXOP 3008 usec
		 * VO: CW 3-7, AIFSN 2, TXOP 1504 usec
	HE capabilities:
		HE MAC Capabilities (0x00051a081044):
			+HTC HE Supported
			TWT Responder
			BSR
			OM Control
			Maximum A-MPDU Length Exponent: 3
			BQR
			A-MSDU in A-MPDU
			OM Control UL MU Data Disable RX
		HE PHY Capabilities: (0x0020ce926f09af08110c00):
			LDPC Coding in Payload
			NDP with 4x HE-LTF and 3.2us GI
			STBC Tx <= 80MHz
			STBC Rx <= 80MHz
			Full Bandwidth UL MU-MIMO
			Partial Bandwidth UL MU-MIMO
			DCM Max Constellation: 2
			DCM Max Constellation Rx: 2
			SU Beamformer
			SU Beamformee
			MU Beamformer
			Beamformee STS <= 80Mhz: 3
			Beamformee STS > 80Mhz: 3
			Sounding Dimensions <= 80Mhz: 1
			Sounding Dimensions > 80Mhz: 1
			Codebook Size SU Feedback
			Codebook Size MU Feedback
			Triggered SU Beamforming Feedback
			Triggered MU Beamforming Feedback
			Partial Bandwidth Extended Range
			PPE Threshold Present
			Max NC: 1
			HE ER SU PPDU 4x HE-LTF 0.8us GI
			HE ER SU PPDU 1x HE-LTF 0.8us GI
			TX 1024-QAM
			RX 1024-QAM
		PPE Threshold 0xfa 0xff 0xfa 0xff 0x09 0x1c 0x07 
BSS 24:0b:2a:f1:b9:20(on wlxd0374542d42e)
	TSF: 58251987246 usec (0d, 16:10:51)
	freq: 2447.0
	beacon interval: 100 TUs
	capability: ESS Privacy ShortPreamble ShortSlotTime APSD RadioMeasure (0x1c31)
	signal: -37.00 dBm
	last seen: 9838 ms ago
	SSID: VIETTEL_F1B91C
	Supported rates: 1.0* 2.0* 5.5* 11.0* 9.0 18.0 36.0 54.0 
	DS Parameter set: channel 8
	TIM: DTIM Count 0 DTIM Period 1 Bitmap Control 0x0 Bitmap[0] 0x0
	Country: VN	Environment: Indoor/Outdoor
		Channels [1 - 13] @ 30 dBm
	Power constraint: 0 dB
	TPC report: TX power: 22 dBm
	Transmit Power Envelope:
	RM enabled capabilities:
		Capabilities: 0x02 0x00 0x01 0x00 0x00
			Neighbor Report
			AP Channel Report
		Nonoperating Channel Max Measurement Duration: 0
		Measurement Pilot Capability: 0
	AP Channel Report:
		 * operating class: 81
		 * channel(s): 1 2 3 4 5 6 7 8 9 10 11 12 13
	ERP: <no flags>
	Extended supported rates: 6.0 12.0 24.0 48.0 
	RSN:	 * Version: 1
		 * Group cipher: CCMP
		 * Pairwise ciphers: CCMP
		 * Authentication suites: PSK
		 * Capabilities: 1-PTKSA-RC 1-GTKSA-RC (0x0000)
	BSS Load:
		 * station count: 1
		 * channel utilisation: 184/255
		 * available admission capacity: 31250 [*32us]
	802.11u Interworking:
		Network Options: 0x0
			Network Type: 0 (Private)
		Venue Group: 2 (Business)
		Venue Type: 8
		HESSID: 24:0b:2a:f1:b9:20
	802.11u Advertisement:
		Query Response Info: 0x7f
			Query Response Length Limit: 127
			ANQP
	HT capabilities:
		Capabilities: 0x9ad
			RX LDPC
			HT20
			SM Power Save disabled
			RX HT20 SGI
			TX STBC
			RX STBC 1-stream
			Max AMSDU length: 7935 bytes
			No DSSS/CCK HT40
		Maximum RX AMPDU length 65535 bytes (exponent: 0x003)
		Minimum RX AMPDU time spacing: 2 usec (0x04)
		HT RX MCS rate indexes supported: 0-15
		HT TX MCS rate indexes are undefined
	HT operation:
		 * primary channel: 8
		 * secondary channel offset: no secondary
		 * STA channel width: 20 MHz
		 * RIFS: 0
		 * HT protection: nonmember
		 * non-GF present: 1
		 * OBSS non-GF present: 0
		 * dual beacon: 0
		 * dual CTS protection: 0
		 * STBC beacon: 0
		 * L-SIG TXOP Prot: 0
		 * PCO active: 0
		 * PCO phase: 0
	Extended capabilities:
		 * BSS Transition
		 * Interworking
		 * WNM-Notification
		 * TWT Responder Support
	WMM:	 * Parameter version 1
		 * u-APSD
		 * BE: CW 15-1023, AIFSN 3
		 * BK: CW 15-1023, AIFSN 7
		 * VI: CW 7-15, AIFSN 2, TXOP 3008 usec
		 * VO: CW 3-7, AIFSN 2, TXOP 1504 usec
	HE capabilities:
		HE MAC Capabilities (0x00051a081044):
			+HTC HE Supported
			TWT Responder
			BSR
			OM Control
			Maximum A-MPDU Length Exponent: 3
			BQR
			A-MSDU in A-MPDU
			OM Control UL MU Data Disable RX
		HE PHY Capabilities: (0x0020ce926f09af08110c00):
			LDPC Coding in Payload
			NDP with 4x HE-LTF and 3.2us GI
			STBC Tx <= 80MHz
			STBC Rx <= 80MHz
			Full Bandwidth UL MU-MIMO
			Partial Bandwidth UL MU-MIMO
			DCM Max Constellation: 2
			DCM Max Constellation Rx: 2
			SU Beamformer
			SU Beamformee
			MU Beamformer
			Beamformee STS <= 80Mhz: 3
			Beamformee STS > 80Mhz: 3
			Sounding Dimensions <= 80Mhz: 1
			Sounding Dimensions > 80Mhz: 1
			Codebook Size SU Feedback
			Codebook Size MU Feedback
			Triggered SU Beamforming Feedback
			Triggered MU Beamforming Feedback
			Partial Bandwidth Extended Range
			PPE Threshold Present
			Max NC: 1
			HE ER SU PPDU 4x HE-LTF 0.8us GI
			HE ER SU PPDU 1x HE-LTF 0.8us GI
			TX 1024-QAM
			RX 1024-QAM
		PPE Threshold 0xfa 0xff 0xfa 0xff 0x09 0x1c 0x07 
BSS 4c:12:e8:f9:ae:07(on wlxd0374542d42e)
	TSF: 236042447607 usec (2d, 17:34:02)
	freq: 2462.0
	beacon interval: 100 TUs
	capability: ESS Privacy ShortPreamble ShortSlotTime APSD RadioMeasure (0x1c31)
	signal: -37.00 dBm
	last seen: 8343 ms ago
	SSID: VNPT-5G
	Supported rates: 1.0* 2.0* 5.5* 11.0* 9.0 18.0 36.0 54.0 
	DS Parameter set: channel 11
	TIM: DTIM Count 0 DTIM Period 1 Bitmap Control 0x0 Bitmap[0] 0x0
	Country: US	Environment: bogus
		Channels [1 - 11] @ 30 dBm
	Power constraint: 0 dB
	TPC report: TX power: 12 dBm
	Transmit Power Envelope:
	RM enabled capabilities:
		Capabilities: 0x02 0x00 0x01 0x00 0x00
			Neighbor Report
			AP Channel Report
		Nonoperating Channel Max Measurement Duration: 0
		Measurement Pilot Capability: 0
	AP Channel Report:
		 * operating class: 81
		 * channel(s): 1 2 3 4 5 6 7 8 9 10 11
	ERP: <no flags>
	Extended supported rates: 6.0 12.0 24.0 48.0 
	RSN:	 * Version: 1
		 * Group cipher: CCMP
		 * Pairwise ciphers: CCMP
		 * Authentication suites: PSK SAE
		 * Capabilities: 1-PTKSA-RC 1-GTKSA-RC MFP-capable (0x0080)
		 * 0 PMKIDs
		 * Group mgmt cipher suite: AES-128-CMAC
	BSS Load:
		 * station count: 0
		 * channel utilisation: 188/255
		 * available admission capacity: 31250 [*32us]
	HT capabilities:
		Capabilities: 0x9ad
			RX LDPC
			HT20
			SM Power Save disabled
			RX HT20 SGI
			TX STBC
			RX STBC 1-stream
			Max AMSDU length: 7935 bytes
			No DSSS/CCK HT40
		Maximum RX AMPDU length 65535 bytes (exponent: 0x003)
		Minimum RX AMPDU time spacing: 2 usec (0x04)
		HT RX MCS rate indexes supported: 0-15
		HT TX MCS rate indexes are undefined
	HT operation:
		 * primary channel: 11
		 * secondary channel offset: no secondary
		 * STA channel width: 20 MHz
		 * RIFS: 0
		 * HT protection: no
		 * non-GF present: 0
		 * OBSS non-GF present: 0
		 * dual beacon: 0
		 * dual CTS protection: 0
		 * STBC beacon: 0
		 * L-SIG TXOP Prot: 0
		 * PCO active: 0
		 * PCO phase: 0
	VHT capabilities:
		VHT Capabilities (0x33c97992):
			Max MPDU length: 11454
			Supported Channel Width: neither 160 nor 80+80
			RX LDPC
			TX STBC
			SU Beamformer
			SU Beamformee
			MU Beamformer
			+HTC-VHT
			RX antenna pattern consistency
			TX antenna pattern consistency
		VHT RX MCS set:
			1 streams: MCS 0-8
			2 streams: MCS 0-8
			3 streams: not supported
			4 streams: not supported
			5 streams: not supported
			6 streams: not supported
			7 streams: not supported
			8 streams: not supported
		VHT RX highest supported: 156 Mbps
		VHT TX MCS set:
			1 streams: MCS 0-8
			2 streams: MCS 0-8
			3 streams: not supported
			4 streams: not supported
			5 streams: not supported
			6 streams: not supported
			7 streams: not supported
			8 streams: not supported
		VHT TX highest supported: 156 Mbps
		VHT extended NSS: supported
	VHT operation:
		 * channel width: 0 (20 or 40 MHz)
		 * center freq segment 1: 11
		 * center freq segment 2: 0
		 * VHT basic MCS set: 0xfffc
	Extended capabilities:
		 * BSS Transition
		 * Interworking
		 * TWT Responder Support
		 * 85
		 * Max Number Of MSDUs In A-MSDU is unlimited
	WMM:	 * Parameter version 1
		 * u-APSD
		 * BE: CW 15-1023, AIFSN 3
		 * BK: CW 15-1023, AIFSN 7
		 * VI: CW 7-15, AIFSN 2, TXOP 3008 usec
		 * VO: CW 3-7, AIFSN 2, TXOP 1504 usec
	HE capabilities:
		HE MAC Capabilities (0x00051a081044):
			+HTC HE Supported
			TWT Responder
			BSR
			OM Control
			Maximum A-MPDU Length Exponent: 3
			BQR
			A-MSDU in A-MPDU
			OM Control UL MU Data Disable RX
		HE PHY Capabilities: (0x0060ce926f09af0c110c00):
			LDPC Coding in Payload
			HE SU PPDU with 1x HE-LTF and 0.8us GI
			NDP with 4x HE-LTF and 3.2us GI
			STBC Tx <= 80MHz
			STBC Rx <= 80MHz
			Full Bandwidth UL MU-MIMO
			Partial Bandwidth UL MU-MIMO
			DCM Max Constellation: 2
			DCM Max Constellation Rx: 2
			SU Beamformer
			SU Beamformee
			MU Beamformer
			Beamformee STS <= 80Mhz: 3
			Beamformee STS > 80Mhz: 3
			Sounding Dimensions <= 80Mhz: 1
			Sounding Dimensions > 80Mhz: 1
			Codebook Size SU Feedback
			Codebook Size MU Feedback
			Triggered SU Beamforming Feedback
			Triggered MU Beamforming Feedback
			Partial Bandwidth Extended Range
			PPE Threshold Present
			HE SU PPDU & HE PPDU 4x HE-LTF 0.8us GI
			Max NC: 1
			HE ER SU PPDU 4x HE-LTF 0.8us GI
			HE ER SU PPDU 1x HE-LTF 0.8us GI
			TX 1024-QAM
			RX 1024-QAM
		PPE Threshold 0xfa 0xff 0xfa 0xff 0x09 0x1c 0x07 
BSS 24:0b:2a:bf:e7:98(on wlxd0374542d42e)
	TSF: 235991352553 usec (2d, 17:33:11)
	freq: 2467.0
	beacon interval: 100 TUs
	capability: ESS Privacy ShortPreamble ShortSlotTime APSD RadioMeasure (0x1c31)
	signal: -58.00 dBm
	last seen: 7783 ms ago
	SSID: OCTOBOX_LAB_INET
	Supported rates: 1.0* 2.0* 5.5* 11.0* 9.0 18.0 36.0 54.0 
	DS Parameter set: channel 12
	TIM: DTIM Count 0 DTIM Period 1 Bitmap Control 0x0 Bitmap[0] 0x0
	Country: VN	Environment: Indoor/Outdoor
		Channels [1 - 13] @ 30 dBm
	Power constraint: 0 dB
	TPC report: TX power: 22 dBm
	Transmit Power Envelope:
	RM enabled capabilities:
		Capabilities: 0x02 0x00 0x01 0x00 0x00
			Neighbor Report
			AP Channel Report
		Nonoperating Channel Max Measurement Duration: 0
		Measurement Pilot Capability: 0
	AP Channel Report:
		 * operating class: 81
		 * channel(s): 1 2 3 4 5 6 7 8 9 10 11 12 13
	ERP: Barker_Preamble_Mode
	Extended supported rates: 6.0 12.0 24.0 48.0 
	RSN:	 * Version: 1
		 * Group cipher: CCMP
		 * Pairwise ciphers: CCMP
		 * Authentication suites: PSK
		 * Capabilities: 1-PTKSA-RC 1-GTKSA-RC (0x0000)
	BSS Load:
		 * station count: 0
		 * channel utilisation: 132/255
		 * available admission capacity: 31250 [*32us]
	802.11u Interworking:
		Network Options: 0x0
			Network Type: 0 (Private)
		Venue Group: 2 (Business)
		Venue Type: 8
		HESSID: 24:0b:2a:bf:e7:98
	802.11u Advertisement:
		Query Response Info: 0x7f
			Query Response Length Limit: 127
			ANQP
	HT capabilities:
		Capabilities: 0x9ad
			RX LDPC
			HT20
			SM Power Save disabled
			RX HT20 SGI
			TX STBC
			RX STBC 1-stream
			Max AMSDU length: 7935 bytes
			No DSSS/CCK HT40
		Maximum RX AMPDU length 65535 bytes (exponent: 0x003)
		Minimum RX AMPDU time spacing: 2 usec (0x04)
		HT RX MCS rate indexes supported: 0-15
		HT TX MCS rate indexes are undefined
	HT operation:
		 * primary channel: 12
		 * secondary channel offset: no secondary
		 * STA channel width: 20 MHz
		 * RIFS: 0
		 * HT protection: no
		 * non-GF present: 0
		 * OBSS non-GF present: 0
		 * dual beacon: 0
		 * dual CTS protection: 0
		 * STBC beacon: 0
		 * L-SIG TXOP Prot: 0
		 * PCO active: 0
		 * PCO phase: 0
	Extended capabilities:
		 * BSS Transition
		 * Interworking
		 * WNM-Notification
		 * TWT Responder Support
	WMM:	 * Parameter version 1
		 * u-APSD
		 * BE: CW 15-1023, AIFSN 3
		 * BK: CW 15-1023, AIFSN 7
		 * VI: CW 7-15, AIFSN 2, TXOP 3008 usec
		 * VO: CW 3-7, AIFSN 2, TXOP 1504 usec
	HE capabilities:
		HE MAC Capabilities (0x00051a081044):
			+HTC HE Supported
			TWT Responder
			BSR
			OM Control
			Maximum A-MPDU Length Exponent: 3
			BQR
			A-MSDU in A-MPDU
			OM Control UL MU Data Disable RX
		HE PHY Capabilities: (0x0020ce926f09af08110c00):
			LDPC Coding in Payload
			NDP with 4x HE-LTF and 3.2us GI
			STBC Tx <= 80MHz
			STBC Rx <= 80MHz
			Full Bandwidth UL MU-MIMO
			Partial Bandwidth UL MU-MIMO
			DCM Max Constellation: 2
			DCM Max Constellation Rx: 2
			SU Beamformer
			SU Beamformee
			MU Beamformer
			Beamformee STS <= 80Mhz: 3
			Beamformee STS > 80Mhz: 3
			Sounding Dimensions <= 80Mhz: 1
			Sounding Dimensions > 80Mhz: 1
			Codebook Size SU Feedback
			Codebook Size MU Feedback
			Triggered SU Beamforming Feedback
			Triggered MU Beamforming Feedback
			Partial Bandwidth Extended Range
			PPE Threshold Present
			Max NC: 1
			HE ER SU PPDU 4x HE-LTF 0.8us GI
			HE ER SU PPDU 1x HE-LTF 0.8us GI
			TX 1024-QAM
			RX 1024-QAM
		PPE Threshold 0xfa 0xff 0xfa 0xff 0x09 0x1c 0x07 
BSS 24:0b:88:45:18:29(on wlxd0374542d42e)
	TSF: 236007085430 usec (2d, 17:33:27)
	freq: 2472.0
	beacon interval: 100 TUs
	capability: ESS Privacy ShortSlotTime APSD RadioMeasure (0x1c11)
	signal: -47.00 dBm
	last seen: 16 ms ago
	Information elements from Probe Response frame:
	SSID: VIETTEL-0E22
	Supported rates: 1.0* 2.0* 5.5* 11.0* 9.0 18.0 36.0 54.0 
	DS Parameter set: channel 13
	ERP: Barker_Preamble_Mode
	Extended supported rates: 6.0 12.0 24.0 48.0 
	HT capabilities:
		Capabilities: 0x1ac
			HT20
			SM Power Save disabled
			RX HT20 SGI
			TX STBC
			RX STBC 1-stream
			Max AMSDU length: 3839 bytes
			No DSSS/CCK HT40
		Maximum RX AMPDU length 65535 bytes (exponent: 0x003)
		Minimum RX AMPDU time spacing: 4 usec (0x05)
		HT RX MCS rate indexes supported: 0-15
		HT TX MCS rate indexes are undefined
	HT operation:
		 * primary channel: 13
		 * secondary channel offset: no secondary
		 * STA channel width: 20 MHz
		 * RIFS: 0
		 * HT protection: no
		 * non-GF present: 0
		 * OBSS non-GF present: 0
		 * dual beacon: 0
		 * dual CTS protection: 0
		 * STBC beacon: 0
		 * L-SIG TXOP Prot: 0
		 * PCO active: 0
		 * PCO phase: 0
	WPA:	 * Version: 1
		 * Group cipher: TKIP
		 * Pairwise ciphers: TKIP CCMP
		 * Authentication suites: PSK
	RSN:	 * Version: 1
		 * Group cipher: TKIP
		 * Pairwise ciphers: TKIP CCMP
		 * Authentication suites: PSK
		 * Capabilities: 1-PTKSA-RC 1-GTKSA-RC (0x0000)
	Extended capabilities:
		 * BSS Transition
	WMM:	 * Parameter version 1
		 * u-APSD
		 * BE: CW 15-1023, AIFSN 3
		 * BK: CW 15-1023, AIFSN 7
		 * VI: CW 7-15, AIFSN 2, TXOP 3008 usec
		 * VO: CW 3-7, AIFSN 2, TXOP 1504 usec
	TPC report: TX power: 19 dBm
	RM enabled capabilities:
		Capabilities: 0xf3 0xc0 0x01 0x00 0x00
			Link Measurement
			Neighbor Report
			Beacon Passive Measurement
			Beacon Active Measurement
			Beacon Table Measurement
			Beacon Measurement Reporting Conditions
			Transmit Stream/Category Measurement
			Triggered Transmit Stream/Category
			AP Channel Report
		Nonoperating Channel Max Measurement Duration: 0
		Measurement Pilot Capability: 0
	Country: VN	Environment: Indoor/Outdoor
		Channels [1 - 13] @ 16 dBm
BSS 02:0c:43:76:60:f0(on wlxd0374542d42e)
	TSF: 141425868863 usec (1d, 15:17:05)
	freq: 5220.0
	beacon interval: 100 TUs
	capability: ESS Privacy ShortPreamble SpectrumMgmt RadioMeasure (0x1131)
	signal: -36.00 dBm
	last seen: 6866 ms ago
	Supported rates: 6.0* 9.0 12.0* 18.0 24.0* 36.0 48.0 54.0 
	DS Parameter set: channel 44
	TIM: DTIM Count 0 DTIM Period 1 Bitmap Control 0x0 Bitmap[0] 0x0
	Country: VN	Environment: bogus
		Channels [36 - 64] @ 30 dBm
		Channels [100 - 120] @ 30 dBm
		Channels [149 - 161] @ 30 dBm
	Power constraint: 0 dB
	TPC report: TX power: 19 dBm
	Transmit Power Envelope:
	RM enabled capabilities:
		Capabilities: 0x02 0x00 0x01 0x00 0x00
			Neighbor Report
			AP Channel Report
		Nonoperating Channel Max Measurement Duration: 0
		Measurement Pilot Capability: 0
	AP Channel Report:
		 * operating class: 128
		 * channel(s): 42 58 106 122
	RSN:	 * Version: 1
		 * Group cipher: CCMP
		 * Pairwise ciphers: CCMP
		 * Authentication suites: PSK SAE
		 * Capabilities: 1-PTKSA-RC 1-GTKSA-RC MFP-capable (0x0080)
		 * 0 PMKIDs
		 * Group mgmt cipher suite: AES-128-CMAC
	HT capabilities:
		Capabilities: 0x9ef
			RX LDPC
			HT20/HT40
			SM Power Save disabled
			RX HT20 SGI
			RX HT40 SGI
			TX STBC
			RX STBC 1-stream
			Max AMSDU length: 7935 bytes
			No DSSS/CCK HT40
		Maximum RX AMPDU length 65535 bytes (exponent: 0x003)
		Minimum RX AMPDU time spacing: 2 usec (0x04)
		HT RX MCS rate indexes supported: 0-15
		HT TX MCS rate indexes are undefined
	HT operation:
		 * primary channel: 44
		 * secondary channel offset: above
		 * STA channel width: any
		 * RIFS: 0
		 * HT protection: no
		 * non-GF present: 0
		 * OBSS non-GF present: 0
		 * dual beacon: 0
		 * dual CTS protection: 0
		 * STBC beacon: 0
		 * L-SIG TXOP Prot: 0
		 * PCO active: 0
		 * PCO phase: 0
	VHT capabilities:
		VHT Capabilities (0x33ca79b2):
			Max MPDU length: 11454
			Supported Channel Width: neither 160 nor 80+80
			RX LDPC
			short GI (80 MHz)
			TX STBC
			SU Beamformer
			SU Beamformee
			MU Beamformer
			+HTC-VHT
			RX antenna pattern consistency
			TX antenna pattern consistency
		VHT RX MCS set:
			1 streams: MCS 0-9
			2 streams: MCS 0-9
			3 streams: not supported
			4 streams: not supported
			5 streams: not supported
			6 streams: not supported
			7 streams: not supported
			8 streams: not supported
		VHT RX highest supported: 780 Mbps
		VHT TX MCS set:
			1 streams: MCS 0-9
			2 streams: MCS 0-9
			3 streams: not supported
			4 streams: not supported
			5 streams: not supported
			6 streams: not supported
			7 streams: not supported
			8 streams: not supported
		VHT TX highest supported: 780 Mbps
		VHT extended NSS: supported
	VHT operation:
		 * channel width: 1 (80 MHz)
		 * center freq segment 1: 42
		 * center freq segment 2: 0
		 * VHT basic MCS set: 0xfffc
	Extended capabilities:
		 * BSS Transition
		 * Interworking
		 * Operating Mode Notification
		 * TWT Responder Support
		 * 85
		 * Max Number Of MSDUs In A-MSDU is unlimited
	WMM:	 * Parameter version 1
		 * BE: CW 15-1023, AIFSN 3
		 * BK: CW 15-1023, AIFSN 7
		 * VI: CW 7-15, AIFSN 2, TXOP 3008 usec
		 * VO: CW 3-7, AIFSN 2, TXOP 1504 usec
	HE capabilities:
		HE MAC Capabilities (0x00051a081044):
			+HTC HE Supported
			TWT Responder
			BSR
			OM Control
			Maximum A-MPDU Length Exponent: 3
			BQR
			A-MSDU in A-MPDU
			OM Control UL MU Data Disable RX
		HE PHY Capabilities: (0x0420ce926f12af10110c00):
			HE40/HE80/5GHz
			LDPC Coding in Payload
			NDP with 4x HE-LTF and 3.2us GI
			STBC Tx <= 80MHz
			STBC Rx <= 80MHz
			Full Bandwidth UL MU-MIMO
			Partial Bandwidth UL MU-MIMO
			DCM Max Constellation: 2
			DCM Max Constellation Rx: 2
			SU Beamformer
			SU Beamformee
			MU Beamformer
			Beamformee STS <= 80Mhz: 3
			Beamformee STS > 80Mhz: 3
			Sounding Dimensions <= 80Mhz: 2
			Sounding Dimensions > 80Mhz: 2
			Codebook Size SU Feedback
			Codebook Size MU Feedback
			Triggered SU Beamforming Feedback
			Triggered MU Beamforming Feedback
			Partial Bandwidth Extended Range
			PPE Threshold Present
			Max NC: 2
			HE ER SU PPDU 4x HE-LTF 0.8us GI
			HE ER SU PPDU 1x HE-LTF 0.8us GI
			TX 1024-QAM
			RX 1024-QAM
		HE RX MCS and NSS set <= 80 MHz
			1 streams: MCS 0-11
			2 streams: MCS 0-11
			3 streams: not supported
			4 streams: not supported
			5 streams: not supported
			6 streams: not supported
			7 streams: not supported
			8 streams: not supported
		HE TX MCS and NSS set <= 80 MHz
			1 streams: MCS 0-11
			2 streams: MCS 0-11
			3 streams: not supported
			4 streams: not supported
			5 streams: not supported
			6 streams: not supported
			7 streams: not supported
			8 streams: not supported
		PPE Threshold 0x39 0x1c 0xc7 0x71 0x1c 0x07 
BSS 24:0b:2a:bf:e8:2c(on wlxd0374542d42e)
	TSF: 165166598271 usec (1d, 21:52:46)
	freq: 2412.0
	beacon interval: 100 TUs
	capability: ESS Privacy ShortPreamble ShortSlotTime APSD RadioMeasure (0x1c31)
	signal: -44.00 dBm
	last seen: 11331 ms ago
	SSID: VHT-MESH
	Supported rates: 1.0* 2.0* 5.5* 11.0* 9.0 18.0 36.0 54.0 
	DS Parameter set: channel 1
	TIM: DTIM Count 0 DTIM Period 1 Bitmap Control 0x0 Bitmap[0] 0x0
	Country: VN	Environment: Indoor/Outdoor
		Channels [1 - 13] @ 30 dBm
	Power constraint: 0 dB
	TPC report: TX power: 22 dBm
	Transmit Power Envelope:
	RM enabled capabilities:
		Capabilities: 0x02 0x00 0x01 0x00 0x00
			Neighbor Report
			AP Channel Report
		Nonoperating Channel Max Measurement Duration: 0
		Measurement Pilot Capability: 0
	AP Channel Report:
		 * operating class: 81
		 * channel(s): 1 2 3 4 5 6 7 8 9 10 11 12 13
	ERP: Barker_Preamble_Mode
	Extended supported rates: 6.0 12.0 24.0 48.0 
	RSN:	 * Version: 1
		 * Group cipher: CCMP
		 * Pairwise ciphers: CCMP
		 * Authentication suites: PSK
		 * Capabilities: 1-PTKSA-RC 1-GTKSA-RC (0x0000)
	BSS Load:
		 * station count: 0
		 * channel utilisation: 228/255
		 * available admission capacity: 31250 [*32us]
	802.11u Interworking:
		Network Options: 0x0
			Network Type: 0 (Private)
		Venue Group: 2 (Business)
		Venue Type: 8
		HESSID: 24:0b:2a:bf:e8:2c
	802.11u Advertisement:
		Query Response Info: 0x7f
			Query Response Length Limit: 127
			ANQP
	HT capabilities:
		Capabilities: 0x9ad
			RX LDPC
			HT20
			SM Power Save disabled
			RX HT20 SGI
			TX STBC
			RX STBC 1-stream
			Max AMSDU length: 7935 bytes
			No DSSS/CCK HT40
		Maximum RX AMPDU length 65535 bytes (exponent: 0x003)
		Minimum RX AMPDU time spacing: 2 usec (0x04)
		HT RX MCS rate indexes supported: 0-15
		HT TX MCS rate indexes are undefined
	HT operation:
		 * primary channel: 1
		 * secondary channel offset: no secondary
		 * STA channel width: 20 MHz
		 * RIFS: 0
		 * HT protection: no
		 * non-GF present: 0
		 * OBSS non-GF present: 0
		 * dual beacon: 0
		 * dual CTS protection: 0
		 * STBC beacon: 0
		 * L-SIG TXOP Prot: 0
		 * PCO active: 0
		 * PCO phase: 0
	Extended capabilities:
		 * BSS Transition
		 * Interworking
		 * WNM-Notification
		 * TWT Responder Support
	WMM:	 * Parameter version 1
		 * u-APSD
		 * BE: CW 15-1023, AIFSN 3
		 * BK: CW 15-1023, AIFSN 7
		 * VI: CW 7-15, AIFSN 2, TXOP 3008 usec
		 * VO: CW 3-7, AIFSN 2, TXOP 1504 usec
	HE capabilities:
		HE MAC Capabilities (0x00051a081044):
			+HTC HE Supported
			TWT Responder
			BSR
			OM Control
			Maximum A-MPDU Length Exponent: 3
			BQR
			A-MSDU in A-MPDU
			OM Control UL MU Data Disable RX
		HE PHY Capabilities: (0x0020ce926f09af08110c00):
			LDPC Coding in Payload
			NDP with 4x HE-LTF and 3.2us GI
			STBC Tx <= 80MHz
			STBC Rx <= 80MHz
			Full Bandwidth UL MU-MIMO
			Partial Bandwidth UL MU-MIMO
			DCM Max Constellation: 2
			DCM Max Constellation Rx: 2
			SU Beamformer
			SU Beamformee
			MU Beamformer
			Beamformee STS <= 80Mhz: 3
			Beamformee STS > 80Mhz: 3
			Sounding Dimensions <= 80Mhz: 1
			Sounding Dimensions > 80Mhz: 1
			Codebook Size SU Feedback
			Codebook Size MU Feedback
			Triggered SU Beamforming Feedback
			Triggered MU Beamforming Feedback
			Partial Bandwidth Extended Range
			PPE Threshold Present
			Max NC: 1
			HE ER SU PPDU 4x HE-LTF 0.8us GI
			HE ER SU PPDU 1x HE-LTF 0.8us GI
			TX 1024-QAM
			RX 1024-QAM
		PPE Threshold 0xfa 0xff 0xfa 0xff 0x09 0x1c 0x07 
BSS 24:0b:2a:5e:28:79(on wlxd0374542d42e)
	TSF: 236068864414 usec (2d, 17:34:28)
	freq: 2412.0
	beacon interval: 100 TUs
	capability: ESS Privacy SpectrumMgmt ShortSlotTime RadioMeasure (0x1511)
	signal: -49.00 dBm
	last seen: 11323 ms ago
	SSID: DVSBH
	Supported rates: 1.0* 2.0* 5.5* 11.0* 9.0 18.0 36.0 54.0 
	DS Parameter set: channel 1
	TIM: DTIM Count 0 DTIM Period 1 Bitmap Control 0x0 Bitmap[0] 0x0
	Country: VN	Environment: Indoor/Outdoor
		Channels [1 - 13] @ 23 dBm
	Power constraint: 0 dB
	TPC report: TX power: 20 dBm
	RM enabled capabilities:
		Capabilities: 0x72 0x00 0x01 0x00 0x00
			Neighbor Report
			Beacon Passive Measurement
			Beacon Active Measurement
			Beacon Table Measurement
			AP Channel Report
		Nonoperating Channel Max Measurement Duration: 0
		Measurement Pilot Capability: 0
	AP Channel Report:
		 * operating class: 81
		 * channel(s): 1 2 3 4 5 6 7 8 9 10 11 12 13
	ERP: Barker_Preamble_Mode
	Extended supported rates: 6.0 12.0 24.0 48.0 
	RSN:	 * Version: 1
		 * Group cipher: CCMP
		 * Pairwise ciphers: CCMP
		 * Authentication suites: PSK
		 * Capabilities: 1-PTKSA-RC 1-GTKSA-RC (0x0000)
	BSS Load:
		 * station count: 4
		 * channel utilisation: 92/255
		 * available admission capacity: 31250 [*32us]
	802.11u Interworking:
		Network Options: 0x0
			Network Type: 0 (Private)
		Venue Group: 2 (Business)
		Venue Type: 8
		HESSID: 24:0b:2a:5e:28:79
	802.11u Advertisement:
		Query Response Info: 0x7f
			Query Response Length Limit: 127
			ANQP
	HT capabilities:
		Capabilities: 0x9ad
			RX LDPC
			HT20
			SM Power Save disabled
			RX HT20 SGI
			TX STBC
			RX STBC 1-stream
			Max AMSDU length: 7935 bytes
			No DSSS/CCK HT40
		Maximum RX AMPDU length 65535 bytes (exponent: 0x003)
		Minimum RX AMPDU time spacing: 4 usec (0x05)
		HT RX MCS rate indexes supported: 0-15
		HT TX MCS rate indexes are undefined
	HT operation:
		 * primary channel: 1
		 * secondary channel offset: no secondary
		 * STA channel width: 20 MHz
		 * RIFS: 0
		 * HT protection: no
		 * non-GF present: 1
		 * OBSS non-GF present: 0
		 * dual beacon: 0
		 * dual CTS protection: 0
		 * STBC beacon: 0
		 * L-SIG TXOP Prot: 0
		 * PCO active: 0
		 * PCO phase: 0
	Extended capabilities:
		 * BSS Transition
		 * Interworking
		 * QoS Map
		 * WNM-Notification
	WMM:	 * Parameter version 1
		 * BE: CW 15-1023, AIFSN 3
		 * BK: CW 15-1023, AIFSN 7
		 * VI: CW 7-15, AIFSN 2, TXOP 3008 usec
		 * VO: CW 3-7, AIFSN 2, TXOP 1504 usec
BSS 24:0b:2a:bf:e9:5d(on wlxd0374542d42e)
	TSF: 165588275774 usec (1d, 21:59:48)
	freq: 2412.0
	beacon interval: 100 TUs
	capability: ESS Privacy ShortPreamble ShortSlotTime APSD RadioMeasure (0x1c31)
	signal: -37.00 dBm
	last seen: 11012 ms ago
	SSID: VHT-MESH
	Supported rates: 1.0* 2.0* 5.5* 11.0* 9.0 18.0 36.0 54.0 
	DS Parameter set: channel 1
	TIM: DTIM Count 0 DTIM Period 1 Bitmap Control 0x0 Bitmap[0] 0x0
	Country: VN	Environment: bogus
		Channels [1 - 13] @ 30 dBm
	Power constraint: 0 dB
	TPC report: TX power: 11 dBm
	Transmit Power Envelope:
	RM enabled capabilities:
		Capabilities: 0x02 0x00 0x01 0x00 0x00
			Neighbor Report
			AP Channel Report
		Nonoperating Channel Max Measurement Duration: 0
		Measurement Pilot Capability: 0
	AP Channel Report:
		 * operating class: 81
		 * channel(s): 1 2 3 4 5 6 7 8 9 10 11 12 13
	ERP: Barker_Preamble_Mode
	Extended supported rates: 6.0 12.0 24.0 48.0 
	RSN:	 * Version: 1
		 * Group cipher: CCMP
		 * Pairwise ciphers: CCMP
		 * Authentication suites: PSK
		 * Capabilities: 1-PTKSA-RC 1-GTKSA-RC (0x0000)
	BSS Load:
		 * station count: 0
		 * channel utilisation: 228/255
		 * available admission capacity: 31250 [*32us]
	802.11u Interworking:
		Network Options: 0x0
			Network Type: 0 (Private)
		Venue Group: 2 (Business)
		Venue Type: 8
		HESSID: 00:00:00:00:00:00
	802.11u Advertisement:
		Query Response Info: 0x7f
			Query Response Length Limit: 127
			ANQP
	HT capabilities:
		Capabilities: 0x9ad
			RX LDPC
			HT20
			SM Power Save disabled
			RX HT20 SGI
			TX STBC
			RX STBC 1-stream
			Max AMSDU length: 7935 bytes
			No DSSS/CCK HT40
		Maximum RX AMPDU length 65535 bytes (exponent: 0x003)
		Minimum RX AMPDU time spacing: 2 usec (0x04)
		HT RX MCS rate indexes supported: 0-15
		HT TX MCS rate indexes are undefined
	HT operation:
		 * primary channel: 1
		 * secondary channel offset: no secondary
		 * STA channel width: 20 MHz
		 * RIFS: 0
		 * HT protection: no
		 * non-GF present: 0
		 * OBSS non-GF present: 0
		 * dual beacon: 0
		 * dual CTS protection: 0
		 * STBC beacon: 0
		 * L-SIG TXOP Prot: 0
		 * PCO active: 0
		 * PCO phase: 0
	Extended capabilities:
		 * BSS Transition
		 * Interworking
		 * TWT Responder Support
		 * 85
	WMM:	 * Parameter version 1
		 * u-APSD
		 * BE: CW 15-1023, AIFSN 3
		 * BK: CW 15-1023, AIFSN 7
		 * VI: CW 7-15, AIFSN 2, TXOP 3008 usec
		 * VO: CW 3-7, AIFSN 2, TXOP 1504 usec
	HE capabilities:
		HE MAC Capabilities (0x00051a081044):
			+HTC HE Supported
			TWT Responder
			BSR
			OM Control
			Maximum A-MPDU Length Exponent: 3
			BQR
			A-MSDU in A-MPDU
			OM Control UL MU Data Disable RX
		HE PHY Capabilities: (0x0020ce926f09af08110c00):
			LDPC Coding in Payload
			NDP with 4x HE-LTF and 3.2us GI
			STBC Tx <= 80MHz
			STBC Rx <= 80MHz
			Full Bandwidth UL MU-MIMO
			Partial Bandwidth UL MU-MIMO
			DCM Max Constellation: 2
			DCM Max Constellation Rx: 2
			SU Beamformer
			SU Beamformee
			MU Beamformer
			Beamformee STS <= 80Mhz: 3
			Beamformee STS > 80Mhz: 3
			Sounding Dimensions <= 80Mhz: 1
			Sounding Dimensions > 80Mhz: 1
			Codebook Size SU Feedback
			Codebook Size MU Feedback
			Triggered SU Beamforming Feedback
			Triggered MU Beamforming Feedback
			Partial Bandwidth Extended Range
			PPE Threshold Present
			Max NC: 1
			HE ER SU PPDU 4x HE-LTF 0.8us GI
			HE ER SU PPDU 1x HE-LTF 0.8us GI
			TX 1024-QAM
			RX 1024-QAM
		PPE Threshold 0xfa 0xff 0xfa 0xff 0x09 0x1c 0x07 
BSS 24:0b:2a:bf:e9:7f(on wlxd0374542d42e)
	TSF: 59984694032 usec (0d, 16:39:44)
	freq: 2412.0
	beacon interval: 100 TUs
	capability: ESS Privacy ShortPreamble ShortSlotTime APSD RadioMeasure (0x1c31)
	signal: -31.00 dBm
	last seen: 11008 ms ago
	SSID: VIETTEL_AP_BFE97E
	Supported rates: 1.0* 2.0* 5.5* 11.0* 9.0 18.0 36.0 54.0 
	DS Parameter set: channel 1
	TIM: DTIM Count 0 DTIM Period 1 Bitmap Control 0x0 Bitmap[0] 0x0
	Country: VN	Environment: bogus
		Channels [1 - 13] @ 30 dBm
	Power constraint: 0 dB
	TPC report: TX power: 11 dBm
	Transmit Power Envelope:
	RM enabled capabilities:
		Capabilities: 0x02 0x00 0x01 0x00 0x00
			Neighbor Report
			AP Channel Report
		Nonoperating Channel Max Measurement Duration: 0
		Measurement Pilot Capability: 0
	AP Channel Report:
		 * operating class: 81
		 * channel(s): 1 2 3 4 5 6 7 8 9 10 11 12 13
	ERP: <no flags>
	Extended supported rates: 6.0 12.0 24.0 48.0 
	RSN:	 * Version: 1
		 * Group cipher: CCMP
		 * Pairwise ciphers: CCMP
		 * Authentication suites: PSK
		 * Capabilities: 1-PTKSA-RC 1-GTKSA-RC (0x0000)
	BSS Load:
		 * station count: 0
		 * channel utilisation: 220/255
		 * available admission capacity: 31250 [*32us]
	802.11u Interworking:
		Network Options: 0x0
			Network Type: 0 (Private)
		Venue Group: 2 (Business)
		Venue Type: 8
		HESSID: 00:00:00:00:00:00
	802.11u Advertisement:
		Query Response Info: 0x7f
			Query Response Length Limit: 127
			ANQP
	HT capabilities:
		Capabilities: 0x9ad
			RX LDPC
			HT20
			SM Power Save disabled
			RX HT20 SGI
			TX STBC
			RX STBC 1-stream
			Max AMSDU length: 7935 bytes
			No DSSS/CCK HT40
		Maximum RX AMPDU length 65535 bytes (exponent: 0x003)
		Minimum RX AMPDU time spacing: 2 usec (0x04)
		HT RX MCS rate indexes supported: 0-15
		HT TX MCS rate indexes are undefined
	HT operation:
		 * primary channel: 1
		 * secondary channel offset: no secondary
		 * STA channel width: 20 MHz
		 * RIFS: 0
		 * HT protection: no
		 * non-GF present: 0
		 * OBSS non-GF present: 0
		 * dual beacon: 0
		 * dual CTS protection: 0
		 * STBC beacon: 0
		 * L-SIG TXOP Prot: 0
		 * PCO active: 0
		 * PCO phase: 0
	Extended capabilities:
		 * BSS Transition
		 * Interworking
		 * TWT Responder Support
		 * 85
	WMM:	 * Parameter version 1
		 * u-APSD
		 * BE: CW 15-1023, AIFSN 3
		 * BK: CW 15-1023, AIFSN 7
		 * VI: CW 7-15, AIFSN 2, TXOP 3008 usec
		 * VO: CW 3-7, AIFSN 2, TXOP 1504 usec
	HE capabilities:
		HE MAC Capabilities (0x00051a081044):
			+HTC HE Supported
			TWT Responder
			BSR
			OM Control
			Maximum A-MPDU Length Exponent: 3
			BQR
			A-MSDU in A-MPDU
			OM Control UL MU Data Disable RX
		HE PHY Capabilities: (0x0020ce926f09af08110c00):
			LDPC Coding in Payload
			NDP with 4x HE-LTF and 3.2us GI
			STBC Tx <= 80MHz
			STBC Rx <= 80MHz
			Full Bandwidth UL MU-MIMO
			Partial Bandwidth UL MU-MIMO
			DCM Max Constellation: 2
			DCM Max Constellation Rx: 2
			SU Beamformer
			SU Beamformee
			MU Beamformer
			Beamformee STS <= 80Mhz: 3
			Beamformee STS > 80Mhz: 3
			Sounding Dimensions <= 80Mhz: 1
			Sounding Dimensions > 80Mhz: 1
			Codebook Size SU Feedback
			Codebook Size MU Feedback
			Triggered SU Beamforming Feedback
			Triggered MU Beamforming Feedback
			Partial Bandwidth Extended Range
			PPE Threshold Present
			Max NC: 1
			HE ER SU PPDU 4x HE-LTF 0.8us GI
			HE ER SU PPDU 1x HE-LTF 0.8us GI
			TX 1024-QAM
			RX 1024-QAM
		PPE Threshold 0xfa 0xff 0xfa 0xff 0x09 0x1c 0x07 
BSS 24:0b:2a:bf:e9:a3(on wlxd0374542d42e)
	TSF: 236025047123 usec (2d, 17:33:45)
	freq: 2412.0
	beacon interval: 100 TUs
	capability: ESS Privacy ShortPreamble ShortSlotTime APSD RadioMeasure (0x1c31)
	signal: -41.00 dBm
	last seen: 11312 ms ago
	SSID: VHT-MESH
	Supported rates: 1.0* 2.0* 5.5* 11.0* 9.0 18.0 36.0 54.0 
	DS Parameter set: channel 1
	TIM: DTIM Count 0 DTIM Period 1 Bitmap Control 0x0 Bitmap[0] 0x0
	Country: VN	Environment: bogus
		Channels [1 - 13] @ 30 dBm
	Power constraint: 0 dB
	TPC report: TX power: 11 dBm
	Transmit Power Envelope:
	RM enabled capabilities:
		Capabilities: 0x02 0x00 0x01 0x00 0x00
			Neighbor Report
			AP Channel Report
		Nonoperating Channel Max Measurement Duration: 0
		Measurement Pilot Capability: 0
	AP Channel Report:
		 * operating class: 81
		 * channel(s): 1 2 3 4 5 6 7 8 9 10 11 12 13
	ERP: Barker_Preamble_Mode
	Extended supported rates: 6.0 12.0 24.0 48.0 
	RSN:	 * Version: 1
		 * Group cipher: CCMP
		 * Pairwise ciphers: CCMP
		 * Authentication suites: PSK
		 * Capabilities: 1-PTKSA-RC 1-GTKSA-RC (0x0000)
	BSS Load:
		 * station count: 0
		 * channel utilisation: 238/255
		 * available admission capacity: 31250 [*32us]
	802.11u Interworking:
		Network Options: 0x0
			Network Type: 0 (Private)
		Venue Group: 2 (Business)
		Venue Type: 8
		HESSID: 00:00:00:00:00:00
	802.11u Advertisement:
		Query Response Info: 0x7f
			Query Response Length Limit: 127
			ANQP
	HT capabilities:
		Capabilities: 0x9ad
			RX LDPC
			HT20
			SM Power Save disabled
			RX HT20 SGI
			TX STBC
			RX STBC 1-stream
			Max AMSDU length: 7935 bytes
			No DSSS/CCK HT40
		Maximum RX AMPDU length 65535 bytes (exponent: 0x003)
		Minimum RX AMPDU time spacing: 2 usec (0x04)
		HT RX MCS rate indexes supported: 0-15
		HT TX MCS rate indexes are undefined
	HT operation:
		 * primary channel: 1
		 * secondary channel offset: no secondary
		 * STA channel width: 20 MHz
		 * RIFS: 0
		 * HT protection: no
		 * non-GF present: 0
		 * OBSS non-GF present: 0
		 * dual beacon: 0
		 * dual CTS protection: 0
		 * STBC beacon: 0
		 * L-SIG TXOP Prot: 0
		 * PCO active: 0
		 * PCO phase: 0
	Extended capabilities:
		 * BSS Transition
		 * Interworking
		 * TWT Responder Support
		 * 85
	WMM:	 * Parameter version 1
		 * u-APSD
		 * BE: CW 15-1023, AIFSN 3
		 * BK: CW 15-1023, AIFSN 7
		 * VI: CW 7-15, AIFSN 2, TXOP 3008 usec
		 * VO: CW 3-7, AIFSN 2, TXOP 1504 usec
	HE capabilities:
		HE MAC Capabilities (0x00051a081044):
			+HTC HE Supported
			TWT Responder
			BSR
			OM Control
			Maximum A-MPDU Length Exponent: 3
			BQR
			A-MSDU in A-MPDU
			OM Control UL MU Data Disable RX
		HE PHY Capabilities: (0x0020ce926f09af08110c00):
			LDPC Coding in Payload
			NDP with 4x HE-LTF and 3.2us GI
			STBC Tx <= 80MHz
			STBC Rx <= 80MHz
			Full Bandwidth UL MU-MIMO
			Partial Bandwidth UL MU-MIMO
			DCM Max Constellation: 2
			DCM Max Constellation Rx: 2
			SU Beamformer
			SU Beamformee
			MU Beamformer
			Beamformee STS <= 80Mhz: 3
			Beamformee STS > 80Mhz: 3
			Sounding Dimensions <= 80Mhz: 1
			Sounding Dimensions > 80Mhz: 1
			Codebook Size SU Feedback
			Codebook Size MU Feedback
			Triggered SU Beamforming Feedback
			Triggered MU Beamforming Feedback
			Partial Bandwidth Extended Range
			PPE Threshold Present
			Max NC: 1
			HE ER SU PPDU 4x HE-LTF 0.8us GI
			HE ER SU PPDU 1x HE-LTF 0.8us GI
			TX 1024-QAM
			RX 1024-QAM
		PPE Threshold 0xfa 0xff 0xfa 0xff 0x09 0x1c 0x07 
BSS 26:0b:2a:1f:e8:5c(on wlxd0374542d42e)
	TSF: 235992679150 usec (2d, 17:33:12)
	freq: 2412.0
	beacon interval: 100 TUs
	capability: ESS Privacy ShortPreamble ShortSlotTime APSD RadioMeasure (0x1c31)
	signal: -31.00 dBm
	last seen: 11064 ms ago
	SSID: ONTw6 test
	Supported rates: 1.0* 2.0* 5.5* 11.0* 9.0 18.0 36.0 54.0 
	DS Parameter set: channel 1
	TIM: DTIM Count 0 DTIM Period 1 Bitmap Control 0x0 Bitmap[0] 0x0
	Country: VN	Environment: Indoor/Outdoor
		Channels [1 - 13] @ 30 dBm
	Power constraint: 0 dB
	TPC report: TX power: 22 dBm
	Transmit Power Envelope:
	RM enabled capabilities:
		Capabilities: 0x02 0x00 0x01 0x00 0x00
			Neighbor Report
			AP Channel Report
		Nonoperating Channel Max Measurement Duration: 0
		Measurement Pilot Capability: 0
	AP Channel Report:
		 * operating class: 81
		 * channel(s): 1 2 3 4 5 6 7 8 9 10 11 12 13
	ERP: <no flags>
	Extended supported rates: 6.0 12.0 24.0 48.0 
	RSN:	 * Version: 1
		 * Group cipher: CCMP
		 * Pairwise ciphers: CCMP
		 * Authentication suites: PSK SAE
		 * Capabilities: 1-PTKSA-RC 1-GTKSA-RC MFP-capable (0x0080)
		 * 0 PMKIDs
		 * Group mgmt cipher suite: AES-128-CMAC
	BSS Load:
		 * station count: 0
		 * channel utilisation: 220/255
		 * available admission capacity: 31250 [*32us]
	HT capabilities:
		Capabilities: 0x9ad
			RX LDPC
			HT20
			SM Power Save disabled
			RX HT20 SGI
			TX STBC
			RX STBC 1-stream
			Max AMSDU length: 7935 bytes
			No DSSS/CCK HT40
		Maximum RX AMPDU length 65535 bytes (exponent: 0x003)
		Minimum RX AMPDU time spacing: 2 usec (0x04)
		HT RX MCS rate indexes supported: 0-15
		HT TX MCS rate indexes are undefined
	HT operation:
		 * primary channel: 1
		 * secondary channel offset: no secondary
		 * STA channel width: 20 MHz
		 * RIFS: 0
		 * HT protection: no
		 * non-GF present: 0
		 * OBSS non-GF present: 0
		 * dual beacon: 0
		 * dual CTS protection: 0
		 * STBC beacon: 0
		 * L-SIG TXOP Prot: 0
		 * PCO active: 0
		 * PCO phase: 0
	Extended capabilities:
		 * BSS Transition
		 * Interworking
		 * TWT Responder Support
	WMM:	 * Parameter version 1
		 * u-APSD
		 * BE: CW 15-1023, AIFSN 3
		 * BK: CW 15-1023, AIFSN 7
		 * VI: CW 7-15, AIFSN 2, TXOP 3008 usec
		 * VO: CW 3-7, AIFSN 2, TXOP 1504 usec
	HE capabilities:
		HE MAC Capabilities (0x00051a081044):
			+HTC HE Supported
			TWT Responder
			BSR
			OM Control
			Maximum A-MPDU Length Exponent: 3
			BQR
			A-MSDU in A-MPDU
			OM Control UL MU Data Disable RX
		HE PHY Capabilities: (0x0020ce926f09af08110c00):
			LDPC Coding in Payload
			NDP with 4x HE-LTF and 3.2us GI
			STBC Tx <= 80MHz
			STBC Rx <= 80MHz
			Full Bandwidth UL MU-MIMO
			Partial Bandwidth UL MU-MIMO
			DCM Max Constellation: 2
			DCM Max Constellation Rx: 2
			SU Beamformer
			SU Beamformee
			MU Beamformer
			Beamformee STS <= 80Mhz: 3
			Beamformee STS > 80Mhz: 3
			Sounding Dimensions <= 80Mhz: 1
			Sounding Dimensions > 80Mhz: 1
			Codebook Size SU Feedback
			Codebook Size MU Feedback
			Triggered SU Beamforming Feedback
			Triggered MU Beamforming Feedback
			Partial Bandwidth Extended Range
			PPE Threshold Present
			Max NC: 1
			HE ER SU PPDU 4x HE-LTF 0.8us GI
			HE ER SU PPDU 1x HE-LTF 0.8us GI
			TX 1024-QAM
			RX 1024-QAM
		PPE Threshold 0xfa 0xff 0xfa 0xff 0x09 0x1c 0x07 
BSS 26:0b:2a:a1:ba:41(on wlxd0374542d42e)
	TSF: 236028730465 usec (2d, 17:33:48)
	freq: 2412.0
	beacon interval: 100 TUs
	capability: ESS Privacy ShortPreamble ShortSlotTime RadioMeasure (0x1431)
	signal: -45.00 dBm
	last seen: 11061 ms ago
	SSID: VIETTEL_ tesxsdd
	Supported rates: 1.0* 2.0* 5.5* 11.0* 9.0 18.0 36.0 54.0 
	DS Parameter set: channel 1
	TIM: DTIM Count 0 DTIM Period 1 Bitmap Control 0x0 Bitmap[0] 0x0
	Country: VN	Environment: bogus
		Channels [1 - 13] @ 30 dBm
	Power constraint: 0 dB
	TPC report: TX power: 11 dBm
	Transmit Power Envelope:
	RM enabled capabilities:
		Capabilities: 0x02 0x00 0x01 0x00 0x00
			Neighbor Report
			AP Channel Report
		Nonoperating Channel Max Measurement Duration: 0
		Measurement Pilot Capability: 0
	AP Channel Report:
		 * operating class: 81
		 * channel(s): 1 2 3 4 5 6 7 8 9 10 11 12 13
	ERP: <no flags>
	Extended supported rates: 6.0 12.0 24.0 48.0 
	RSN:	 * Version: 1
		 * Group cipher: CCMP
		 * Pairwise ciphers: CCMP
		 * Authentication suites: PSK
		 * Capabilities: 1-PTKSA-RC 1-GTKSA-RC (0x0000)
	BSS Load:
		 * station count: 0
		 * channel utilisation: 239/255
		 * available admission capacity: 31250 [*32us]
	HT capabilities:
		Capabilities: 0x9ad
			RX LDPC
			HT20
			SM Power Save disabled
			RX HT20 SGI
			TX STBC
			RX STBC 1-stream
			Max AMSDU length: 7935 bytes
			No DSSS/CCK HT40
		Maximum RX AMPDU length 65535 bytes (exponent: 0x003)
		Minimum RX AMPDU time spacing: 2 usec (0x04)
		HT RX MCS rate indexes supported: 0-15
		HT TX MCS rate indexes are undefined
	HT operation:
		 * primary channel: 1
		 * secondary channel offset: no secondary
		 * STA channel width: 20 MHz
		 * RIFS: 0
		 * HT protection: no
		 * non-GF present: 0
		 * OBSS non-GF present: 0
		 * dual beacon: 0
		 * dual CTS protection: 0
		 * STBC beacon: 0
		 * L-SIG TXOP Prot: 0
		 * PCO active: 0
		 * PCO phase: 0
	Extended capabilities:
		 * BSS Transition
		 * Interworking
		 * TWT Responder Support
		 * 85
	WMM:	 * Parameter version 1
		 * BE: CW 15-1023, AIFSN 3
		 * BK: CW 15-1023, AIFSN 7
		 * VI: CW 7-15, AIFSN 2, TXOP 3008 usec
		 * VO: CW 3-7, AIFSN 2, TXOP 1504 usec
	HE capabilities:
		HE MAC Capabilities (0x00051a081044):
			+HTC HE Supported
			TWT Responder
			BSR
			OM Control
			Maximum A-MPDU Length Exponent: 3
			BQR
			A-MSDU in A-MPDU
			OM Control UL MU Data Disable RX
		HE PHY Capabilities: (0x0020ce926f09af08110c00):
			LDPC Coding in Payload
			NDP with 4x HE-LTF and 3.2us GI
			STBC Tx <= 80MHz
			STBC Rx <= 80MHz
			Full Bandwidth UL MU-MIMO
			Partial Bandwidth UL MU-MIMO
			DCM Max Constellation: 2
			DCM Max Constellation Rx: 2
			SU Beamformer
			SU Beamformee
			MU Beamformer
			Beamformee STS <= 80Mhz: 3
			Beamformee STS > 80Mhz: 3
			Sounding Dimensions <= 80Mhz: 1
			Sounding Dimensions > 80Mhz: 1
			Codebook Size SU Feedback
			Codebook Size MU Feedback
			Triggered SU Beamforming Feedback
			Triggered MU Beamforming Feedback
			Partial Bandwidth Extended Range
			PPE Threshold Present
			Max NC: 1
			HE ER SU PPDU 4x HE-LTF 0.8us GI
			HE ER SU PPDU 1x HE-LTF 0.8us GI
			TX 1024-QAM
			RX 1024-QAM
		PPE Threshold 0xfa 0xff 0xfa 0xff 0x09 0x1c 0x07 
BSS 24:0b:2a:bf:e9:4b(on wlxd0374542d42e)
	TSF: 52107791347 usec (0d, 14:28:27)
	freq: 2422.0
	beacon interval: 100 TUs
	capability: ESS Privacy ShortPreamble ShortSlotTime APSD RadioMeasure (0x1c31)
	signal: -15.00 dBm
	last seen: 17 ms ago
	Information elements from Probe Response frame:
	SSID: .-_-.
	Supported rates: 1.0* 2.0* 5.5* 11.0* 9.0 18.0 36.0 54.0 
	DS Parameter set: channel 3
	ERP: Barker_Preamble_Mode
	Extended supported rates: 6.0 12.0 24.0 48.0 
	RSN:	 * Version: 1
		 * Group cipher: CCMP
		 * Pairwise ciphers: CCMP
		 * Authentication suites: PSK
		 * Capabilities: 1-PTKSA-RC 1-GTKSA-RC (0x0000)
	HT capabilities:
		Capabilities: 0x9ad
			RX LDPC
			HT20
			SM Power Save disabled
			RX HT20 SGI
			TX STBC
			RX STBC 1-stream
			Max AMSDU length: 7935 bytes
			No DSSS/CCK HT40
		Maximum RX AMPDU length 65535 bytes (exponent: 0x003)
		Minimum RX AMPDU time spacing: 2 usec (0x04)
		HT RX MCS rate indexes supported: 0-15
		HT TX MCS rate indexes are undefined
	HT operation:
		 * primary channel: 3
		 * secondary channel offset: no secondary
		 * STA channel width: 20 MHz
		 * RIFS: 0
		 * HT protection: no
		 * non-GF present: 0
		 * OBSS non-GF present: 0
		 * dual beacon: 0
		 * dual CTS protection: 0
		 * STBC beacon: 0
		 * L-SIG TXOP Prot: 0
		 * PCO active: 0
		 * PCO phase: 0
	Extended capabilities:
		 * BSS Transition
		 * Interworking
		 * TWT Responder Support
		 * 85
	BSS Load:
		 * station count: 0
		 * channel utilisation: 249/255
		 * available admission capacity: 31250 [*32us]
	802.11u Interworking:
		Network Options: 0x0
			Network Type: 0 (Private)
		Venue Group: 2 (Business)
		Venue Type: 8
		HESSID: 00:00:00:00:00:00
	802.11u Advertisement:
		Query Response Info: 0x7f
			Query Response Length Limit: 127
			ANQP
	WMM:	 * Parameter version 1
		 * u-APSD
		 * BE: CW 15-1023, AIFSN 3
		 * BK: CW 15-1023, AIFSN 7
		 * VI: CW 7-15, AIFSN 2, TXOP 3008 usec
		 * VO: CW 3-7, AIFSN 2, TXOP 1504 usec
	RM enabled capabilities:
		Capabilities: 0x02 0x00 0x01 0x00 0x00
			Neighbor Report
			AP Channel Report
		Nonoperating Channel Max Measurement Duration: 0
		Measurement Pilot Capability: 0
	AP Channel Report:
		 * operating class: 81
		 * channel(s): 1 2 3 4 5 6 7 8 9 10 11 12 13
	Power constraint: 0 dB
	TPC report: TX power: 14 dBm
	Transmit Power Envelope:
	Country: VN	Environment: bogus
		Channels [1 - 13] @ 20 dBm
	HE capabilities:
		HE MAC Capabilities (0x00051a081044):
			+HTC HE Supported
			TWT Responder
			BSR
			OM Control
			Maximum A-MPDU Length Exponent: 3
			BQR
			A-MSDU in A-MPDU
			OM Control UL MU Data Disable RX
		HE PHY Capabilities: (0x0020ce926f09af08110c00):
			LDPC Coding in Payload
			NDP with 4x HE-LTF and 3.2us GI
			STBC Tx <= 80MHz
			STBC Rx <= 80MHz
			Full Bandwidth UL MU-MIMO
			Partial Bandwidth UL MU-MIMO
			DCM Max Constellation: 2
			DCM Max Constellation Rx: 2
			SU Beamformer
			SU Beamformee
			MU Beamformer
			Beamformee STS <= 80Mhz: 3
			Beamformee STS > 80Mhz: 3
			Sounding Dimensions <= 80Mhz: 1
			Sounding Dimensions > 80Mhz: 1
			Codebook Size SU Feedback
			Codebook Size MU Feedback
			Triggered SU Beamforming Feedback
			Triggered MU Beamforming Feedback
			Partial Bandwidth Extended Range
			PPE Threshold Present
			Max NC: 1
			HE ER SU PPDU 4x HE-LTF 0.8us GI
			HE ER SU PPDU 1x HE-LTF 0.8us GI
			TX 1024-QAM
			RX 1024-QAM
		PPE Threshold 0xfa 0xff 0xfa 0xff 0x09 0x1c 0x07 
BSS 24:0b:2a:bf:e9:a1(on wlxd0374542d42e)
	TSF: 236026164798 usec (2d, 17:33:46)
	freq: 2412.0
	beacon interval: 100 TUs
	capability: ESS Privacy ShortPreamble ShortSlotTime APSD RadioMeasure (0x1c31)
	signal: -46.00 dBm
	last seen: 11040 ms ago
	SSID: VHT-MESH
	Supported rates: 1.0* 2.0* 5.5* 11.0* 9.0 18.0 36.0 54.0 
	DS Parameter set: channel 1
	TIM: DTIM Count 0 DTIM Period 1 Bitmap Control 0x0 Bitmap[0] 0x0
	Country: VN	Environment: bogus
		Channels [1 - 13] @ 30 dBm
	Power constraint: 0 dB
	TPC report: TX power: 11 dBm
	Transmit Power Envelope:
	RM enabled capabilities:
		Capabilities: 0x02 0x00 0x01 0x00 0x00
			Neighbor Report
			AP Channel Report
		Nonoperating Channel Max Measurement Duration: 0
		Measurement Pilot Capability: 0
	AP Channel Report:
		 * operating class: 81
		 * channel(s): 1 2 3 4 5 6 7 8 9 10 11 12 13
	ERP: <no flags>
	Extended supported rates: 6.0 12.0 24.0 48.0 
	RSN:	 * Version: 1
		 * Group cipher: CCMP
		 * Pairwise ciphers: CCMP
		 * Authentication suites: PSK
		 * Capabilities: 1-PTKSA-RC 1-GTKSA-RC (0x0000)
	BSS Load:
		 * station count: 0
		 * channel utilisation: 213/255
		 * available admission capacity: 31250 [*32us]
	802.11u Interworking:
		Network Options: 0x0
			Network Type: 0 (Private)
		Venue Group: 2 (Business)
		Venue Type: 8
		HESSID: 00:00:00:00:00:00
	802.11u Advertisement:
		Query Response Info: 0x7f
			Query Response Length Limit: 127
			ANQP
	HT capabilities:
		Capabilities: 0x9ad
			RX LDPC
			HT20
			SM Power Save disabled
			RX HT20 SGI
			TX STBC
			RX STBC 1-stream
			Max AMSDU length: 7935 bytes
			No DSSS/CCK HT40
		Maximum RX AMPDU length 65535 bytes (exponent: 0x003)
		Minimum RX AMPDU time spacing: 2 usec (0x04)
		HT RX MCS rate indexes supported: 0-15
		HT TX MCS rate indexes are undefined
	HT operation:
		 * primary channel: 1
		 * secondary channel offset: no secondary
		 * STA channel width: 20 MHz
		 * RIFS: 0
		 * HT protection: no
		 * non-GF present: 0
		 * OBSS non-GF present: 0
		 * dual beacon: 0
		 * dual CTS protection: 0
		 * STBC beacon: 0
		 * L-SIG TXOP Prot: 0
		 * PCO active: 0
		 * PCO phase: 0
	Extended capabilities:
		 * BSS Transition
		 * Interworking
		 * TWT Responder Support
		 * 85
	WMM:	 * Parameter version 1
		 * u-APSD
		 * BE: CW 15-1023, AIFSN 3
		 * BK: CW 15-1023, AIFSN 7
		 * VI: CW 7-15, AIFSN 2, TXOP 3008 usec
		 * VO: CW 3-7, AIFSN 2, TXOP 1504 usec
	HE capabilities:
		HE MAC Capabilities (0x00051a081044):
			+HTC HE Supported
			TWT Responder
			BSR
			OM Control
			Maximum A-MPDU Length Exponent: 3
			BQR
			A-MSDU in A-MPDU
			OM Control UL MU Data Disable RX
		HE PHY Capabilities: (0x0020ce926f09af08110c00):
			LDPC Coding in Payload
			NDP with 4x HE-LTF and 3.2us GI
			STBC Tx <= 80MHz
			STBC Rx <= 80MHz
			Full Bandwidth UL MU-MIMO
			Partial Bandwidth UL MU-MIMO
			DCM Max Constellation: 2
			DCM Max Constellation Rx: 2
			SU Beamformer
			SU Beamformee
			MU Beamformer
			Beamformee STS <= 80Mhz: 3
			Beamformee STS > 80Mhz: 3
			Sounding Dimensions <= 80Mhz: 1
			Sounding Dimensions > 80Mhz: 1
			Codebook Size SU Feedback
			Codebook Size MU Feedback
			Triggered SU Beamforming Feedback
			Triggered MU Beamforming Feedback
			Partial Bandwidth Extended Range
			PPE Threshold Present
			Max NC: 1
			HE ER SU PPDU 4x HE-LTF 0.8us GI
			HE ER SU PPDU 1x HE-LTF 0.8us GI
			TX 1024-QAM
			RX 1024-QAM
		PPE Threshold 0xfa 0xff 0xfa 0xff 0x09 0x1c 0x07 
BSS 26:0b:2a:cf:e9:bf(on wlxd0374542d42e)
	TSF: 140261119354 usec (1d, 14:57:41)
	freq: 5540.0
	beacon interval: 100 TUs
	capability: ESS Privacy ShortPreamble SpectrumMgmt RadioMeasure (0x1131)
	signal: -34.00 dBm
	last seen: 22 ms ago
	Information elements from Probe Response frame:
	SSID: VIETTEL_F1B91C
	Supported rates: 6.0* 9.0 12.0* 18.0 24.0* 36.0 48.0 54.0 
	DS Parameter set: channel 108
	ERP: <no flags>
	RSN:	 * Version: 1
		 * Group cipher: CCMP
		 * Pairwise ciphers: CCMP
		 * Authentication suites: PSK
		 * Capabilities: 1-PTKSA-RC 1-GTKSA-RC (0x0000)
	HT capabilities:
		Capabilities: 0x9ef
			RX LDPC
			HT20/HT40
			SM Power Save disabled
			RX HT20 SGI
			RX HT40 SGI
			TX STBC
			RX STBC 1-stream
			Max AMSDU length: 7935 bytes
			No DSSS/CCK HT40
		Maximum RX AMPDU length 65535 bytes (exponent: 0x003)
		Minimum RX AMPDU time spacing: 2 usec (0x04)
		HT RX MCS rate indexes supported: 0-15
		HT TX MCS rate indexes are undefined
	HT operation:
		 * primary channel: 108
		 * secondary channel offset: above
		 * STA channel width: any
		 * RIFS: 0
		 * HT protection: no
		 * non-GF present: 0
		 * OBSS non-GF present: 0
		 * dual beacon: 0
		 * dual CTS protection: 0
		 * STBC beacon: 0
		 * L-SIG TXOP Prot: 0
		 * PCO active: 0
		 * PCO phase: 0
	Extended capabilities:
		 * BSS Transition
		 * Interworking
		 * Operating Mode Notification
		 * TWT Responder Support
		 * 85
		 * Max Number Of MSDUs In A-MSDU is unlimited
	802.11u Interworking:
		Network Options: 0x0
			Network Type: 0 (Private)
		Venue Group: 2 (Business)
		Venue Type: 8
		HESSID: 00:00:00:00:00:00
	802.11u Advertisement:
		Query Response Info: 0x7f
			Query Response Length Limit: 127
			ANQP
	WMM:	 * Parameter version 1
		 * BE: CW 15-1023, AIFSN 3
		 * BK: CW 15-1023, AIFSN 7
		 * VI: CW 7-15, AIFSN 2, TXOP 3008 usec
		 * VO: CW 3-7, AIFSN 2, TXOP 1504 usec
	RM enabled capabilities:
		Capabilities: 0x02 0x00 0x01 0x00 0x00
			Neighbor Report
			AP Channel Report
		Nonoperating Channel Max Measurement Duration: 0
		Measurement Pilot Capability: 0
	AP Channel Report:
		 * operating class: 128
		 * channel(s): 42 58 106 122
	Power constraint: 0 dB
	TPC report: TX power: 14 dBm
	Transmit Power Envelope:
	Country: VN	Environment: bogus
		Channels [42 - 54] @ -1 dBm
	VHT capabilities:
		VHT Capabilities (0x33ca79b2):
			Max MPDU length: 11454
			Supported Channel Width: neither 160 nor 80+80
			RX LDPC
			short GI (80 MHz)
			TX STBC
			SU Beamformer
			SU Beamformee
			MU Beamformer
			+HTC-VHT
			RX antenna pattern consistency
			TX antenna pattern consistency
		VHT RX MCS set:
			1 streams: MCS 0-9
			2 streams: MCS 0-9
			3 streams: not supported
			4 streams: not supported
			5 streams: not supported
			6 streams: not supported
			7 streams: not supported
			8 streams: not supported
		VHT RX highest supported: 780 Mbps
		VHT TX MCS set:
			1 streams: MCS 0-9
			2 streams: MCS 0-9
			3 streams: not supported
			4 streams: not supported
			5 streams: not supported
			6 streams: not supported
			7 streams: not supported
			8 streams: not supported
		VHT TX highest supported: 780 Mbps
		VHT extended NSS: supported
	VHT operation:
		 * channel width: 1 (80 MHz)
		 * center freq segment 1: 106
		 * center freq segment 2: 0
		 * VHT basic MCS set: 0xfffc
	HE capabilities:
		HE MAC Capabilities (0x00051a081044):
			+HTC HE Supported
			TWT Responder
			BSR
			OM Control
			Maximum A-MPDU Length Exponent: 3
			BQR
			A-MSDU in A-MPDU
			OM Control UL MU Data Disable RX
		HE PHY Capabilities: (0x0420ce926f12af10110c00):
			HE40/HE80/5GHz
			LDPC Coding in Payload
			NDP with 4x HE-LTF and 3.2us GI
			STBC Tx <= 80MHz
			STBC Rx <= 80MHz
			Full Bandwidth UL MU-MIMO
			Partial Bandwidth UL MU-MIMO
			DCM Max Constellation: 2
			DCM Max Constellation Rx: 2
			SU Beamformer
			SU Beamformee
			MU Beamformer
			Beamformee STS <= 80Mhz: 3
			Beamformee STS > 80Mhz: 3
			Sounding Dimensions <= 80Mhz: 2
			Sounding Dimensions > 80Mhz: 2
			Codebook Size SU Feedback
			Codebook Size MU Feedback
			Triggered SU Beamforming Feedback
			Triggered MU Beamforming Feedback
			Partial Bandwidth Extended Range
			PPE Threshold Present
			Max NC: 2
			HE ER SU PPDU 4x HE-LTF 0.8us GI
			HE ER SU PPDU 1x HE-LTF 0.8us GI
			TX 1024-QAM
			RX 1024-QAM
		HE RX MCS and NSS set <= 80 MHz
			1 streams: MCS 0-11
			2 streams: MCS 0-11
			3 streams: not supported
			4 streams: not supported
			5 streams: not supported
			6 streams: not supported
			7 streams: not supported
			8 streams: not supported
		HE TX MCS and NSS set <= 80 MHz
			1 streams: MCS 0-11
			2 streams: MCS 0-11
			3 streams: not supported
			4 streams: not supported
			5 streams: not supported
			6 streams: not supported
			7 streams: not supported
			8 streams: not supported
		PPE Threshold 0x39 0x1c 0xc7 0x71 0x1c 0x07 
BSS 24:0b:2a:bf:e9:89(on wlxd0374542d42e)
	TSF: 54778982825 usec (0d, 15:12:58)
	freq: 2427.0
	beacon interval: 100 TUs
	capability: ESS Privacy ShortPreamble ShortSlotTime APSD RadioMeasure (0x1c31)
	signal: -47.00 dBm
	last seen: 10478 ms ago
	SSID: VHT-MESH XGSPON
	Supported rates: 1.0* 2.0* 5.5* 11.0* 9.0 18.0 36.0 54.0 
	DS Parameter set: channel 4
	TIM: DTIM Count 0 DTIM Period 1 Bitmap Control 0x0 Bitmap[0] 0x0
	Country: VN	Environment: bogus
		Channels [1 - 13] @ 30 dBm
	Power constraint: 0 dB
	TPC report: TX power: 12 dBm
	Transmit Power Envelope:
	RM enabled capabilities:
		Capabilities: 0x02 0x00 0x01 0x00 0x00
			Neighbor Report
			AP Channel Report
		Nonoperating Channel Max Measurement Duration: 0
		Measurement Pilot Capability: 0
	AP Channel Report:
		 * operating class: 81
		 * channel(s): 1 2 3 4 5 6 7 8 9 10 11 12 13
	ERP: <no flags>
	Extended supported rates: 6.0 12.0 24.0 48.0 
	RSN:	 * Version: 1
		 * Group cipher: CCMP
		 * Pairwise ciphers: CCMP
		 * Authentication suites: PSK
		 * Capabilities: 1-PTKSA-RC 1-GTKSA-RC (0x0000)
	BSS Load:
		 * station count: 0
		 * channel utilisation: 242/255
		 * available admission capacity: 31250 [*32us]
	802.11u Interworking:
		Network Options: 0x0
			Network Type: 0 (Private)
		Venue Group: 2 (Business)
		Venue Type: 8
		HESSID: 00:00:00:00:00:00
	802.11u Advertisement:
		Query Response Info: 0x7f
			Query Response Length Limit: 127
			ANQP
	HT capabilities:
		Capabilities: 0x9ad
			RX LDPC
			HT20
			SM Power Save disabled
			RX HT20 SGI
			TX STBC
			RX STBC 1-stream
			Max AMSDU length: 7935 bytes
			No DSSS/CCK HT40
		Maximum RX AMPDU length 65535 bytes (exponent: 0x003)
		Minimum RX AMPDU time spacing: 2 usec (0x04)
		HT RX MCS rate indexes supported: 0-15
		HT TX MCS rate indexes are undefined
	HT operation:
		 * primary channel: 4
		 * secondary channel offset: no secondary
		 * STA channel width: 20 MHz
		 * RIFS: 0
		 * HT protection: no
		 * non-GF present: 0
		 * OBSS non-GF present: 0
		 * dual beacon: 0
		 * dual CTS protection: 0
		 * STBC beacon: 0
		 * L-SIG TXOP Prot: 0
		 * PCO active: 0
		 * PCO phase: 0
	Extended capabilities:
		 * BSS Transition
		 * Interworking
		 * TWT Responder Support
		 * 85
	WMM:	 * Parameter version 1
		 * u-APSD
		 * BE: CW 15-1023, AIFSN 3
		 * BK: CW 15-1023, AIFSN 7
		 * VI: CW 7-15, AIFSN 2, TXOP 3008 usec
		 * VO: CW 3-7, AIFSN 2, TXOP 1504 usec
	HE capabilities:
		HE MAC Capabilities (0x00051a081044):
			+HTC HE Supported
			TWT Responder
			BSR
			OM Control
			Maximum A-MPDU Length Exponent: 3
			BQR
			A-MSDU in A-MPDU
			OM Control UL MU Data Disable RX
		HE PHY Capabilities: (0x0020ce926f09af08110c00):
			LDPC Coding in Payload
			NDP with 4x HE-LTF and 3.2us GI
			STBC Tx <= 80MHz
			STBC Rx <= 80MHz
			Full Bandwidth UL MU-MIMO
			Partial Bandwidth UL MU-MIMO
			DCM Max Constellation: 2
			DCM Max Constellation Rx: 2
			SU Beamformer
			SU Beamformee
			MU Beamformer
			Beamformee STS <= 80Mhz: 3
			Beamformee STS > 80Mhz: 3
			Sounding Dimensions <= 80Mhz: 1
			Sounding Dimensions > 80Mhz: 1
			Codebook Size SU Feedback
			Codebook Size MU Feedback
			Triggered SU Beamforming Feedback
			Triggered MU Beamforming Feedback
			Partial Bandwidth Extended Range
			PPE Threshold Present
			Max NC: 1
			HE ER SU PPDU 4x HE-LTF 0.8us GI
			HE ER SU PPDU 1x HE-LTF 0.8us GI
			TX 1024-QAM
			RX 1024-QAM
		PPE Threshold 0xfa 0xff 0xfa 0xff 0x09 0x1c 0x07 
BSS 24:0b:2a:5e:29:b1(on wlxd0374542d42e)
	TSF: 236069274900 usec (2d, 17:34:29)
	freq: 2427.0
	beacon interval: 100 TUs
	capability: ESS Privacy ShortSlotTime RadioMeasure (0x1411)
	signal: -32.00 dBm
	last seen: 10475 ms ago
	SSID: VHT-MESH ONT5
	Supported rates: 1.0* 2.0* 5.5* 11.0* 9.0 18.0 36.0 54.0 
	DS Parameter set: channel 4
	TIM: DTIM Count 0 DTIM Period 1 Bitmap Control 0x0 Bitmap[0] 0x0
	Country: VN	Environment: Indoor/Outdoor
		Channels [1 - 13] @ 23 dBm
	Power constraint: 0 dB
	TPC report: TX power: 20 dBm
	RM enabled capabilities:
		Capabilities: 0x72 0x00 0x01 0x00 0x00
			Neighbor Report
			Beacon Passive Measurement
			Beacon Active Measurement
			Beacon Table Measurement
			AP Channel Report
		Nonoperating Channel Max Measurement Duration: 0
		Measurement Pilot Capability: 0
	AP Channel Report:
		 * operating class: 81
		 * channel(s): 1 2 3 4 5 6 7 8 9 10 11 12 13
	ERP: Barker_Preamble_Mode
	Extended supported rates: 6.0 12.0 24.0 48.0 
	RSN:	 * Version: 1
		 * Group cipher: CCMP
		 * Pairwise ciphers: CCMP
		 * Authentication suites: PSK
		 * Capabilities: 1-PTKSA-RC 1-GTKSA-RC (0x0000)
	BSS Load:
		 * station count: 2
		 * channel utilisation: 140/255
		 * available admission capacity: 31250 [*32us]
	802.11u Interworking:
		Network Options: 0x0
			Network Type: 0 (Private)
		Venue Group: 2 (Business)
		Venue Type: 8
		HESSID: 24:0b:2a:5e:29:b1
	802.11u Advertisement:
		Query Response Info: 0x7f
			Query Response Length Limit: 127
			ANQP
	HT capabilities:
		Capabilities: 0x9ad
			RX LDPC
			HT20
			SM Power Save disabled
			RX HT20 SGI
			TX STBC
			RX STBC 1-stream
			Max AMSDU length: 7935 bytes
			No DSSS/CCK HT40
		Maximum RX AMPDU length 65535 bytes (exponent: 0x003)
		Minimum RX AMPDU time spacing: 4 usec (0x05)
		HT RX MCS rate indexes supported: 0-15
		HT TX MCS rate indexes are undefined
	HT operation:
		 * primary channel: 4
		 * secondary channel offset: no secondary
		 * STA channel width: 20 MHz
		 * RIFS: 0
		 * HT protection: no
		 * non-GF present: 1
		 * OBSS non-GF present: 0
		 * dual beacon: 0
		 * dual CTS protection: 0
		 * STBC beacon: 0
		 * L-SIG TXOP Prot: 0
		 * PCO active: 0
		 * PCO phase: 0
	Extended capabilities:
		 * BSS Transition
		 * Interworking
		 * QoS Map
		 * WNM-Notification
	WMM:	 * Parameter version 1
		 * BE: CW 15-1023, AIFSN 3
		 * BK: CW 15-1023, AIFSN 7
		 * VI: CW 7-15, AIFSN 2, TXOP 3008 usec
		 * VO: CW 3-7, AIFSN 2, TXOP 1504 usec
BSS 24:0b:2a:f1:b9:30(on wlxd0374542d42e)
	TSF: 235985739804 usec (2d, 17:33:05)
	freq: 2432.0
	beacon interval: 100 TUs
	capability: ESS Privacy ShortPreamble ShortSlotTime APSD RadioMeasure (0x1c31)
	signal: -21.00 dBm
	last seen: 24 ms ago
	Information elements from Probe Response frame:
	SSID: ONTw6_HUONGTV2
	Supported rates: 1.0* 2.0* 5.5* 11.0* 9.0 18.0 36.0 54.0 
	DS Parameter set: channel 5
	ERP: Barker_Preamble_Mode
	Extended supported rates: 6.0 12.0 24.0 48.0 
	RSN:	 * Version: 1
		 * Group cipher: CCMP
		 * Pairwise ciphers: CCMP
		 * Authentication suites: PSK
		 * Capabilities: 1-PTKSA-RC 1-GTKSA-RC (0x0000)
	HT capabilities:
		Capabilities: 0x9ad
			RX LDPC
			HT20
			SM Power Save disabled
			RX HT20 SGI
			TX STBC
			RX STBC 1-stream
			Max AMSDU length: 7935 bytes
			No DSSS/CCK HT40
		Maximum RX AMPDU length 65535 bytes (exponent: 0x003)
		Minimum RX AMPDU time spacing: 2 usec (0x04)
		HT RX MCS rate indexes supported: 0-15
		HT TX MCS rate indexes are undefined
	HT operation:
		 * primary channel: 5
		 * secondary channel offset: no secondary
		 * STA channel width: 20 MHz
		 * RIFS: 0
		 * HT protection: no
		 * non-GF present: 1
		 * OBSS non-GF present: 0
		 * dual beacon: 0
		 * dual CTS protection: 0
		 * STBC beacon: 0
		 * L-SIG TXOP Prot: 0
		 * PCO active: 0
		 * PCO phase: 0
	Extended capabilities:
		 * BSS Transition
		 * Interworking
		 * WNM-Notification
		 * TWT Responder Support
	BSS Load:
		 * station count: 1
		 * channel utilisation: 222/255
		 * available admission capacity: 31250 [*32us]
	802.11u Interworking:
		Network Options: 0x0
			Network Type: 0 (Private)
		Venue Group: 2 (Business)
		Venue Type: 8
		HESSID: 24:0b:2a:f1:b9:30
	802.11u Advertisement:
		Query Response Info: 0x7f
			Query Response Length Limit: 127
			ANQP
	WMM:	 * Parameter version 1
		 * u-APSD
		 * BE: CW 15-1023, AIFSN 3
		 * BK: CW 15-1023, AIFSN 7
		 * VI: CW 7-15, AIFSN 2, TXOP 3008 usec
		 * VO: CW 3-7, AIFSN 2, TXOP 1504 usec
	RM enabled capabilities:
		Capabilities: 0x02 0x00 0x01 0x00 0x00
			Neighbor Report
			AP Channel Report
		Nonoperating Channel Max Measurement Duration: 0
		Measurement Pilot Capability: 0
	AP Channel Report:
		 * operating class: 81
		 * channel(s): 1 2 3 4 5 6 7 8 9 10 11 12 13
	Power constraint: 0 dB
	TPC report: TX power: 22 dBm
	Transmit Power Envelope:
	Country: VN	Environment: Indoor/Outdoor
		Channels [1 - 13] @ 20 dBm
	HE capabilities:
		HE MAC Capabilities (0x00051a081044):
			+HTC HE Supported
			TWT Responder
			BSR
			OM Control
			Maximum A-MPDU Length Exponent: 3
			BQR
			A-MSDU in A-MPDU
			OM Control UL MU Data Disable RX
		HE PHY Capabilities: (0x0020ce926f09af08110c00):
			LDPC Coding in Payload
			NDP with 4x HE-LTF and 3.2us GI
			STBC Tx <= 80MHz
			STBC Rx <= 80MHz
			Full Bandwidth UL MU-MIMO
			Partial Bandwidth UL MU-MIMO
			DCM Max Constellation: 2
			DCM Max Constellation Rx: 2
			SU Beamformer
			SU Beamformee
			MU Beamformer
			Beamformee STS <= 80Mhz: 3
			Beamformee STS > 80Mhz: 3
			Sounding Dimensions <= 80Mhz: 1
			Sounding Dimensions > 80Mhz: 1
			Codebook Size SU Feedback
			Codebook Size MU Feedback
			Triggered SU Beamforming Feedback
			Triggered MU Beamforming Feedback
			Partial Bandwidth Extended Range
			PPE Threshold Present
			Max NC: 1
			HE ER SU PPDU 4x HE-LTF 0.8us GI
			HE ER SU PPDU 1x HE-LTF 0.8us GI
			TX 1024-QAM
			RX 1024-QAM
		PPE Threshold 0xfa 0xff 0xfa 0xff 0x09 0x1c 0x07 
BSS 24:0b:2a:25:12:9c(on wlxd0374542d42e)
	TSF: 55360001165 usec (0d, 15:22:40)
	freq: 2427.0
	beacon interval: 100 TUs
	capability: ESS Privacy ShortPreamble ShortSlotTime APSD RadioMeasure (0x1c31)
	signal: -41.00 dBm
	last seen: 10158 ms ago
	SSID: VIETTEL_251298
	Supported rates: 1.0* 2.0* 5.5* 11.0* 9.0 18.0 36.0 54.0 
	DS Parameter set: channel 4
	TIM: DTIM Count 0 DTIM Period 1 Bitmap Control 0x0 Bitmap[0] 0x0
	Country: VN	Environment: Indoor/Outdoor
		Channels [1 - 13] @ 30 dBm
	Power constraint: 0 dB
	TPC report: TX power: 22 dBm
	Transmit Power Envelope:
	RM enabled capabilities:
		Capabilities: 0x02 0x00 0x01 0x00 0x00
			Neighbor Report
			AP Channel Report
		Nonoperating Channel Max Measurement Duration: 0
		Measurement Pilot Capability: 0
	AP Channel Report:
		 * operating class: 81
		 * channel(s): 1 2 3 4 5 6 7 8 9 10 11 12 13
	ERP: <no flags>
	Extended supported rates: 6.0 12.0 24.0 48.0 
	RSN:	 * Version: 1
		 * Group cipher: CCMP
		 * Pairwise ciphers: CCMP
		 * Authentication suites: PSK
		 * Capabilities: 1-PTKSA-RC 1-GTKSA-RC (0x0000)
	BSS Load:
		 * station count: 0
		 * channel utilisation: 239/255
		 * available admission capacity: 31250 [*32us]
	HT capabilities:
		Capabilities: 0x9bd
			RX LDPC
			HT20
			SM Power Save disabled
			RX Greenfield
			RX HT20 SGI
			TX STBC
			RX STBC 1-stream
			Max AMSDU length: 7935 bytes
			No DSSS/CCK HT40
		Maximum RX AMPDU length 65535 bytes (exponent: 0x003)
		Minimum RX AMPDU time spacing: 2 usec (0x04)
		HT RX MCS rate indexes supported: 0-15
		HT TX MCS rate indexes are undefined
	HT operation:
		 * primary channel: 4
		 * secondary channel offset: no secondary
		 * STA channel width: 20 MHz
		 * RIFS: 0
		 * HT protection: no
		 * non-GF present: 0
		 * OBSS non-GF present: 0
		 * dual beacon: 0
		 * dual CTS protection: 0
		 * STBC beacon: 0
		 * L-SIG TXOP Prot: 0
		 * PCO active: 0
		 * PCO phase: 0
	VHT capabilities:
		VHT Capabilities (0x33c97992):
			Max MPDU length: 11454
			Supported Channel Width: neither 160 nor 80+80
			RX LDPC
			TX STBC
			SU Beamformer
			SU Beamformee
			MU Beamformer
			+HTC-VHT
			RX antenna pattern consistency
			TX antenna pattern consistency
		VHT RX MCS set:
			1 streams: MCS 0-8
			2 streams: MCS 0-8
			3 streams: not supported
			4 streams: not supported
			5 streams: not supported
			6 streams: not supported
			7 streams: not supported
			8 streams: not supported
		VHT RX highest supported: 156 Mbps
		VHT TX MCS set:
			1 streams: MCS 0-8
			2 streams: MCS 0-8
			3 streams: not supported
			4 streams: not supported
			5 streams: not supported
			6 streams: not supported
			7 streams: not supported
			8 streams: not supported
		VHT TX highest supported: 156 Mbps
		VHT extended NSS: supported
	VHT operation:
		 * channel width: 0 (20 or 40 MHz)
		 * center freq segment 1: 4
		 * center freq segment 2: 0
		 * VHT basic MCS set: 0xfffc
	Extended capabilities:
		 * BSS Transition
		 * Interworking
		 * Max Number Of MSDUs In A-MSDU is unlimited
	WMM:	 * Parameter version 1
		 * u-APSD
		 * BE: CW 15-1023, AIFSN 3
		 * BK: CW 15-1023, AIFSN 7
		 * VI: CW 7-15, AIFSN 2, TXOP 3008 usec
		 * VO: CW 3-7, AIFSN 2, TXOP 1504 usec
	HE capabilities:
		HE MAC Capabilities (0x00011a081044):
			+HTC HE Supported
			BSR
			OM Control
			Maximum A-MPDU Length Exponent: 3
			BQR
			A-MSDU in A-MPDU
			OM Control UL MU Data Disable RX
		HE PHY Capabilities: (0x0020ce926f09af08110c00):
			LDPC Coding in Payload
			NDP with 4x HE-LTF and 3.2us GI
			STBC Tx <= 80MHz
			STBC Rx <= 80MHz
			Full Bandwidth UL MU-MIMO
			Partial Bandwidth UL MU-MIMO
			DCM Max Constellation: 2
			DCM Max Constellation Rx: 2
			SU Beamformer
			SU Beamformee
			MU Beamformer
			Beamformee STS <= 80Mhz: 3
			Beamformee STS > 80Mhz: 3
			Sounding Dimensions <= 80Mhz: 1
			Sounding Dimensions > 80Mhz: 1
			Codebook Size SU Feedback
			Codebook Size MU Feedback
			Triggered SU Beamforming Feedback
			Triggered MU Beamforming Feedback
			Partial Bandwidth Extended Range
			PPE Threshold Present
			Max NC: 1
			HE ER SU PPDU 4x HE-LTF 0.8us GI
			HE ER SU PPDU 1x HE-LTF 0.8us GI
			TX 1024-QAM
			RX 1024-QAM
		PPE Threshold 0xfa 0xff 0xfa 0xff 0x09 0x1c 0x07 
BSS 24:0b:2a:5e:29:a9(on wlxd0374542d42e)
	TSF: 232919736324 usec (2d, 16:41:59)
	freq: 2427.0
	beacon interval: 100 TUs
	capability: ESS Privacy ShortSlotTime RadioMeasure (0x1411)
	signal: -39.00 dBm
	last seen: 24 ms ago
	Information elements from Probe Response frame:
	SSID: ONT_5E29A8
	Supported rates: 1.0* 2.0* 5.5* 11.0* 9.0 18.0 36.0 54.0 
	DS Parameter set: channel 4
	ERP: Barker_Preamble_Mode
	Extended supported rates: 6.0 12.0 24.0 48.0 
	HT capabilities:
		Capabilities: 0x9ad
			RX LDPC
			HT20
			SM Power Save disabled
			RX HT20 SGI
			TX STBC
			RX STBC 1-stream
			Max AMSDU length: 7935 bytes
			No DSSS/CCK HT40
		Maximum RX AMPDU length 65535 bytes (exponent: 0x003)
		Minimum RX AMPDU time spacing: 4 usec (0x05)
		HT RX MCS rate indexes supported: 0-15
		HT TX MCS rate indexes are undefined
	HT operation:
		 * primary channel: 4
		 * secondary channel offset: no secondary
		 * STA channel width: 20 MHz
		 * RIFS: 0
		 * HT protection: no
		 * non-GF present: 0
		 * OBSS non-GF present: 0
		 * dual beacon: 0
		 * dual CTS protection: 0
		 * STBC beacon: 0
		 * L-SIG TXOP Prot: 0
		 * PCO active: 0
		 * PCO phase: 0
	RSN:	 * Version: 1
		 * Group cipher: CCMP
		 * Pairwise ciphers: CCMP
		 * Authentication suites: PSK
		 * Capabilities: 1-PTKSA-RC 1-GTKSA-RC (0x0000)
	802.11u Interworking:
		Network Options: 0x0
			Network Type: 0 (Private)
		Venue Group: 2 (Business)
		Venue Type: 8
		HESSID: 24:0b:2a:5e:29:a9
	802.11u Advertisement:
		Query Response Info: 0x7f
			Query Response Length Limit: 127
			ANQP
	Extended capabilities:
		 * BSS Transition
		 * Interworking
		 * QoS Map
		 * WNM-Notification
	BSS Load:
		 * station count: 0
		 * channel utilisation: 153/255
		 * available admission capacity: 31250 [*32us]
	WMM:	 * Parameter version 1
		 * BE: CW 15-1023, AIFSN 3
		 * BK: CW 15-1023, AIFSN 7
		 * VI: CW 7-15, AIFSN 2, TXOP 3008 usec
		 * VO: CW 3-7, AIFSN 2, TXOP 1504 usec
	RM enabled capabilities:
		Capabilities: 0x72 0x00 0x01 0x00 0x00
			Neighbor Report
			Beacon Passive Measurement
			Beacon Active Measurement
			Beacon Table Measurement
			AP Channel Report
		Nonoperating Channel Max Measurement Duration: 0
		Measurement Pilot Capability: 0
	AP Channel Report:
		 * operating class: 81
		 * channel(s): 1 2 3 4 5 6 7 8 9 10 11 12 13
	Power constraint: 3 dB
	TPC report: TX power: 20 dBm
	Country: VN	Environment: Indoor/Outdoor
		Channels [1 - 13] @ 23 dBm
BSS 24:0b:2a:f1:ba:51(on wlxd0374542d42e)
	TSF: 236028829047 usec (2d, 17:33:48)
	freq: 2432.0
	beacon interval: 100 TUs
	capability: ESS Privacy ShortPreamble ShortSlotTime APSD RadioMeasure (0x1c31)
	signal: -33.00 dBm
	last seen: 10432 ms ago
	SSID: VHT KEANGNAM
	Supported rates: 1.0* 2.0* 5.5* 11.0* 9.0 18.0 36.0 54.0 
	DS Parameter set: channel 5
	TIM: DTIM Count 0 DTIM Period 1 Bitmap Control 0x1 Bitmap[0] 0x0 (+ 1 octet)
	Country: VN	Environment: bogus
		Channels [1 - 13] @ 30 dBm
	Power constraint: 0 dB
	TPC report: TX power: 12 dBm
	Transmit Power Envelope:
	RM enabled capabilities:
		Capabilities: 0x02 0x00 0x01 0x00 0x00
			Neighbor Report
			AP Channel Report
		Nonoperating Channel Max Measurement Duration: 0
		Measurement Pilot Capability: 0
	AP Channel Report:
		 * operating class: 81
		 * channel(s): 1 2 3 4 5 6 7 8 9 10 11 12 13
	ERP: Barker_Preamble_Mode
	Extended supported rates: 6.0 12.0 24.0 48.0 
	RSN:	 * Version: 1
		 * Group cipher: CCMP
		 * Pairwise ciphers: CCMP
		 * Authentication suites: PSK
		 * Capabilities: 1-PTKSA-RC 1-GTKSA-RC (0x0000)
	BSS Load:
		 * station count: 1
		 * channel utilisation: 238/255
		 * available admission capacity: 31250 [*32us]
	802.11u Interworking:
		Network Options: 0x0
			Network Type: 0 (Private)
		Venue Group: 2 (Business)
		Venue Type: 8
		HESSID: 00:00:00:00:00:00
	802.11u Advertisement:
		Query Response Info: 0x7f
			Query Response Length Limit: 127
			ANQP
	HT capabilities:
		Capabilities: 0x9ad
			RX LDPC
			HT20
			SM Power Save disabled
			RX HT20 SGI
			TX STBC
			RX STBC 1-stream
			Max AMSDU length: 7935 bytes
			No DSSS/CCK HT40
		Maximum RX AMPDU length 65535 bytes (exponent: 0x003)
		Minimum RX AMPDU time spacing: 2 usec (0x04)
		HT RX MCS rate indexes supported: 0-15
		HT TX MCS rate indexes are undefined
	HT operation:
		 * primary channel: 5
		 * secondary channel offset: no secondary
		 * STA channel width: 20 MHz
		 * RIFS: 0
		 * HT protection: no
		 * non-GF present: 1
		 * OBSS non-GF present: 0
		 * dual beacon: 0
		 * dual CTS protection: 0
		 * STBC beacon: 0
		 * L-SIG TXOP Prot: 0
		 * PCO active: 0
		 * PCO phase: 0
	Extended capabilities:
		 * BSS Transition
		 * Interworking
		 * TWT Responder Support
		 * 85
	WMM:	 * Parameter version 1
		 * u-APSD
		 * BE: CW 15-1023, AIFSN 3
		 * BK: CW 15-1023, AIFSN 7
		 * VI: CW 7-15, AIFSN 2, TXOP 3008 usec
		 * VO: CW 3-7, AIFSN 2, TXOP 1504 usec
	HE capabilities:
		HE MAC Capabilities (0x00051a081044):
			+HTC HE Supported
			TWT Responder
			BSR
			OM Control
			Maximum A-MPDU Length Exponent: 3
			BQR
			A-MSDU in A-MPDU
			OM Control UL MU Data Disable RX
		HE PHY Capabilities: (0x0020ce926f09af08110c00):
			LDPC Coding in Payload
			NDP with 4x HE-LTF and 3.2us GI
			STBC Tx <= 80MHz
			STBC Rx <= 80MHz
			Full Bandwidth UL MU-MIMO
			Partial Bandwidth UL MU-MIMO
			DCM Max Constellation: 2
			DCM Max Constellation Rx: 2
			SU Beamformer
			SU Beamformee
			MU Beamformer
			Beamformee STS <= 80Mhz: 3
			Beamformee STS > 80Mhz: 3
			Sounding Dimensions <= 80Mhz: 1
			Sounding Dimensions > 80Mhz: 1
			Codebook Size SU Feedback
			Codebook Size MU Feedback
			Triggered SU Beamforming Feedback
			Triggered MU Beamforming Feedback
			Partial Bandwidth Extended Range
			PPE Threshold Present
			Max NC: 1
			HE ER SU PPDU 4x HE-LTF 0.8us GI
			HE ER SU PPDU 1x HE-LTF 0.8us GI
			TX 1024-QAM
			RX 1024-QAM
		PPE Threshold 0xfa 0xff 0xfa 0xff 0x09 0x1c 0x07 
BSS 24:0b:2a:28:06:8c(on wlxd0374542d42e)
	TSF: 165550343646 usec (1d, 21:59:10)
	freq: 2432.0
	beacon interval: 100 TUs
	capability: ESS Privacy ShortPreamble ShortSlotTime APSD RadioMeasure (0x1c31)
	signal: -29.00 dBm
	last seen: 24 ms ago
	Information elements from Probe Response frame:
	SSID: VIETTEL_280688
	Supported rates: 1.0* 2.0* 5.5* 11.0* 9.0 18.0 36.0 54.0 
	DS Parameter set: channel 5
	ERP: <no flags>
	Extended supported rates: 6.0 12.0 24.0 48.0 
	RSN:	 * Version: 1
		 * Group cipher: CCMP
		 * Pairwise ciphers: CCMP
		 * Authentication suites: PSK
		 * Capabilities: 1-PTKSA-RC 1-GTKSA-RC (0x0000)
	HT capabilities:
		Capabilities: 0x9bd
			RX LDPC
			HT20
			SM Power Save disabled
			RX Greenfield
			RX HT20 SGI
			TX STBC
			RX STBC 1-stream
			Max AMSDU length: 7935 bytes
			No DSSS/CCK HT40
		Maximum RX AMPDU length 65535 bytes (exponent: 0x003)
		Minimum RX AMPDU time spacing: 2 usec (0x04)
		HT RX MCS rate indexes supported: 0-15
		HT TX MCS rate indexes are undefined
	HT operation:
		 * primary channel: 5
		 * secondary channel offset: no secondary
		 * STA channel width: 20 MHz
		 * RIFS: 0
		 * HT protection: no
		 * non-GF present: 0
		 * OBSS non-GF present: 0
		 * dual beacon: 0
		 * dual CTS protection: 0
		 * STBC beacon: 0
		 * L-SIG TXOP Prot: 0
		 * PCO active: 0
		 * PCO phase: 0
	Extended capabilities:
		 * BSS Transition
		 * Interworking
		 * Max Number Of MSDUs In A-MSDU is unlimited
	BSS Load:
		 * station count: 0
		 * channel utilisation: 235/255
		 * available admission capacity: 31250 [*32us]
	WMM:	 * Parameter version 1
		 * u-APSD
		 * BE: CW 15-1023, AIFSN 3
		 * BK: CW 15-1023, AIFSN 7
		 * VI: CW 7-15, AIFSN 2, TXOP 3008 usec
		 * VO: CW 3-7, AIFSN 2, TXOP 1504 usec
	RM enabled capabilities:
		Capabilities: 0x02 0x00 0x01 0x00 0x00
			Neighbor Report
			AP Channel Report
		Nonoperating Channel Max Measurement Duration: 0
		Measurement Pilot Capability: 0
	AP Channel Report:
		 * operating class: 81
		 * channel(s): 1 2 3 4 5 6 7 8 9 10 11 12 13
	Power constraint: 0 dB
	TPC report: TX power: 22 dBm
	Transmit Power Envelope:
	Country: VN	Environment: Indoor/Outdoor
		Channels [1 - 13] @ 20 dBm
	VHT capabilities:
		VHT Capabilities (0x33c97992):
			Max MPDU length: 11454
			Supported Channel Width: neither 160 nor 80+80
			RX LDPC
			TX STBC
			SU Beamformer
			SU Beamformee
			MU Beamformer
			+HTC-VHT
			RX antenna pattern consistency
			TX antenna pattern consistency
		VHT RX MCS set:
			1 streams: MCS 0-8
			2 streams: MCS 0-8
			3 streams: not supported
			4 streams: not supported
			5 streams: not supported
			6 streams: not supported
			7 streams: not supported
			8 streams: not supported
		VHT RX highest supported: 156 Mbps
		VHT TX MCS set:
			1 streams: MCS 0-8
			2 streams: MCS 0-8
			3 streams: not supported
			4 streams: not supported
			5 streams: not supported
			6 streams: not supported
			7 streams: not supported
			8 streams: not supported
		VHT TX highest supported: 156 Mbps
		VHT extended NSS: supported
	VHT operation:
		 * channel width: 0 (20 or 40 MHz)
		 * center freq segment 1: 5
		 * center freq segment 2: 0
		 * VHT basic MCS set: 0xfffc
	HE capabilities:
		HE MAC Capabilities (0x00011a081044):
			+HTC HE Supported
			BSR
			OM Control
			Maximum A-MPDU Length Exponent: 3
			BQR
			A-MSDU in A-MPDU
			OM Control UL MU Data Disable RX
		HE PHY Capabilities: (0x0020ce926f09af08110c00):
			LDPC Coding in Payload
			NDP with 4x HE-LTF and 3.2us GI
			STBC Tx <= 80MHz
			STBC Rx <= 80MHz
			Full Bandwidth UL MU-MIMO
			Partial Bandwidth UL MU-MIMO
			DCM Max Constellation: 2
			DCM Max Constellation Rx: 2
			SU Beamformer
			SU Beamformee
			MU Beamformer
			Beamformee STS <= 80Mhz: 3
			Beamformee STS > 80Mhz: 3
			Sounding Dimensions <= 80Mhz: 1
			Sounding Dimensions > 80Mhz: 1
			Codebook Size SU Feedback
			Codebook Size MU Feedback
			Triggered SU Beamforming Feedback
			Triggered MU Beamforming Feedback
			Partial Bandwidth Extended Range
			PPE Threshold Present
			Max NC: 1
			HE ER SU PPDU 4x HE-LTF 0.8us GI
			HE ER SU PPDU 1x HE-LTF 0.8us GI
			TX 1024-QAM
			RX 1024-QAM
		PPE Threshold 0xfa 0xff 0xfa 0xff 0x09 0x1c 0x07 
BSS 24:0b:2a:bf:e9:cd(on wlxd0374542d42e)
	TSF: 51845842446 usec (0d, 14:24:05)
	freq: 2452.0
	beacon interval: 100 TUs
	capability: ESS Privacy ShortPreamble ShortSlotTime APSD RadioMeasure (0x1c31)
	signal: -44.00 dBm
	last seen: 9268 ms ago
	SSID: LeTTM2
	Supported rates: 1.0* 2.0* 5.5* 11.0* 9.0 18.0 36.0 54.0 
	DS Parameter set: channel 9
	TIM: DTIM Count 0 DTIM Period 1 Bitmap Control 0x0 Bitmap[0] 0x0
	Country: VN	Environment: bogus
		Channels [1 - 13] @ 30 dBm
	Power constraint: 0 dB
	TPC report: TX power: 19 dBm
	Transmit Power Envelope:
	RM enabled capabilities:
		Capabilities: 0x02 0x00 0x01 0x00 0x00
			Neighbor Report
			AP Channel Report
		Nonoperating Channel Max Measurement Duration: 0
		Measurement Pilot Capability: 0
	AP Channel Report:
		 * operating class: 81
		 * channel(s): 1 2 3 4 5 6 7 8 9 10 11 12 13
	ERP: <no flags>
	Extended supported rates: 6.0 12.0 24.0 48.0 
	RSN:	 * Version: 1
		 * Group cipher: CCMP
		 * Pairwise ciphers: CCMP
		 * Authentication suites: PSK
		 * Capabilities: 1-PTKSA-RC 1-GTKSA-RC (0x0000)
	BSS Load:
		 * station count: 0
		 * channel utilisation: 187/255
		 * available admission capacity: 31250 [*32us]
	802.11u Interworking:
		Network Options: 0x0
			Network Type: 0 (Private)
		Venue Group: 2 (Business)
		Venue Type: 8
		HESSID: 00:00:00:00:00:00
	802.11u Advertisement:
		Query Response Info: 0x7f
			Query Response Length Limit: 127
			ANQP
	HT capabilities:
		Capabilities: 0x9ad
			RX LDPC
			HT20
			SM Power Save disabled
			RX HT20 SGI
			TX STBC
			RX STBC 1-stream
			Max AMSDU length: 7935 bytes
			No DSSS/CCK HT40
		Maximum RX AMPDU length 65535 bytes (exponent: 0x003)
		Minimum RX AMPDU time spacing: 2 usec (0x04)
		HT RX MCS rate indexes supported: 0-15
		HT TX MCS rate indexes are undefined
	HT operation:
		 * primary channel: 9
		 * secondary channel offset: no secondary
		 * STA channel width: 20 MHz
		 * RIFS: 0
		 * HT protection: no
		 * non-GF present: 0
		 * OBSS non-GF present: 0
		 * dual beacon: 0
		 * dual CTS protection: 0
		 * STBC beacon: 0
		 * L-SIG TXOP Prot: 0
		 * PCO active: 0
		 * PCO phase: 0
	Extended capabilities:
		 * BSS Transition
		 * Interworking
		 * TWT Responder Support
		 * 85
	WMM:	 * Parameter version 1
		 * u-APSD
		 * BE: CW 15-1023, AIFSN 3
		 * BK: CW 15-1023, AIFSN 7
		 * VI: CW 7-15, AIFSN 2, TXOP 3008 usec
		 * VO: CW 3-7, AIFSN 2, TXOP 1504 usec
	HE capabilities:
		HE MAC Capabilities (0x00051a081044):
			+HTC HE Supported
			TWT Responder
			BSR
			OM Control
			Maximum A-MPDU Length Exponent: 3
			BQR
			A-MSDU in A-MPDU
			OM Control UL MU Data Disable RX
		HE PHY Capabilities: (0x0020ce926f09af08110c00):
			LDPC Coding in Payload
			NDP with 4x HE-LTF and 3.2us GI
			STBC Tx <= 80MHz
			STBC Rx <= 80MHz
			Full Bandwidth UL MU-MIMO
			Partial Bandwidth UL MU-MIMO
			DCM Max Constellation: 2
			DCM Max Constellation Rx: 2
			SU Beamformer
			SU Beamformee
			MU Beamformer
			Beamformee STS <= 80Mhz: 3
			Beamformee STS > 80Mhz: 3
			Sounding Dimensions <= 80Mhz: 1
			Sounding Dimensions > 80Mhz: 1
			Codebook Size SU Feedback
			Codebook Size MU Feedback
			Triggered SU Beamforming Feedback
			Triggered MU Beamforming Feedback
			Partial Bandwidth Extended Range
			PPE Threshold Present
			Max NC: 1
			HE ER SU PPDU 4x HE-LTF 0.8us GI
			HE ER SU PPDU 1x HE-LTF 0.8us GI
			TX 1024-QAM
			RX 1024-QAM
		PPE Threshold 0xfa 0xff 0xfa 0xff 0x09 0x1c 0x07 
BSS 26:0b:2a:9f:e9:8f(on wlxd0374542d42e)
	TSF: 51854167934 usec (0d, 14:24:14)
	freq: 2452.0
	beacon interval: 100 TUs
	capability: ESS Privacy ShortPreamble ShortSlotTime APSD RadioMeasure (0x1c31)
	signal: -40.00 dBm
	last seen: 23 ms ago
	Information elements from Probe Response frame:
	SSID: AB
	Supported rates: 1.0* 2.0* 5.5* 11.0* 9.0 18.0 36.0 54.0 
	DS Parameter set: channel 9
	ERP: <no flags>
	Extended supported rates: 6.0 12.0 24.0 48.0 
	RSN:	 * Version: 1
		 * Group cipher: CCMP
		 * Pairwise ciphers: CCMP
		 * Authentication suites: PSK
		 * Capabilities: 1-PTKSA-RC 1-GTKSA-RC (0x0000)
	HT capabilities:
		Capabilities: 0x9ad
			RX LDPC
			HT20
			SM Power Save disabled
			RX HT20 SGI
			TX STBC
			RX STBC 1-stream
			Max AMSDU length: 7935 bytes
			No DSSS/CCK HT40
		Maximum RX AMPDU length 65535 bytes (exponent: 0x003)
		Minimum RX AMPDU time spacing: 2 usec (0x04)
		HT RX MCS rate indexes supported: 0-15
		HT TX MCS rate indexes are undefined
	HT operation:
		 * primary channel: 9
		 * secondary channel offset: no secondary
		 * STA channel width: 20 MHz
		 * RIFS: 0
		 * HT protection: no
		 * non-GF present: 0
		 * OBSS non-GF present: 0
		 * dual beacon: 0
		 * dual CTS protection: 0
		 * STBC beacon: 0
		 * L-SIG TXOP Prot: 0
		 * PCO active: 0
		 * PCO phase: 0
	Extended capabilities:
		 * BSS Transition
		 * Interworking
		 * TWT Responder Support
		 * 85
	BSS Load:
		 * station count: 0
		 * channel utilisation: 217/255
		 * available admission capacity: 31250 [*32us]
	WMM:	 * Parameter version 1
		 * u-APSD
		 * BE: CW 15-1023, AIFSN 3
		 * BK: CW 15-1023, AIFSN 7
		 * VI: CW 7-15, AIFSN 2, TXOP 3008 usec
		 * VO: CW 3-7, AIFSN 2, TXOP 1504 usec
	RM enabled capabilities:
		Capabilities: 0x02 0x00 0x01 0x00 0x00
			Neighbor Report
			AP Channel Report
		Nonoperating Channel Max Measurement Duration: 0
		Measurement Pilot Capability: 0
	AP Channel Report:
		 * operating class: 81
		 * channel(s): 1 2 3 4 5 6 7 8 9 10 11 12 13
	Power constraint: 0 dB
	TPC report: TX power: 19 dBm
	Transmit Power Envelope:
	Country: VN	Environment: bogus
		Channels [1 - 13] @ 20 dBm
	HE capabilities:
		HE MAC Capabilities (0x00051a081044):
			+HTC HE Supported
			TWT Responder
			BSR
			OM Control
			Maximum A-MPDU Length Exponent: 3
			BQR
			A-MSDU in A-MPDU
			OM Control UL MU Data Disable RX
		HE PHY Capabilities: (0x0020ce926f09af08110c00):
			LDPC Coding in Payload
			NDP with 4x HE-LTF and 3.2us GI
			STBC Tx <= 80MHz
			STBC Rx <= 80MHz
			Full Bandwidth UL MU-MIMO
			Partial Bandwidth UL MU-MIMO
			DCM Max Constellation: 2
			DCM Max Constellation Rx: 2
			SU Beamformer
			SU Beamformee
			MU Beamformer
			Beamformee STS <= 80Mhz: 3
			Beamformee STS > 80Mhz: 3
			Sounding Dimensions <= 80Mhz: 1
			Sounding Dimensions > 80Mhz: 1
			Codebook Size SU Feedback
			Codebook Size MU Feedback
			Triggered SU Beamforming Feedback
			Triggered MU Beamforming Feedback
			Partial Bandwidth Extended Range
			PPE Threshold Present
			Max NC: 1
			HE ER SU PPDU 4x HE-LTF 0.8us GI
			HE ER SU PPDU 1x HE-LTF 0.8us GI
			TX 1024-QAM
			RX 1024-QAM
		PPE Threshold 0xfa 0xff 0xfa 0xff 0x09 0x1c 0x07 
BSS 24:0b:2a:bf:e8:8c(on wlxd0374542d42e)
	TSF: 76176275860 usec (0d, 21:09:36)
	freq: 2452.0
	beacon interval: 100 TUs
	capability: ESS Privacy ShortPreamble ShortSlotTime APSD RadioMeasure (0x1c31)
	signal: -53.00 dBm
	last seen: 23 ms ago
	Information elements from Probe Response frame:
	SSID: LeTTM2
	Supported rates: 1.0* 2.0* 5.5* 11.0* 9.0 18.0 36.0 54.0 
	DS Parameter set: channel 9
	ERP: <no flags>
	Extended supported rates: 6.0 12.0 24.0 48.0 
	RSN:	 * Version: 1
		 * Group cipher: CCMP
		 * Pairwise ciphers: CCMP
		 * Authentication suites: PSK
		 * Capabilities: 1-PTKSA-RC 1-GTKSA-RC (0x0000)
	HT capabilities:
		Capabilities: 0x9ad
			RX LDPC
			HT20
			SM Power Save disabled
			RX HT20 SGI
			TX STBC
			RX STBC 1-stream
			Max AMSDU length: 7935 bytes
			No DSSS/CCK HT40
		Maximum RX AMPDU length 65535 bytes (exponent: 0x003)
		Minimum RX AMPDU time spacing: 2 usec (0x04)
		HT RX MCS rate indexes supported: 0-15
		HT TX MCS rate indexes are undefined
	HT operation:
		 * primary channel: 9
		 * secondary channel offset: no secondary
		 * STA channel width: 20 MHz
		 * RIFS: 0
		 * HT protection: no
		 * non-GF present: 0
		 * OBSS non-GF present: 0
		 * dual beacon: 0
		 * dual CTS protection: 0
		 * STBC beacon: 0
		 * L-SIG TXOP Prot: 0
		 * PCO active: 0
		 * PCO phase: 0
	Extended capabilities:
		 * BSS Transition
		 * Interworking
		 * WNM-Notification
		 * TWT Responder Support
	BSS Load:
		 * station count: 0
		 * channel utilisation: 196/255
		 * available admission capacity: 31250 [*32us]
	802.11u Interworking:
		Network Options: 0x0
			Network Type: 0 (Private)
		Venue Group: 2 (Business)
		Venue Type: 8
		HESSID: 24:0b:2a:bf:e8:8c
	802.11u Advertisement:
		Query Response Info: 0x7f
			Query Response Length Limit: 127
			ANQP
	WMM:	 * Parameter version 1
		 * u-APSD
		 * BE: CW 15-1023, AIFSN 3
		 * BK: CW 15-1023, AIFSN 7
		 * VI: CW 7-15, AIFSN 2, TXOP 3008 usec
		 * VO: CW 3-7, AIFSN 2, TXOP 1504 usec
	RM enabled capabilities:
		Capabilities: 0x02 0x00 0x01 0x00 0x00
			Neighbor Report
			AP Channel Report
		Nonoperating Channel Max Measurement Duration: 0
		Measurement Pilot Capability: 0
	AP Channel Report:
		 * operating class: 81
		 * channel(s): 1 2 3 4 5 6 7 8 9 10 11 12 13
	Power constraint: 0 dB
	TPC report: TX power: 22 dBm
	Transmit Power Envelope:
	Country: VN	Environment: Indoor/Outdoor
		Channels [1 - 13] @ 20 dBm
	HE capabilities:
		HE MAC Capabilities (0x00051a081044):
			+HTC HE Supported
			TWT Responder
			BSR
			OM Control
			Maximum A-MPDU Length Exponent: 3
			BQR
			A-MSDU in A-MPDU
			OM Control UL MU Data Disable RX
		HE PHY Capabilities: (0x0020ce926f09af08110c00):
			LDPC Coding in Payload
			NDP with 4x HE-LTF and 3.2us GI
			STBC Tx <= 80MHz
			STBC Rx <= 80MHz
			Full Bandwidth UL MU-MIMO
			Partial Bandwidth UL MU-MIMO
			DCM Max Constellation: 2
			DCM Max Constellation Rx: 2
			SU Beamformer
			SU Beamformee
			MU Beamformer
			Beamformee STS <= 80Mhz: 3
			Beamformee STS > 80Mhz: 3
			Sounding Dimensions <= 80Mhz: 1
			Sounding Dimensions > 80Mhz: 1
			Codebook Size SU Feedback
			Codebook Size MU Feedback
			Triggered SU Beamforming Feedback
			Triggered MU Beamforming Feedback
			Partial Bandwidth Extended Range
			PPE Threshold Present
			Max NC: 1
			HE ER SU PPDU 4x HE-LTF 0.8us GI
			HE ER SU PPDU 1x HE-LTF 0.8us GI
			TX 1024-QAM
			RX 1024-QAM
		PPE Threshold 0xfa 0xff 0xfa 0xff 0x09 0x1c 0x07 
BSS 64:6e:60:16:2c:d2(on wlxd0374542d42e)
	TSF: 236028063772 usec (2d, 17:33:48)
	freq: 2462.0
	beacon interval: 100 TUs
	capability: ESS Privacy ShortPreamble ShortSlotTime APSD RadioMeasure (0x1c31)
	signal: -37.00 dBm
	last seen: 23 ms ago
	Information elements from Probe Response frame:
	SSID: ZTE_2.4G
	Supported rates: 1.0* 2.0* 5.5* 11.0* 9.0 18.0 36.0 54.0 
	DS Parameter set: channel 11
	ERP: Barker_Preamble_Mode
	Extended supported rates: 6.0 12.0 24.0 48.0 
	RSN:	 * Version: 1
		 * Group cipher: CCMP
		 * Pairwise ciphers: CCMP
		 * Authentication suites: PSK SAE
		 * Capabilities: 1-PTKSA-RC 1-GTKSA-RC MFP-capable (0x0080)
		 * 0 PMKIDs
		 * Group mgmt cipher suite: AES-128-CMAC
	HT capabilities:
		Capabilities: 0x98d
			RX LDPC
			HT20
			SM Power Save disabled
			TX STBC
			RX STBC 1-stream
			Max AMSDU length: 7935 bytes
			No DSSS/CCK HT40
		Maximum RX AMPDU length 65535 bytes (exponent: 0x003)
		Minimum RX AMPDU time spacing: 2 usec (0x04)
		HT RX MCS rate indexes supported: 0-15
		HT TX MCS rate indexes are undefined
	HT operation:
		 * primary channel: 11
		 * secondary channel offset: no secondary
		 * STA channel width: 20 MHz
		 * RIFS: 0
		 * HT protection: no
		 * non-GF present: 0
		 * OBSS non-GF present: 0
		 * dual beacon: 0
		 * dual CTS protection: 0
		 * STBC beacon: 0
		 * L-SIG TXOP Prot: 0
		 * PCO active: 0
		 * PCO phase: 0
	Extended capabilities:
		 * BSS Transition
		 * Max Number Of MSDUs In A-MSDU is unlimited
	BSS Load:
		 * station count: 0
		 * channel utilisation: 0/255
		 * available admission capacity: 31250 [*32us]
	WMM:	 * Parameter version 1
		 * u-APSD
		 * BE: CW 15-1023, AIFSN 3
		 * BK: CW 15-1023, AIFSN 7
		 * VI: CW 7-15, AIFSN 2, TXOP 3008 usec
		 * VO: CW 3-7, AIFSN 2, TXOP 1504 usec
	RM enabled capabilities:
		Capabilities: 0x02 0x00 0x01 0x00 0x00
			Neighbor Report
			AP Channel Report
		Nonoperating Channel Max Measurement Duration: 0
		Measurement Pilot Capability: 0
	AP Channel Report:
		 * operating class: 4
		 * channel(s): 1 2 3 4 5 6 7 8 9 10 11 12 13
	Power constraint: 0 dB
	Transmit Power Envelope:
	Country: VN	Environment: Indoor/Outdoor
		Channels [1 - 13] @ 20 dBm
	VHT capabilities:
		VHT Capabilities (0x33c979b2):
			Max MPDU length: 11454
			Supported Channel Width: neither 160 nor 80+80
			RX LDPC
			short GI (80 MHz)
			TX STBC
			SU Beamformer
			SU Beamformee
			MU Beamformer
			+HTC-VHT
			RX antenna pattern consistency
			TX antenna pattern consistency
		VHT RX MCS set:
			1 streams: MCS 0-8
			2 streams: MCS 0-8
			3 streams: not supported
			4 streams: not supported
			5 streams: not supported
			6 streams: not supported
			7 streams: not supported
			8 streams: not supported
		VHT RX highest supported: 156 Mbps
		VHT TX MCS set:
			1 streams: MCS 0-8
			2 streams: MCS 0-8
			3 streams: not supported
			4 streams: not supported
			5 streams: not supported
			6 streams: not supported
			7 streams: not supported
			8 streams: not supported
		VHT TX highest supported: 156 Mbps
		VHT extended NSS: supported
	VHT operation:
		 * channel width: 0 (20 or 40 MHz)
		 * center freq segment 1: 11
		 * center freq segment 2: 0
		 * VHT basic MCS set: 0xfffc
	HE capabilities:
		HE MAC Capabilities (0x00011a081044):
			+HTC HE Supported
			BSR
			OM Control
			Maximum A-MPDU Length Exponent: 3
			BQR
			A-MSDU in A-MPDU
			OM Control UL MU Data Disable RX
		HE PHY Capabilities: (0x00200e926f09af08000c00):
			LDPC Coding in Payload
			NDP with 4x HE-LTF and 3.2us GI
			STBC Tx <= 80MHz
			STBC Rx <= 80MHz
			DCM Max Constellation: 2
			DCM Max Constellation Rx: 2
			SU Beamformer
			SU Beamformee
			MU Beamformer
			Beamformee STS <= 80Mhz: 3
			Beamformee STS > 80Mhz: 3
			Sounding Dimensions <= 80Mhz: 1
			Sounding Dimensions > 80Mhz: 1
			Codebook Size SU Feedback
			Codebook Size MU Feedback
			Triggered SU Beamforming Feedback
			Triggered MU Beamforming Feedback
			Partial Bandwidth Extended Range
			PPE Threshold Present
			Max NC: 1
			TX 1024-QAM
			RX 1024-QAM
		PPE Threshold 0xfa 0xff 0xfa 0xff 0x09 0x1c 0x07 
	WPS:	 * Version: 1.0
		 * Wi-Fi Protected Setup State: 2 (Configured)
		 * Response Type: 3 (AP)
		 * UUID: d5dcce80-3ae0-1cfc-8601-646e60162cd2
		 * Manufacturer: Ralink Technology, Corp.
		 * Model: Ralink Wireless Access Point
		 * Model Number: RT2860
		 * Serial Number: 12345678
		 * Primary Device Type: 6-0050f204-1
		 * Device name: RalinkAPS_0
		 * Config methods: Label, Display, PBC, Keypad
		 * RF Bands: 0x1
		 * Version2: 2.0
BSS 24:0b:2a:bf:e7:ec(on wlxd0374542d42e)
	TSF: 54687077660 usec (0d, 15:11:27)
	freq: 2467.0
	beacon interval: 100 TUs
	capability: ESS Privacy ShortPreamble ShortSlotTime APSD RadioMeasure (0x1c31)
	signal: -41.00 dBm
	last seen: 23 ms ago
	Information elements from Probe Response frame:
	SSID: VIETTEL_BFE7E8
	Supported rates: 1.0* 2.0* 5.5* 11.0* 9.0 18.0 36.0 54.0 
	DS Parameter set: channel 12
	ERP: <no flags>
	Extended supported rates: 6.0 12.0 24.0 48.0 
	RSN:	 * Version: 1
		 * Group cipher: CCMP
		 * Pairwise ciphers: CCMP
		 * Authentication suites: PSK
		 * Capabilities: 1-PTKSA-RC 1-GTKSA-RC (0x0000)
	HT capabilities:
		Capabilities: 0x9ad
			RX LDPC
			HT20
			SM Power Save disabled
			RX HT20 SGI
			TX STBC
			RX STBC 1-stream
			Max AMSDU length: 7935 bytes
			No DSSS/CCK HT40
		Maximum RX AMPDU length 65535 bytes (exponent: 0x003)
		Minimum RX AMPDU time spacing: 2 usec (0x04)
		HT RX MCS rate indexes supported: 0-15
		HT TX MCS rate indexes are undefined
	HT operation:
		 * primary channel: 12
		 * secondary channel offset: no secondary
		 * STA channel width: 20 MHz
		 * RIFS: 0
		 * HT protection: no
		 * non-GF present: 0
		 * OBSS non-GF present: 0
		 * dual beacon: 0
		 * dual CTS protection: 0
		 * STBC beacon: 0
		 * L-SIG TXOP Prot: 0
		 * PCO active: 0
		 * PCO phase: 0
	Extended capabilities:
		 * BSS Transition
		 * Interworking
		 * WNM-Notification
		 * TWT Responder Support
	BSS Load:
		 * station count: 0
		 * channel utilisation: 142/255
		 * available admission capacity: 31250 [*32us]
	802.11u Interworking:
		Network Options: 0x0
			Network Type: 0 (Private)
		Venue Group: 2 (Business)
		Venue Type: 8
		HESSID: 24:0b:2a:bf:e7:ec
	802.11u Advertisement:
		Query Response Info: 0x7f
			Query Response Length Limit: 127
			ANQP
	WMM:	 * Parameter version 1
		 * u-APSD
		 * BE: CW 15-1023, AIFSN 3
		 * BK: CW 15-1023, AIFSN 7
		 * VI: CW 7-15, AIFSN 2, TXOP 3008 usec
		 * VO: CW 3-7, AIFSN 2, TXOP 1504 usec
	RM enabled capabilities:
		Capabilities: 0x02 0x00 0x01 0x00 0x00
			Neighbor Report
			AP Channel Report
		Nonoperating Channel Max Measurement Duration: 0
		Measurement Pilot Capability: 0
	AP Channel Report:
		 * operating class: 81
		 * channel(s): 1 2 3 4 5 6 7 8 9 10 11 12 13
	Power constraint: 0 dB
	TPC report: TX power: 22 dBm
	Transmit Power Envelope:
	Country: VN	Environment: Indoor/Outdoor
		Channels [1 - 13] @ 20 dBm
	HE capabilities:
		HE MAC Capabilities (0x00051a081044):
			+HTC HE Supported
			TWT Responder
			BSR
			OM Control
			Maximum A-MPDU Length Exponent: 3
			BQR
			A-MSDU in A-MPDU
			OM Control UL MU Data Disable RX
		HE PHY Capabilities: (0x0020ce926f09af08110c00):
			LDPC Coding in Payload
			NDP with 4x HE-LTF and 3.2us GI
			STBC Tx <= 80MHz
			STBC Rx <= 80MHz
			Full Bandwidth UL MU-MIMO
			Partial Bandwidth UL MU-MIMO
			DCM Max Constellation: 2
			DCM Max Constellation Rx: 2
			SU Beamformer
			SU Beamformee
			MU Beamformer
			Beamformee STS <= 80Mhz: 3
			Beamformee STS > 80Mhz: 3
			Sounding Dimensions <= 80Mhz: 1
			Sounding Dimensions > 80Mhz: 1
			Codebook Size SU Feedback
			Codebook Size MU Feedback
			Triggered SU Beamforming Feedback
			Triggered MU Beamforming Feedback
			Partial Bandwidth Extended Range
			PPE Threshold Present
			Max NC: 1
			HE ER SU PPDU 4x HE-LTF 0.8us GI
			HE ER SU PPDU 1x HE-LTF 0.8us GI
			TX 1024-QAM
			RX 1024-QAM
		PPE Threshold 0xfa 0xff 0xfa 0xff 0x09 0x1c 0x07 
BSS 00:0c:43:26:60:f0(on wlxd0374542d42e)
	TSF: 141424673448 usec (1d, 15:17:04)
	freq: 2467.0
	beacon interval: 100 TUs
	capability: ESS Privacy ShortPreamble ShortSlotTime APSD RadioMeasure (0x1c31)
	signal: -41.00 dBm
	last seen: 23 ms ago
	Information elements from Probe Response frame:
	SSID: VIETTEL_AP_199803
	Supported rates: 1.0* 2.0* 5.5* 11.0* 9.0 18.0 36.0 54.0 
	DS Parameter set: channel 12
	ERP: <no flags>
	Extended supported rates: 6.0 12.0 24.0 48.0 
	RSN:	 * Version: 1
		 * Group cipher: CCMP
		 * Pairwise ciphers: CCMP
		 * Authentication suites: PSK
		 * Capabilities: 1-PTKSA-RC 1-GTKSA-RC (0x0000)
	HT capabilities:
		Capabilities: 0x9ad
			RX LDPC
			HT20
			SM Power Save disabled
			RX HT20 SGI
			TX STBC
			RX STBC 1-stream
			Max AMSDU length: 7935 bytes
			No DSSS/CCK HT40
		Maximum RX AMPDU length 65535 bytes (exponent: 0x003)
		Minimum RX AMPDU time spacing: 2 usec (0x04)
		HT RX MCS rate indexes supported: 0-15
		HT TX MCS rate indexes are undefined
	HT operation:
		 * primary channel: 12
		 * secondary channel offset: no secondary
		 * STA channel width: 20 MHz
		 * RIFS: 0
		 * HT protection: no
		 * non-GF present: 0
		 * OBSS non-GF present: 0
		 * dual beacon: 0
		 * dual CTS protection: 0
		 * STBC beacon: 0
		 * L-SIG TXOP Prot: 0
		 * PCO active: 0
		 * PCO phase: 0
	Extended capabilities:
		 * BSS Transition
		 * Interworking
		 * TWT Responder Support
		 * 85
	BSS Load:
		 * station count: 0
		 * channel utilisation: 152/255
		 * available admission capacity: 31250 [*32us]
	802.11u Interworking:
		Network Options: 0x0
			Network Type: 0 (Private)
		Venue Group: 2 (Business)
		Venue Type: 8
		HESSID: 00:00:00:00:00:00
	802.11u Advertisement:
		Query Response Info: 0x7f
			Query Response Length Limit: 127
			ANQP
	WMM:	 * Parameter version 1
		 * u-APSD
		 * BE: CW 15-1023, AIFSN 3
		 * BK: CW 15-1023, AIFSN 7
		 * VI: CW 7-15, AIFSN 2, TXOP 3008 usec
		 * VO: CW 3-7, AIFSN 2, TXOP 1504 usec
	RM enabled capabilities:
		Capabilities: 0x02 0x00 0x01 0x00 0x00
			Neighbor Report
			AP Channel Report
		Nonoperating Channel Max Measurement Duration: 0
		Measurement Pilot Capability: 0
	AP Channel Report:
		 * operating class: 81
		 * channel(s): 1 2 3 4 5 6 7 8 9 10 11 12 13
	Power constraint: 0 dB
	TPC report: TX power: 10 dBm
	Transmit Power Envelope:
	Country: VN	Environment: bogus
		Channels [1 - 13] @ 20 dBm
	HE capabilities:
		HE MAC Capabilities (0x00051a081044):
			+HTC HE Supported
			TWT Responder
			BSR
			OM Control
			Maximum A-MPDU Length Exponent: 3
			BQR
			A-MSDU in A-MPDU
			OM Control UL MU Data Disable RX
		HE PHY Capabilities: (0x0020ce926f09af08110c00):
			LDPC Coding in Payload
			NDP with 4x HE-LTF and 3.2us GI
			STBC Tx <= 80MHz
			STBC Rx <= 80MHz
			Full Bandwidth UL MU-MIMO
			Partial Bandwidth UL MU-MIMO
			DCM Max Constellation: 2
			DCM Max Constellation Rx: 2
			SU Beamformer
			SU Beamformee
			MU Beamformer
			Beamformee STS <= 80Mhz: 3
			Beamformee STS > 80Mhz: 3
			Sounding Dimensions <= 80Mhz: 1
			Sounding Dimensions > 80Mhz: 1
			Codebook Size SU Feedback
			Codebook Size MU Feedback
			Triggered SU Beamforming Feedback
			Triggered MU Beamforming Feedback
			Partial Bandwidth Extended Range
			PPE Threshold Present
			Max NC: 1
			HE ER SU PPDU 4x HE-LTF 0.8us GI
			HE ER SU PPDU 1x HE-LTF 0.8us GI
			TX 1024-QAM
			RX 1024-QAM
		PPE Threshold 0xfa 0xff 0xfa 0xff 0x09 0x1c 0x07 
BSS 26:0b:2a:11:9d:70(on wlxd0374542d42e)
	TSF: 51422413742 usec (0d, 14:17:02)
	freq: 5560.0
	beacon interval: 100 TUs
	capability: ESS Privacy ShortPreamble ShortSlotTime APSD RadioMeasure (0x1c31)
	signal: -44.00 dBm
	last seen: 8052 ms ago
	SSID: VIETTEL_D6C_SSID2_2G
	Supported rates: 1.0* 2.0* 5.5* 11.0* 9.0 18.0 36.0 54.0 
	DS Parameter set: channel 12
	TIM: DTIM Count 0 DTIM Period 1 Bitmap Control 0x1 Bitmap[0] 0x0
	Country: VN	Environment: Indoor/Outdoor
		Channels [1 - 13] @ 30 dBm
	Power constraint: 0 dB
	TPC report: TX power: 22 dBm
	Transmit Power Envelope:
	RM enabled capabilities:
		Capabilities: 0x02 0x00 0x01 0x00 0x00
			Neighbor Report
			AP Channel Report
		Nonoperating Channel Max Measurement Duration: 0
		Measurement Pilot Capability: 0
	AP Channel Report:
		 * operating class: 81
		 * channel(s): 1 2 3 4 5 6 7 8 9 10 11 12 13
	ERP: <no flags>
	Extended supported rates: 6.0 12.0 24.0 48.0 
	RSN:	 * Version: 1
		 * Group cipher: CCMP
		 * Pairwise ciphers: CCMP
		 * Authentication suites: PSK SAE
		 * Capabilities: 1-PTKSA-RC 1-GTKSA-RC MFP-capable (0x0080)
		 * 0 PMKIDs
		 * Group mgmt cipher suite: AES-128-CMAC
	BSS Load:
		 * station count: 1
		 * channel utilisation: 185/255
		 * available admission capacity: 31250 [*32us]
	HT capabilities:
		Capabilities: 0x9ad
			RX LDPC
			HT20
			SM Power Save disabled
			RX HT20 SGI
			TX STBC
			RX STBC 1-stream
			Max AMSDU length: 7935 bytes
			No DSSS/CCK HT40
		Maximum RX AMPDU length 65535 bytes (exponent: 0x003)
		Minimum RX AMPDU time spacing: 2 usec (0x04)
		HT RX MCS rate indexes supported: 0-15
		HT TX MCS rate indexes are undefined
	HT operation:
		 * primary channel: 12
		 * secondary channel offset: no secondary
		 * STA channel width: 20 MHz
		 * RIFS: 0
		 * HT protection: no
		 * non-GF present: 1
		 * OBSS non-GF present: 0
		 * dual beacon: 0
		 * dual CTS protection: 0
		 * STBC beacon: 0
		 * L-SIG TXOP Prot: 0
		 * PCO active: 0
		 * PCO phase: 0
	Extended capabilities:
		 * BSS Transition
		 * Interworking
		 * TWT Responder Support
	WMM:	 * Parameter version 1
		 * u-APSD
		 * BE: CW 15-1023, AIFSN 3
		 * BK: CW 15-1023, AIFSN 7
		 * VI: CW 7-15, AIFSN 2, TXOP 3008 usec
		 * VO: CW 3-7, AIFSN 2, TXOP 1504 usec
	HE capabilities:
		HE MAC Capabilities (0x00051a081044):
			+HTC HE Supported
			TWT Responder
			BSR
			OM Control
			Maximum A-MPDU Length Exponent: 3
			BQR
			A-MSDU in A-MPDU
			OM Control UL MU Data Disable RX
		HE PHY Capabilities: (0x0020ce926f09af08110c00):
			LDPC Coding in Payload
			NDP with 4x HE-LTF and 3.2us GI
			STBC Tx <= 80MHz
			STBC Rx <= 80MHz
			Full Bandwidth UL MU-MIMO
			Partial Bandwidth UL MU-MIMO
			DCM Max Constellation: 2
			DCM Max Constellation Rx: 2
			SU Beamformer
			SU Beamformee
			MU Beamformer
			Beamformee STS <= 80Mhz: 3
			Beamformee STS > 80Mhz: 3
			Sounding Dimensions <= 80Mhz: 1
			Sounding Dimensions > 80Mhz: 1
			Codebook Size SU Feedback
			Codebook Size MU Feedback
			Triggered SU Beamforming Feedback
			Triggered MU Beamforming Feedback
			Partial Bandwidth Extended Range
			PPE Threshold Present
			Max NC: 1
			HE ER SU PPDU 4x HE-LTF 0.8us GI
			HE ER SU PPDU 1x HE-LTF 0.8us GI
			TX 1024-QAM
			RX 1024-QAM
		PPE Threshold 0xfa 0xff 0xfa 0xff 0x09 0x1c 0x07 
BSS 24:0b:2a:f1:14:08(on wlxd0374542d42e)
	TSF: 139300461246 usec (1d, 14:41:40)
	freq: 2462.0
	beacon interval: 100 TUs
	capability: ESS Privacy ShortPreamble ShortSlotTime APSD RadioMeasure (0x1c31)
	signal: -45.00 dBm
	last seen: 7799 ms ago
	SSID: VIETTEL_F11404
	Supported rates: 1.0* 2.0* 5.5* 11.0* 9.0 18.0 36.0 54.0 
	DS Parameter set: channel 11
	TIM: DTIM Count 0 DTIM Period 1 Bitmap Control 0x0 Bitmap[0] 0x0
	Country: VN	Environment: Indoor/Outdoor
		Channels [1 - 13] @ 30 dBm
	Power constraint: 0 dB
	TPC report: TX power: 22 dBm
	Transmit Power Envelope:
	RM enabled capabilities:
		Capabilities: 0x02 0x00 0x01 0x00 0x00
			Neighbor Report
			AP Channel Report
		Nonoperating Channel Max Measurement Duration: 0
		Measurement Pilot Capability: 0
	AP Channel Report:
		 * operating class: 81
		 * channel(s): 1 2 3 4 5 6 7 8 9 10 11 12 13
	ERP: <no flags>
	Extended supported rates: 6.0 12.0 24.0 48.0 
	RSN:	 * Version: 1
		 * Group cipher: CCMP
		 * Pairwise ciphers: CCMP
		 * Authentication suites: PSK
		 * Capabilities: 1-PTKSA-RC 1-GTKSA-RC (0x0000)
	BSS Load:
		 * station count: 0
		 * channel utilisation: 204/255
		 * available admission capacity: 31250 [*32us]
	HT capabilities:
		Capabilities: 0x9bd
			RX LDPC
			HT20
			SM Power Save disabled
			RX Greenfield
			RX HT20 SGI
			TX STBC
			RX STBC 1-stream
			Max AMSDU length: 7935 bytes
			No DSSS/CCK HT40
		Maximum RX AMPDU length 65535 bytes (exponent: 0x003)
		Minimum RX AMPDU time spacing: 2 usec (0x04)
		HT RX MCS rate indexes supported: 0-15
		HT TX MCS rate indexes are undefined
	HT operation:
		 * primary channel: 11
		 * secondary channel offset: no secondary
		 * STA channel width: 20 MHz
		 * RIFS: 0
		 * HT protection: no
		 * non-GF present: 0
		 * OBSS non-GF present: 0
		 * dual beacon: 0
		 * dual CTS protection: 0
		 * STBC beacon: 0
		 * L-SIG TXOP Prot: 0
		 * PCO active: 0
		 * PCO phase: 0
	VHT capabilities:
		VHT Capabilities (0x33c97992):
			Max MPDU length: 11454
			Supported Channel Width: neither 160 nor 80+80
			RX LDPC
			TX STBC
			SU Beamformer
			SU Beamformee
			MU Beamformer
			+HTC-VHT
			RX antenna pattern consistency
			TX antenna pattern consistency
		VHT RX MCS set:
			1 streams: MCS 0-8
			2 streams: MCS 0-8
			3 streams: not supported
			4 streams: not supported
			5 streams: not supported
			6 streams: not supported
			7 streams: not supported
			8 streams: not supported
		VHT RX highest supported: 156 Mbps
		VHT TX MCS set:
			1 streams: MCS 0-8
			2 streams: MCS 0-8
			3 streams: not supported
			4 streams: not supported
			5 streams: not supported
			6 streams: not supported
			7 streams: not supported
			8 streams: not supported
		VHT TX highest supported: 156 Mbps
		VHT extended NSS: supported
	VHT operation:
		 * channel width: 0 (20 or 40 MHz)
		 * center freq segment 1: 11
		 * center freq segment 2: 0
		 * VHT basic MCS set: 0xfffc
	Extended capabilities:
		 * BSS Transition
		 * Interworking
		 * Max Number Of MSDUs In A-MSDU is unlimited
	WMM:	 * Parameter version 1
		 * u-APSD
		 * BE: CW 15-1023, AIFSN 3
		 * BK: CW 15-1023, AIFSN 7
		 * VI: CW 7-15, AIFSN 2, TXOP 3008 usec
		 * VO: CW 3-7, AIFSN 2, TXOP 1504 usec
	HE capabilities:
		HE MAC Capabilities (0x00011a081044):
			+HTC HE Supported
			BSR
			OM Control
			Maximum A-MPDU Length Exponent: 3
			BQR
			A-MSDU in A-MPDU
			OM Control UL MU Data Disable RX
		HE PHY Capabilities: (0x0020ce926f09af08110c00):
			LDPC Coding in Payload
			NDP with 4x HE-LTF and 3.2us GI
			STBC Tx <= 80MHz
			STBC Rx <= 80MHz
			Full Bandwidth UL MU-MIMO
			Partial Bandwidth UL MU-MIMO
			DCM Max Constellation: 2
			DCM Max Constellation Rx: 2
			SU Beamformer
			SU Beamformee
			MU Beamformer
			Beamformee STS <= 80Mhz: 3
			Beamformee STS > 80Mhz: 3
			Sounding Dimensions <= 80Mhz: 1
			Sounding Dimensions > 80Mhz: 1
			Codebook Size SU Feedback
			Codebook Size MU Feedback
			Triggered SU Beamforming Feedback
			Triggered MU Beamforming Feedback
			Partial Bandwidth Extended Range
			PPE Threshold Present
			Max NC: 1
			HE ER SU PPDU 4x HE-LTF 0.8us GI
			HE ER SU PPDU 1x HE-LTF 0.8us GI
			TX 1024-QAM
			RX 1024-QAM
		PPE Threshold 0xfa 0xff 0xfa 0xff 0x09 0x1c 0x07 
BSS 24:0b:2a:78:20:35(on wlxd0374542d42e)
	TSF: 83765760068 usec (0d, 23:16:05)
	freq: 5180.0
	beacon interval: 100 TUs
	capability: ESS Privacy ShortPreamble SpectrumMgmt APSD RadioMeasure (0x1931)
	signal: -61.00 dBm
	last seen: 7518 ms ago
	SSID: VIETTEL_XXXXXX
	Supported rates: 6.0* 9.0 12.0* 18.0 24.0* 36.0 48.0 54.0 
	DS Parameter set: channel 36
	TIM: DTIM Count 0 DTIM Period 1 Bitmap Control 0x0 Bitmap[0] 0x0
	Country: VN	Environment: Indoor/Outdoor
		Channels [36 - 64] @ 30 dBm
		Channels [100 - 120] @ 30 dBm
		Channels [149 - 161] @ 30 dBm
	Power constraint: 0 dB
	TPC report: TX power: 22 dBm
	Transmit Power Envelope:
	RM enabled capabilities:
		Capabilities: 0x02 0x00 0x01 0x00 0x00
			Neighbor Report
			AP Channel Report
		Nonoperating Channel Max Measurement Duration: 0
		Measurement Pilot Capability: 0
	AP Channel Report:
		 * operating class: 128
		 * channel(s): 42 58 106 122
	RSN:	 * Version: 1
		 * Group cipher: CCMP
		 * Pairwise ciphers: CCMP
		 * Authentication suites: PSK
		 * Capabilities: 1-PTKSA-RC 1-GTKSA-RC (0x0000)
	BSS Load:
		 * station count: 1
		 * channel utilisation: 32/255
		 * available admission capacity: 31250 [*32us]
	HT capabilities:
		Capabilities: 0x9ef
			RX LDPC
			HT20/HT40
			SM Power Save disabled
			RX HT20 SGI
			RX HT40 SGI
			TX STBC
			RX STBC 1-stream
			Max AMSDU length: 7935 bytes
			No DSSS/CCK HT40
		Maximum RX AMPDU length 65535 bytes (exponent: 0x003)
		Minimum RX AMPDU time spacing: 4 usec (0x05)
		HT RX MCS rate indexes supported: 0-15, 32
		HT TX MCS rate indexes are undefined
	HT operation:
		 * primary channel: 36
		 * secondary channel offset: above
		 * STA channel width: any
		 * RIFS: 0
		 * HT protection: no
		 * non-GF present: 1
		 * OBSS non-GF present: 0
		 * dual beacon: 0
		 * dual CTS protection: 0
		 * STBC beacon: 0
		 * L-SIG TXOP Prot: 0
		 * PCO active: 0
		 * PCO phase: 0
	VHT capabilities:
		VHT Capabilities (0x33ca79b2):
			Max MPDU length: 11454
			Supported Channel Width: neither 160 nor 80+80
			RX LDPC
			short GI (80 MHz)
			TX STBC
			SU Beamformer
			SU Beamformee
			MU Beamformer
			+HTC-VHT
			RX antenna pattern consistency
			TX antenna pattern consistency
		VHT RX MCS set:
			1 streams: MCS 0-9
			2 streams: MCS 0-9
			3 streams: not supported
			4 streams: not supported
			5 streams: not supported
			6 streams: not supported
			7 streams: not supported
			8 streams: not supported
		VHT RX highest supported: 780 Mbps
		VHT TX MCS set:
			1 streams: MCS 0-9
			2 streams: MCS 0-9
			3 streams: not supported
			4 streams: not supported
			5 streams: not supported
			6 streams: not supported
			7 streams: not supported
			8 streams: not supported
		VHT TX highest supported: 780 Mbps
		VHT extended NSS: supported
	VHT operation:
		 * channel width: 1 (80 MHz)
		 * center freq segment 1: 42
		 * center freq segment 2: 0
		 * VHT basic MCS set: 0xfffc
	Extended capabilities:
		 * BSS Transition
		 * Interworking
		 * Operating Mode Notification
		 * Max Number Of MSDUs In A-MSDU is unlimited
	WMM:	 * Parameter version 1
		 * u-APSD
		 * BE: CW 15-1023, AIFSN 3
		 * BK: CW 15-1023, AIFSN 7
		 * VI: CW 7-15, AIFSN 2, TXOP 3008 usec
		 * VO: CW 3-7, AIFSN 2, TXOP 1504 usec
	HE capabilities:
		HE MAC Capabilities (0x00011a081044):
			+HTC HE Supported
			BSR
			OM Control
			Maximum A-MPDU Length Exponent: 3
			BQR
			A-MSDU in A-MPDU
			OM Control UL MU Data Disable RX
		HE PHY Capabilities: (0x0420ce926f12af10110c00):
			HE40/HE80/5GHz
			LDPC Coding in Payload
			NDP with 4x HE-LTF and 3.2us GI
			STBC Tx <= 80MHz
			STBC Rx <= 80MHz
			Full Bandwidth UL MU-MIMO
			Partial Bandwidth UL MU-MIMO
			DCM Max Constellation: 2
			DCM Max Constellation Rx: 2
			SU Beamformer
			SU Beamformee
			MU Beamformer
			Beamformee STS <= 80Mhz: 3
			Beamformee STS > 80Mhz: 3
			Sounding Dimensions <= 80Mhz: 2
			Sounding Dimensions > 80Mhz: 2
			Codebook Size SU Feedback
			Codebook Size MU Feedback
			Triggered SU Beamforming Feedback
			Triggered MU Beamforming Feedback
			Partial Bandwidth Extended Range
			PPE Threshold Present
			Max NC: 2
			HE ER SU PPDU 4x HE-LTF 0.8us GI
			HE ER SU PPDU 1x HE-LTF 0.8us GI
			TX 1024-QAM
			RX 1024-QAM
		HE RX MCS and NSS set <= 80 MHz
			1 streams: MCS 0-11
			2 streams: MCS 0-11
			3 streams: not supported
			4 streams: not supported
			5 streams: not supported
			6 streams: not supported
			7 streams: not supported
			8 streams: not supported
		HE TX MCS and NSS set <= 80 MHz
			1 streams: MCS 0-11
			2 streams: MCS 0-11
			3 streams: not supported
			4 streams: not supported
			5 streams: not supported
			6 streams: not supported
			7 streams: not supported
			8 streams: not supported
		PPE Threshold 0x39 0x1c 0xc7 0x71 0x1c 0x07 
BSS 24:0b:2a:bf:e8:8d(on wlxd0374542d42e)
	TSF: 76177715292 usec (0d, 21:09:37)
	freq: 5180.0
	beacon interval: 100 TUs
	capability: ESS Privacy ShortPreamble SpectrumMgmt APSD RadioMeasure (0x1931)
	signal: -55.00 dBm
	last seen: 7512 ms ago
	SSID: LeTTM2
	Supported rates: 6.0* 9.0 12.0* 18.0 24.0* 36.0 48.0 54.0 
	DS Parameter set: channel 36
	TIM: DTIM Count 0 DTIM Period 1 Bitmap Control 0x0 Bitmap[0] 0x0
	Country: VN	Environment: bogus
		Channels [36 - 64] @ 30 dBm
		Channels [100 - 120] @ 30 dBm
		Channels [149 - 161] @ 30 dBm
	Power constraint: 0 dB
	TPC report: TX power: 22 dBm
	Transmit Power Envelope:
	RM enabled capabilities:
		Capabilities: 0x02 0x00 0x01 0x00 0x00
			Neighbor Report
			AP Channel Report
		Nonoperating Channel Max Measurement Duration: 0
		Measurement Pilot Capability: 0
	AP Channel Report:
		 * operating class: 128
		 * channel(s): 42 58 106 122
	RSN:	 * Version: 1
		 * Group cipher: CCMP
		 * Pairwise ciphers: CCMP
		 * Authentication suites: PSK
		 * Capabilities: 1-PTKSA-RC 1-GTKSA-RC (0x0000)
	BSS Load:
		 * station count: 0
		 * channel utilisation: 38/255
		 * available admission capacity: 31250 [*32us]
	802.11u Interworking:
		Network Options: 0x0
			Network Type: 0 (Private)
		Venue Group: 2 (Business)
		Venue Type: 8
		HESSID: 24:0b:2a:bf:e8:8d
	802.11u Advertisement:
		Query Response Info: 0x7f
			Query Response Length Limit: 127
			ANQP
	HT capabilities:
		Capabilities: 0x9ef
			RX LDPC
			HT20/HT40
			SM Power Save disabled
			RX HT20 SGI
			RX HT40 SGI
			TX STBC
			RX STBC 1-stream
			Max AMSDU length: 7935 bytes
			No DSSS/CCK HT40
		Maximum RX AMPDU length 65535 bytes (exponent: 0x003)
		Minimum RX AMPDU time spacing: 4 usec (0x05)
		HT RX MCS rate indexes supported: 0-15
		HT TX MCS rate indexes are undefined
	HT operation:
		 * primary channel: 36
		 * secondary channel offset: above
		 * STA channel width: any
		 * RIFS: 0
		 * HT protection: no
		 * non-GF present: 1
		 * OBSS non-GF present: 0
		 * dual beacon: 0
		 * dual CTS protection: 0
		 * STBC beacon: 0
		 * L-SIG TXOP Prot: 0
		 * PCO active: 0
		 * PCO phase: 0
	VHT capabilities:
		VHT Capabilities (0x33c979b2):
			Max MPDU length: 11454
			Supported Channel Width: neither 160 nor 80+80
			RX LDPC
			short GI (80 MHz)
			TX STBC
			SU Beamformer
			SU Beamformee
			MU Beamformer
			+HTC-VHT
			RX antenna pattern consistency
			TX antenna pattern consistency
		VHT RX MCS set:
			1 streams: MCS 0-9
			2 streams: MCS 0-9
			3 streams: not supported
			4 streams: not supported
			5 streams: not supported
			6 streams: not supported
			7 streams: not supported
			8 streams: not supported
		VHT RX highest supported: 780 Mbps
		VHT TX MCS set:
			1 streams: MCS 0-9
			2 streams: MCS 0-9
			3 streams: not supported
			4 streams: not supported
			5 streams: not supported
			6 streams: not supported
			7 streams: not supported
			8 streams: not supported
		VHT TX highest supported: 780 Mbps
		VHT extended NSS: supported
	VHT operation:
		 * channel width: 1 (80 MHz)
		 * center freq segment 1: 42
		 * center freq segment 2: 0
		 * VHT basic MCS set: 0xfffc
	Extended capabilities:
		 * BSS Transition
		 * Interworking
		 * WNM-Notification
		 * Operating Mode Notification
		 * TWT Responder Support
		 * Max Number Of MSDUs In A-MSDU is unlimited
	WMM:	 * Parameter version 1
		 * u-APSD
		 * BE: CW 15-1023, AIFSN 3
		 * BK: CW 15-1023, AIFSN 7
		 * VI: CW 7-15, AIFSN 2, TXOP 3008 usec
		 * VO: CW 3-7, AIFSN 2, TXOP 1504 usec
	HE capabilities:
		HE MAC Capabilities (0x00051a081044):
			+HTC HE Supported
			TWT Responder
			BSR
			OM Control
			Maximum A-MPDU Length Exponent: 3
			BQR
			A-MSDU in A-MPDU
			OM Control UL MU Data Disable RX
		HE PHY Capabilities: (0x0420ce926f09af08110c00):
			HE40/HE80/5GHz
			LDPC Coding in Payload
			NDP with 4x HE-LTF and 3.2us GI
			STBC Tx <= 80MHz
			STBC Rx <= 80MHz
			Full Bandwidth UL MU-MIMO
			Partial Bandwidth UL MU-MIMO
			DCM Max Constellation: 2
			DCM Max Constellation Rx: 2
			SU Beamformer
			SU Beamformee
			MU Beamformer
			Beamformee STS <= 80Mhz: 3
			Beamformee STS > 80Mhz: 3
			Sounding Dimensions <= 80Mhz: 1
			Sounding Dimensions > 80Mhz: 1
			Codebook Size SU Feedback
			Codebook Size MU Feedback
			Triggered SU Beamforming Feedback
			Triggered MU Beamforming Feedback
			Partial Bandwidth Extended Range
			PPE Threshold Present
			Max NC: 1
			HE ER SU PPDU 4x HE-LTF 0.8us GI
			HE ER SU PPDU 1x HE-LTF 0.8us GI
			TX 1024-QAM
			RX 1024-QAM
		HE RX MCS and NSS set <= 80 MHz
			1 streams: MCS 0-11
			2 streams: MCS 0-11
			3 streams: not supported
			4 streams: not supported
			5 streams: not supported
			6 streams: not supported
			7 streams: not supported
			8 streams: not supported
		HE TX MCS and NSS set <= 80 MHz
			1 streams: MCS 0-11
			2 streams: MCS 0-11
			3 streams: not supported
			4 streams: not supported
			5 streams: not supported
			6 streams: not supported
			7 streams: not supported
			8 streams: not supported
		PPE Threshold 0x39 0x1c 0xc7 0x71 0x1c 0x07 
BSS 26:0b:2a:bf:e8:8c(on wlxd0374542d42e)
	TSF: 76177715293 usec (0d, 21:09:37)
	freq: 5180.0
	beacon interval: 100 TUs
	capability: ESS Privacy ShortPreamble SpectrumMgmt APSD RadioMeasure (0x1931)
	signal: -55.00 dBm
	last seen: 7507 ms ago
	Supported rates: 6.0* 9.0 12.0* 18.0 24.0* 36.0 48.0 54.0 
	DS Parameter set: channel 36
	TIM: DTIM Count 0 DTIM Period 1 Bitmap Control 0x0 Bitmap[0] 0x0
	Country: VN	Environment: bogus
		Channels [36 - 64] @ 30 dBm
		Channels [100 - 120] @ 30 dBm
		Channels [149 - 161] @ 30 dBm
	Power constraint: 0 dB
	TPC report: TX power: 22 dBm
	Transmit Power Envelope:
	RM enabled capabilities:
		Capabilities: 0x02 0x00 0x01 0x00 0x00
			Neighbor Report
			AP Channel Report
		Nonoperating Channel Max Measurement Duration: 0
		Measurement Pilot Capability: 0
	AP Channel Report:
		 * operating class: 128
		 * channel(s): 42 58 106 122
	RSN:	 * Version: 1
		 * Group cipher: CCMP
		 * Pairwise ciphers: CCMP
		 * Authentication suites: PSK SAE
		 * Capabilities: 1-PTKSA-RC 1-GTKSA-RC MFP-capable (0x0080)
		 * 0 PMKIDs
		 * Group mgmt cipher suite: AES-128-CMAC
	BSS Load:
		 * station count: 2
		 * channel utilisation: 38/255
		 * available admission capacity: 31250 [*32us]
	HT capabilities:
		Capabilities: 0x9ef
			RX LDPC
			HT20/HT40
			SM Power Save disabled
			RX HT20 SGI
			RX HT40 SGI
			TX STBC
			RX STBC 1-stream
			Max AMSDU length: 7935 bytes
			No DSSS/CCK HT40
		Maximum RX AMPDU length 65535 bytes (exponent: 0x003)
		Minimum RX AMPDU time spacing: 4 usec (0x05)
		HT RX MCS rate indexes supported: 0-15
		HT TX MCS rate indexes are undefined
	HT operation:
		 * primary channel: 36
		 * secondary channel offset: above
		 * STA channel width: any
		 * RIFS: 0
		 * HT protection: no
		 * non-GF present: 1
		 * OBSS non-GF present: 0
		 * dual beacon: 0
		 * dual CTS protection: 0
		 * STBC beacon: 0
		 * L-SIG TXOP Prot: 0
		 * PCO active: 0
		 * PCO phase: 0
	VHT capabilities:
		VHT Capabilities (0x33c979b2):
			Max MPDU length: 11454
			Supported Channel Width: neither 160 nor 80+80
			RX LDPC
			short GI (80 MHz)
			TX STBC
			SU Beamformer
			SU Beamformee
			MU Beamformer
			+HTC-VHT
			RX antenna pattern consistency
			TX antenna pattern consistency
		VHT RX MCS set:
			1 streams: MCS 0-9
			2 streams: MCS 0-9
			3 streams: not supported
			4 streams: not supported
			5 streams: not supported
			6 streams: not supported
			7 streams: not supported
			8 streams: not supported
		VHT RX highest supported: 780 Mbps
		VHT TX MCS set:
			1 streams: MCS 0-9
			2 streams: MCS 0-9
			3 streams: not supported
			4 streams: not supported
			5 streams: not supported
			6 streams: not supported
			7 streams: not supported
			8 streams: not supported
		VHT TX highest supported: 780 Mbps
		VHT extended NSS: supported
	VHT operation:
		 * channel width: 1 (80 MHz)
		 * center freq segment 1: 42
		 * center freq segment 2: 0
		 * VHT basic MCS set: 0xfffc
	Extended capabilities:
		 * BSS Transition
		 * Interworking
		 * Operating Mode Notification
		 * TWT Responder Support
		 * Max Number Of MSDUs In A-MSDU is unlimited
	WMM:	 * Parameter version 1
		 * u-APSD
		 * BE: CW 15-1023, AIFSN 3
		 * BK: CW 15-1023, AIFSN 7
		 * VI: CW 7-15, AIFSN 2, TXOP 3008 usec
		 * VO: CW 3-7, AIFSN 2, TXOP 1504 usec
	HE capabilities:
		HE MAC Capabilities (0x00051a081044):
			+HTC HE Supported
			TWT Responder
			BSR
			OM Control
			Maximum A-MPDU Length Exponent: 3
			BQR
			A-MSDU in A-MPDU
			OM Control UL MU Data Disable RX
		HE PHY Capabilities: (0x0420ce926f09af08110c00):
			HE40/HE80/5GHz
			LDPC Coding in Payload
			NDP with 4x HE-LTF and 3.2us GI
			STBC Tx <= 80MHz
			STBC Rx <= 80MHz
			Full Bandwidth UL MU-MIMO
			Partial Bandwidth UL MU-MIMO
			DCM Max Constellation: 2
			DCM Max Constellation Rx: 2
			SU Beamformer
			SU Beamformee
			MU Beamformer
			Beamformee STS <= 80Mhz: 3
			Beamformee STS > 80Mhz: 3
			Sounding Dimensions <= 80Mhz: 1
			Sounding Dimensions > 80Mhz: 1
			Codebook Size SU Feedback
			Codebook Size MU Feedback
			Triggered SU Beamforming Feedback
			Triggered MU Beamforming Feedback
			Partial Bandwidth Extended Range
			PPE Threshold Present
			Max NC: 1
			HE ER SU PPDU 4x HE-LTF 0.8us GI
			HE ER SU PPDU 1x HE-LTF 0.8us GI
			TX 1024-QAM
			RX 1024-QAM
		HE RX MCS and NSS set <= 80 MHz
			1 streams: MCS 0-11
			2 streams: MCS 0-11
			3 streams: not supported
			4 streams: not supported
			5 streams: not supported
			6 streams: not supported
			7 streams: not supported
			8 streams: not supported
		HE TX MCS and NSS set <= 80 MHz
			1 streams: MCS 0-11
			2 streams: MCS 0-11
			3 streams: not supported
			4 streams: not supported
			5 streams: not supported
			6 streams: not supported
			7 streams: not supported
			8 streams: not supported
		PPE Threshold 0x39 0x1c 0xc7 0x71 0x1c 0x07 
BSS 26:0b:2a:78:20:26(on wlxd0374542d42e)
	TSF: 83765760094 usec (0d, 23:16:05)
	freq: 5180.0
	beacon interval: 100 TUs
	capability: ESS Privacy ShortPreamble SpectrumMgmt APSD RadioMeasure (0x1931)
	signal: -62.00 dBm
	last seen: 7512 ms ago
	Supported rates: 6.0* 9.0 12.0* 18.0 24.0* 36.0 48.0 54.0 
	DS Parameter set: channel 36
	TIM: DTIM Count 0 DTIM Period 1 Bitmap Control 0x0 Bitmap[0] 0x0
	Country: VN	Environment: Indoor/Outdoor
		Channels [36 - 64] @ 30 dBm
		Channels [100 - 120] @ 30 dBm
		Channels [149 - 161] @ 30 dBm
	Power constraint: 0 dB
	TPC report: TX power: 22 dBm
	Transmit Power Envelope:
	RM enabled capabilities:
		Capabilities: 0x02 0x00 0x01 0x00 0x00
			Neighbor Report
			AP Channel Report
		Nonoperating Channel Max Measurement Duration: 0
		Measurement Pilot Capability: 0
	AP Channel Report:
		 * operating class: 128
		 * channel(s): 42 58 106 122
	RSN:	 * Version: 1
		 * Group cipher: CCMP
		 * Pairwise ciphers: CCMP
		 * Authentication suites: PSK SAE
		 * Capabilities: 1-PTKSA-RC 1-GTKSA-RC MFP-capable (0x0080)
		 * 0 PMKIDs
		 * Group mgmt cipher suite: AES-128-CMAC
	BSS Load:
		 * station count: 0
		 * channel utilisation: 32/255
		 * available admission capacity: 31250 [*32us]
	HT capabilities:
		Capabilities: 0x9ef
			RX LDPC
			HT20/HT40
			SM Power Save disabled
			RX HT20 SGI
			RX HT40 SGI
			TX STBC
			RX STBC 1-stream
			Max AMSDU length: 7935 bytes
			No DSSS/CCK HT40
		Maximum RX AMPDU length 65535 bytes (exponent: 0x003)
		Minimum RX AMPDU time spacing: 4 usec (0x05)
		HT RX MCS rate indexes supported: 0-15, 32
		HT TX MCS rate indexes are undefined
	HT operation:
		 * primary channel: 36
		 * secondary channel offset: above
		 * STA channel width: any
		 * RIFS: 0
		 * HT protection: no
		 * non-GF present: 1
		 * OBSS non-GF present: 0
		 * dual beacon: 0
		 * dual CTS protection: 0
		 * STBC beacon: 0
		 * L-SIG TXOP Prot: 0
		 * PCO active: 0
		 * PCO phase: 0
	VHT capabilities:
		VHT Capabilities (0x33ca79b2):
			Max MPDU length: 11454
			Supported Channel Width: neither 160 nor 80+80
			RX LDPC
			short GI (80 MHz)
			TX STBC
			SU Beamformer
			SU Beamformee
			MU Beamformer
			+HTC-VHT
			RX antenna pattern consistency
			TX antenna pattern consistency
		VHT RX MCS set:
			1 streams: MCS 0-9
			2 streams: MCS 0-9
			3 streams: not supported
			4 streams: not supported
			5 streams: not supported
			6 streams: not supported
			7 streams: not supported
			8 streams: not supported
		VHT RX highest supported: 780 Mbps
		VHT TX MCS set:
			1 streams: MCS 0-9
			2 streams: MCS 0-9
			3 streams: not supported
			4 streams: not supported
			5 streams: not supported
			6 streams: not supported
			7 streams: not supported
			8 streams: not supported
		VHT TX highest supported: 780 Mbps
		VHT extended NSS: supported
	VHT operation:
		 * channel width: 1 (80 MHz)
		 * center freq segment 1: 42
		 * center freq segment 2: 0
		 * VHT basic MCS set: 0xfffc
	Extended capabilities:
		 * BSS Transition
		 * Interworking
		 * Operating Mode Notification
		 * Max Number Of MSDUs In A-MSDU is unlimited
	WMM:	 * Parameter version 1
		 * u-APSD
		 * BE: CW 15-1023, AIFSN 3
		 * BK: CW 15-1023, AIFSN 7
		 * VI: CW 7-15, AIFSN 2, TXOP 3008 usec
		 * VO: CW 3-7, AIFSN 2, TXOP 1504 usec
	HE capabilities:
		HE MAC Capabilities (0x00011a081044):
			+HTC HE Supported
			BSR
			OM Control
			Maximum A-MPDU Length Exponent: 3
			BQR
			A-MSDU in A-MPDU
			OM Control UL MU Data Disable RX
		HE PHY Capabilities: (0x0420ce926f12af10110c00):
			HE40/HE80/5GHz
			LDPC Coding in Payload
			NDP with 4x HE-LTF and 3.2us GI
			STBC Tx <= 80MHz
			STBC Rx <= 80MHz
			Full Bandwidth UL MU-MIMO
			Partial Bandwidth UL MU-MIMO
			DCM Max Constellation: 2
			DCM Max Constellation Rx: 2
			SU Beamformer
			SU Beamformee
			MU Beamformer
			Beamformee STS <= 80Mhz: 3
			Beamformee STS > 80Mhz: 3
			Sounding Dimensions <= 80Mhz: 2
			Sounding Dimensions > 80Mhz: 2
			Codebook Size SU Feedback
			Codebook Size MU Feedback
			Triggered SU Beamforming Feedback
			Triggered MU Beamforming Feedback
			Partial Bandwidth Extended Range
			PPE Threshold Present
			Max NC: 2
			HE ER SU PPDU 4x HE-LTF 0.8us GI
			HE ER SU PPDU 1x HE-LTF 0.8us GI
			TX 1024-QAM
			RX 1024-QAM
		HE RX MCS and NSS set <= 80 MHz
			1 streams: MCS 0-11
			2 streams: MCS 0-11
			3 streams: not supported
			4 streams: not supported
			5 streams: not supported
			6 streams: not supported
			7 streams: not supported
			8 streams: not supported
		HE TX MCS and NSS set <= 80 MHz
			1 streams: MCS 0-11
			2 streams: MCS 0-11
			3 streams: not supported
			4 streams: not supported
			5 streams: not supported
			6 streams: not supported
			7 streams: not supported
			8 streams: not supported
		PPE Threshold 0x39 0x1c 0xc7 0x71 0x1c 0x07 
BSS 72:98:83:11:02:00(on wlxd0374542d42e)
	TSF: 53733888065 usec (0d, 14:55:33)
	freq: 5180.0
	beacon interval: 100 TUs
	capability: ESS ShortPreamble SpectrumMgmt APSD RadioMeasure (0x1921)
	signal: -64.00 dBm
	last seen: 7509 ms ago
	SSID: MTK_CHEETAH_AP_5G
	Supported rates: 6.0* 9.0 12.0* 18.0 24.0* 36.0 48.0 54.0 
	DS Parameter set: channel 36
	TIM: DTIM Count 0 DTIM Period 1 Bitmap Control 0x0 Bitmap[0] 0x0
	Country: US	Environment: bogus
		Channels [36 - 64] @ 30 dBm
		Channels [100 - 116] @ 30 dBm
		Channels [132 - 140] @ 30 dBm
		Channels [149 - 165] @ 30 dBm
	Power constraint: 0 dB
	TPC report: TX power: 17 dBm
	Transmit Power Envelope:
	RM enabled capabilities:
		Capabilities: 0x02 0x00 0x01 0x00 0x00
			Neighbor Report
			AP Channel Report
		Nonoperating Channel Max Measurement Duration: 0
		Measurement Pilot Capability: 0
	AP Channel Report:
		 * operating class: 129
		 * channel(s): 50 114 163
	BSS Load:
		 * station count: 0
		 * channel utilisation: 23/255
		 * available admission capacity: 31250 [*32us]
	802.11u Interworking:
		Network Options: 0x0
			Network Type: 0 (Private)
		Venue Group: 0 (Unspecified)
		Venue Type: 8
		HESSID: 72:98:83:11:02:00
	802.11u Advertisement:
		Query Response Info: 0x7f
			Query Response Length Limit: 127
			ANQP
	HT capabilities:
		Capabilities: 0x9ef
			RX LDPC
			HT20/HT40
			SM Power Save disabled
			RX HT20 SGI
			RX HT40 SGI
			TX STBC
			RX STBC 1-stream
			Max AMSDU length: 7935 bytes
			No DSSS/CCK HT40
		Maximum RX AMPDU length 65535 bytes (exponent: 0x003)
		Minimum RX AMPDU time spacing: 2 usec (0x04)
		HT RX MCS rate indexes supported: 0-15, 32
		HT TX MCS rate indexes are undefined
	HT operation:
		 * primary channel: 36
		 * secondary channel offset: above
		 * STA channel width: any
		 * RIFS: 0
		 * HT protection: no
		 * non-GF present: 0
		 * OBSS non-GF present: 0
		 * dual beacon: 0
		 * dual CTS protection: 0
		 * STBC beacon: 0
		 * L-SIG TXOP Prot: 0
		 * PCO active: 0
		 * PCO phase: 0
	VHT capabilities:
		VHT Capabilities (0x33ca79f6):
			Max MPDU length: 11454
			Supported Channel Width: 160 MHz
			RX LDPC
			short GI (80 MHz)
			short GI (160/80+80 MHz)
			TX STBC
			SU Beamformer
			SU Beamformee
			MU Beamformer
			+HTC-VHT
			RX antenna pattern consistency
			TX antenna pattern consistency
		VHT RX MCS set:
			1 streams: MCS 0-9
			2 streams: MCS 0-9
			3 streams: not supported
			4 streams: not supported
			5 streams: not supported
			6 streams: not supported
			7 streams: not supported
			8 streams: not supported
		VHT RX highest supported: 1560 Mbps
		VHT TX MCS set:
			1 streams: MCS 0-9
			2 streams: MCS 0-9
			3 streams: not supported
			4 streams: not supported
			5 streams: not supported
			6 streams: not supported
			7 streams: not supported
			8 streams: not supported
		VHT TX highest supported: 1560 Mbps
		VHT extended NSS: supported
	VHT operation:
		 * channel width: 1 (80 MHz)
		 * center freq segment 1: 42
		 * center freq segment 2: 50
		 * VHT basic MCS set: 0xfffc
	Extended capabilities:
		 * BSS Transition
		 * Interworking
		 * WNM-Notification
		 * Operating Mode Notification
		 * TWT Responder Support
		 * 85
		 * Max Number Of MSDUs In A-MSDU is unlimited
	WMM:	 * Parameter version 1
		 * u-APSD
		 * BE: CW 15-1023, AIFSN 3
		 * BK: CW 15-1023, AIFSN 7
		 * VI: CW 7-15, AIFSN 2, TXOP 3008 usec
		 * VO: CW 3-7, AIFSN 2, TXOP 1504 usec
	HE capabilities:
		HE MAC Capabilities (0x00051a081044):
			+HTC HE Supported
			TWT Responder
			BSR
			OM Control
			Maximum A-MPDU Length Exponent: 3
			BQR
			A-MSDU in A-MPDU
			OM Control UL MU Data Disable RX
		HE PHY Capabilities: (0x0c20ce926f12afd0110c00):
			HE40/HE80/5GHz
			HE160/5GHz
			LDPC Coding in Payload
			NDP with 4x HE-LTF and 3.2us GI
			STBC Tx <= 80MHz
			STBC Rx <= 80MHz
			Full Bandwidth UL MU-MIMO
			Partial Bandwidth UL MU-MIMO
			DCM Max Constellation: 2
			DCM Max Constellation Rx: 2
			SU Beamformer
			SU Beamformee
			MU Beamformer
			Beamformee STS <= 80Mhz: 3
			Beamformee STS > 80Mhz: 3
			Sounding Dimensions <= 80Mhz: 2
			Sounding Dimensions > 80Mhz: 2
			Codebook Size SU Feedback
			Codebook Size MU Feedback
			Triggered SU Beamforming Feedback
			Triggered MU Beamforming Feedback
			Partial Bandwidth Extended Range
			PPE Threshold Present
			Max NC: 2
			STBC Tx > 80MHz
			STBC Rx > 80MHz
			HE ER SU PPDU 4x HE-LTF 0.8us GI
			HE ER SU PPDU 1x HE-LTF 0.8us GI
			TX 1024-QAM
			RX 1024-QAM
		HE RX MCS and NSS set <= 80 MHz
			1 streams: MCS 0-11
			2 streams: MCS 0-11
			3 streams: not supported
			4 streams: not supported
			5 streams: not supported
			6 streams: not supported
			7 streams: not supported
			8 streams: not supported
		HE TX MCS and NSS set <= 80 MHz
			1 streams: MCS 0-11
			2 streams: MCS 0-11
			3 streams: not supported
			4 streams: not supported
			5 streams: not supported
			6 streams: not supported
			7 streams: not supported
			8 streams: not supported
		HE RX MCS and NSS set 160 MHz
			1 streams: MCS 0-11
			2 streams: MCS 0-11
			3 streams: not supported
			4 streams: not supported
			5 streams: not supported
			6 streams: not supported
			7 streams: not supported
			8 streams: not supported
		HE TX MCS and NSS set 160 MHz
			1 streams: MCS 0-11
			2 streams: MCS 0-11
			3 streams: not supported
			4 streams: not supported
			5 streams: not supported
			6 streams: not supported
			7 streams: not supported
			8 streams: not supported
		PPE Threshold 0x79 0x1c 0xc7 0x71 0x1c 0xc7 0x71 
BSS 64:6e:60:46:2c:d3(on wlxd0374542d42e)
	TSF: 236029246915 usec (2d, 17:33:49)
	freq: 5180.0
	beacon interval: 100 TUs
	capability: ESS Privacy ShortPreamble APSD RadioMeasure (0x1831)
	signal: -42.00 dBm
	last seen: 29 ms ago
	Information elements from Probe Response frame:
	SSID: ZTE_5G
	Supported rates: 6.0* 9.0 12.0* 18.0 24.0* 36.0 48.0 54.0 
	DS Parameter set: channel 36
	ERP: Barker_Preamble_Mode
	RSN:	 * Version: 1
		 * Group cipher: CCMP
		 * Pairwise ciphers: CCMP
		 * Authentication suites: PSK SAE
		 * Capabilities: 1-PTKSA-RC 1-GTKSA-RC MFP-capable (0x0080)
		 * 0 PMKIDs
		 * Group mgmt cipher suite: AES-128-CMAC
	HT capabilities:
		Capabilities: 0x9ef
			RX LDPC
			HT20/HT40
			SM Power Save disabled
			RX HT20 SGI
			RX HT40 SGI
			TX STBC
			RX STBC 1-stream
			Max AMSDU length: 7935 bytes
			No DSSS/CCK HT40
		Maximum RX AMPDU length 65535 bytes (exponent: 0x003)
		Minimum RX AMPDU time spacing: 2 usec (0x04)
		HT RX MCS rate indexes supported: 0-15
		HT TX MCS rate indexes are undefined
	HT operation:
		 * primary channel: 36
		 * secondary channel offset: above
		 * STA channel width: any
		 * RIFS: 0
		 * HT protection: no
		 * non-GF present: 1
		 * OBSS non-GF present: 0
		 * dual beacon: 0
		 * dual CTS protection: 0
		 * STBC beacon: 0
		 * L-SIG TXOP Prot: 0
		 * PCO active: 0
		 * PCO phase: 0
	Extended capabilities:
		 * BSS Transition
		 * Operating Mode Notification
		 * Max Number Of MSDUs In A-MSDU is unlimited
	BSS Load:
		 * station count: 2
		 * channel utilisation: 0/255
		 * available admission capacity: 31250 [*32us]
	WMM:	 * Parameter version 1
		 * u-APSD
		 * BE: CW 15-1023, AIFSN 3
		 * BK: CW 15-1023, AIFSN 7
		 * VI: CW 7-15, AIFSN 2, TXOP 3008 usec
		 * VO: CW 3-7, AIFSN 2, TXOP 1504 usec
	RM enabled capabilities:
		Capabilities: 0x02 0x00 0x01 0x00 0x00
			Neighbor Report
			AP Channel Report
		Nonoperating Channel Max Measurement Duration: 0
		Measurement Pilot Capability: 0
	AP Channel Report:
		 * operating class: 128
		 * channel(s): 42 58 106 122
	Power constraint: 0 dB
	Transmit Power Envelope:
	Country: VN	Environment: Indoor/Outdoor
		Channels [42 - 54] @ -1 dBm
	VHT capabilities:
		VHT Capabilities (0x33ca79b2):
			Max MPDU length: 11454
			Supported Channel Width: neither 160 nor 80+80
			RX LDPC
			short GI (80 MHz)
			TX STBC
			SU Beamformer
			SU Beamformee
			MU Beamformer
			+HTC-VHT
			RX antenna pattern consistency
			TX antenna pattern consistency
		VHT RX MCS set:
			1 streams: MCS 0-9
			2 streams: MCS 0-9
			3 streams: not supported
			4 streams: not supported
			5 streams: not supported
			6 streams: not supported
			7 streams: not supported
			8 streams: not supported
		VHT RX highest supported: 780 Mbps
		VHT TX MCS set:
			1 streams: MCS 0-9
			2 streams: MCS 0-9
			3 streams: not supported
			4 streams: not supported
			5 streams: not supported
			6 streams: not supported
			7 streams: not supported
			8 streams: not supported
		VHT TX highest supported: 780 Mbps
		VHT extended NSS: supported
	VHT operation:
		 * channel width: 1 (80 MHz)
		 * center freq segment 1: 42
		 * center freq segment 2: 0
		 * VHT basic MCS set: 0xfffc
	HE capabilities:
		HE MAC Capabilities (0x00011a081044):
			+HTC HE Supported
			BSR
			OM Control
			Maximum A-MPDU Length Exponent: 3
			BQR
			A-MSDU in A-MPDU
			OM Control UL MU Data Disable RX
		HE PHY Capabilities: (0x04200e926f12af10000c00):
			HE40/HE80/5GHz
			LDPC Coding in Payload
			NDP with 4x HE-LTF and 3.2us GI
			STBC Tx <= 80MHz
			STBC Rx <= 80MHz
			DCM Max Constellation: 2
			DCM Max Constellation Rx: 2
			SU Beamformer
			SU Beamformee
			MU Beamformer
			Beamformee STS <= 80Mhz: 3
			Beamformee STS > 80Mhz: 3
			Sounding Dimensions <= 80Mhz: 2
			Sounding Dimensions > 80Mhz: 2
			Codebook Size SU Feedback
			Codebook Size MU Feedback
			Triggered SU Beamforming Feedback
			Triggered MU Beamforming Feedback
			Partial Bandwidth Extended Range
			PPE Threshold Present
			Max NC: 2
			TX 1024-QAM
			RX 1024-QAM
		HE RX MCS and NSS set <= 80 MHz
			1 streams: MCS 0-11
			2 streams: MCS 0-11
			3 streams: not supported
			4 streams: not supported
			5 streams: not supported
			6 streams: not supported
			7 streams: not supported
			8 streams: not supported
		HE TX MCS and NSS set <= 80 MHz
			1 streams: MCS 0-11
			2 streams: MCS 0-11
			3 streams: not supported
			4 streams: not supported
			5 streams: not supported
			6 streams: not supported
			7 streams: not supported
			8 streams: not supported
		PPE Threshold 0x39 0x1c 0xc7 0x71 0x1c 0x07 
	WPS:	 * Version: 1.0
		 * Wi-Fi Protected Setup State: 2 (Configured)
		 * Response Type: 3 (AP)
		 * UUID: d5dcce80-3ae0-1cfc-8601-646e60162cd2
		 * Manufacturer: Ralink Technology, Corp.
		 * Model: Ralink Wireless Access Point
		 * Model Number: RT2860
		 * Serial Number: 12345678
		 * Primary Device Type: 6-0050f204-1
		 * Device name: RalinkAPS_4
		 * Config methods: Label, Display, PBC, Keypad
		 * RF Bands: 0x2
		 * Version2: 2.0
BSS 66:6e:60:76:2c:d3(on wlxd0374542d42e)
	TSF: 236029235262 usec (2d, 17:33:49)
	freq: 5180.0
	beacon interval: 100 TUs
	capability: ESS Privacy ShortPreamble APSD RadioMeasure (0x1831)
	signal: -42.00 dBm
	last seen: 7503 ms ago
	Supported rates: 6.0* 9.0 12.0* 18.0 24.0* 36.0 48.0 54.0 
	DS Parameter set: channel 36
	TIM: DTIM Count 0 DTIM Period 1 Bitmap Control 0x0 Bitmap[0] 0x0
	Country: VN	Environment: Indoor/Outdoor
		Channels [36 - 64] @ 30 dBm
		Channels [100 - 140] @ 30 dBm
		Channels [149 - 165] @ 30 dBm
	Power constraint: 0 dB
	Transmit Power Envelope:
	RM enabled capabilities:
		Capabilities: 0x02 0x00 0x01 0x00 0x00
			Neighbor Report
			AP Channel Report
		Nonoperating Channel Max Measurement Duration: 0
		Measurement Pilot Capability: 0
	AP Channel Report:
		 * operating class: 128
		 * channel(s): 42 58 106 122
	RSN:	 * Version: 1
		 * Group cipher: CCMP
		 * Pairwise ciphers: CCMP
		 * Authentication suites: PSK
		 * Capabilities: 1-PTKSA-RC 1-GTKSA-RC (0x0000)
	BSS Load:
		 * station count: 0
		 * channel utilisation: 0/255
		 * available admission capacity: 31250 [*32us]
	HT capabilities:
		Capabilities: 0x9ef
			RX LDPC
			HT20/HT40
			SM Power Save disabled
			RX HT20 SGI
			RX HT40 SGI
			TX STBC
			RX STBC 1-stream
			Max AMSDU length: 7935 bytes
			No DSSS/CCK HT40
		Maximum RX AMPDU length 65535 bytes (exponent: 0x003)
		Minimum RX AMPDU time spacing: 2 usec (0x04)
		HT RX MCS rate indexes supported: 0-15
		HT TX MCS rate indexes are undefined
	HT operation:
		 * primary channel: 36
		 * secondary channel offset: above
		 * STA channel width: any
		 * RIFS: 0
		 * HT protection: no
		 * non-GF present: 1
		 * OBSS non-GF present: 0
		 * dual beacon: 0
		 * dual CTS protection: 0
		 * STBC beacon: 0
		 * L-SIG TXOP Prot: 0
		 * PCO active: 0
		 * PCO phase: 0
	VHT capabilities:
		VHT Capabilities (0x33ca79b2):
			Max MPDU length: 11454
			Supported Channel Width: neither 160 nor 80+80
			RX LDPC
			short GI (80 MHz)
			TX STBC
			SU Beamformer
			SU Beamformee
			MU Beamformer
			+HTC-VHT
			RX antenna pattern consistency
			TX antenna pattern consistency
		VHT RX MCS set:
			1 streams: MCS 0-9
			2 streams: MCS 0-9
			3 streams: not supported
			4 streams: not supported
			5 streams: not supported
			6 streams: not supported
			7 streams: not supported
			8 streams: not supported
		VHT RX highest supported: 780 Mbps
		VHT TX MCS set:
			1 streams: MCS 0-9
			2 streams: MCS 0-9
			3 streams: not supported
			4 streams: not supported
			5 streams: not supported
			6 streams: not supported
			7 streams: not supported
			8 streams: not supported
		VHT TX highest supported: 780 Mbps
		VHT extended NSS: supported
	VHT operation:
		 * channel width: 1 (80 MHz)
		 * center freq segment 1: 42
		 * center freq segment 2: 0
		 * VHT basic MCS set: 0xfffc
	Extended capabilities:
		 * BSS Transition
		 * Operating Mode Notification
		 * Max Number Of MSDUs In A-MSDU is unlimited
	WMM:	 * Parameter version 1
		 * u-APSD
		 * BE: CW 15-1023, AIFSN 3
		 * BK: CW 15-1023, AIFSN 7
		 * VI: CW 7-15, AIFSN 2, TXOP 3008 usec
		 * VO: CW 3-7, AIFSN 2, TXOP 1504 usec
	HE capabilities:
		HE MAC Capabilities (0x00011a081044):
			+HTC HE Supported
			BSR
			OM Control
			Maximum A-MPDU Length Exponent: 3
			BQR
			A-MSDU in A-MPDU
			OM Control UL MU Data Disable RX
		HE PHY Capabilities: (0x04200e926f12af10000c00):
			HE40/HE80/5GHz
			LDPC Coding in Payload
			NDP with 4x HE-LTF and 3.2us GI
			STBC Tx <= 80MHz
			STBC Rx <= 80MHz
			DCM Max Constellation: 2
			DCM Max Constellation Rx: 2
			SU Beamformer
			SU Beamformee
			MU Beamformer
			Beamformee STS <= 80Mhz: 3
			Beamformee STS > 80Mhz: 3
			Sounding Dimensions <= 80Mhz: 2
			Sounding Dimensions > 80Mhz: 2
			Codebook Size SU Feedback
			Codebook Size MU Feedback
			Triggered SU Beamforming Feedback
			Triggered MU Beamforming Feedback
			Partial Bandwidth Extended Range
			PPE Threshold Present
			Max NC: 2
			TX 1024-QAM
			RX 1024-QAM
		HE RX MCS and NSS set <= 80 MHz
			1 streams: MCS 0-11
			2 streams: MCS 0-11
			3 streams: not supported
			4 streams: not supported
			5 streams: not supported
			6 streams: not supported
			7 streams: not supported
			8 streams: not supported
		HE TX MCS and NSS set <= 80 MHz
			1 streams: MCS 0-11
			2 streams: MCS 0-11
			3 streams: not supported
			4 streams: not supported
			5 streams: not supported
			6 streams: not supported
			7 streams: not supported
			8 streams: not supported
		PPE Threshold 0x39 0x1c 0xc7 0x71 0x1c 0x07 
BSS 26:0b:2a:c1:ba:50(on wlxd0374542d42e)
	TSF: 236032102612 usec (2d, 17:33:52)
	freq: 5200.0
	beacon interval: 100 TUs
	capability: ESS Privacy ShortPreamble SpectrumMgmt RadioMeasure (0x1131)
	signal: -58.00 dBm
	last seen: 7210 ms ago
	SSID: VIETTEL_cvkjhvbj
	Supported rates: 6.0* 9.0 12.0* 18.0 24.0* 36.0 48.0 54.0 
	DS Parameter set: channel 40
	TIM: DTIM Count 0 DTIM Period 1 Bitmap Control 0x0 Bitmap[0] 0x0
	Country: VN	Environment: bogus
		Channels [36 - 64] @ 30 dBm
		Channels [100 - 120] @ 30 dBm
		Channels [149 - 161] @ 30 dBm
	Power constraint: 0 dB
	TPC report: TX power: 15 dBm
	Transmit Power Envelope:
	RM enabled capabilities:
		Capabilities: 0x02 0x00 0x01 0x00 0x00
			Neighbor Report
			AP Channel Report
		Nonoperating Channel Max Measurement Duration: 0
		Measurement Pilot Capability: 0
	AP Channel Report:
		 * operating class: 128
		 * channel(s): 42 58 106 122
	RSN:	 * Version: 1
		 * Group cipher: CCMP
		 * Pairwise ciphers: CCMP
		 * Authentication suites: PSK
		 * Capabilities: 1-PTKSA-RC 1-GTKSA-RC (0x0000)
	802.11u Interworking:
		Network Options: 0x0
			Network Type: 0 (Private)
		Venue Group: 2 (Business)
		Venue Type: 8
		HESSID: 00:00:00:00:00:00
	802.11u Advertisement:
		Query Response Info: 0x7f
			Query Response Length Limit: 127
			ANQP
	HT capabilities:
		Capabilities: 0x9ef
			RX LDPC
			HT20/HT40
			SM Power Save disabled
			RX HT20 SGI
			RX HT40 SGI
			TX STBC
			RX STBC 1-stream
			Max AMSDU length: 7935 bytes
			No DSSS/CCK HT40
		Maximum RX AMPDU length 65535 bytes (exponent: 0x003)
		Minimum RX AMPDU time spacing: 2 usec (0x04)
		HT RX MCS rate indexes supported: 0-15, 32
		HT TX MCS rate indexes are undefined
	HT operation:
		 * primary channel: 40
		 * secondary channel offset: below
		 * STA channel width: any
		 * RIFS: 0
		 * HT protection: no
		 * non-GF present: 0
		 * OBSS non-GF present: 0
		 * dual beacon: 0
		 * dual CTS protection: 0
		 * STBC beacon: 0
		 * L-SIG TXOP Prot: 0
		 * PCO active: 0
		 * PCO phase: 0
	VHT capabilities:
		VHT Capabilities (0x33ca79b2):
			Max MPDU length: 11454
			Supported Channel Width: neither 160 nor 80+80
			RX LDPC
			short GI (80 MHz)
			TX STBC
			SU Beamformer
			SU Beamformee
			MU Beamformer
			+HTC-VHT
			RX antenna pattern consistency
			TX antenna pattern consistency
		VHT RX MCS set:
			1 streams: MCS 0-9
			2 streams: MCS 0-9
			3 streams: not supported
			4 streams: not supported
			5 streams: not supported
			6 streams: not supported
			7 streams: not supported
			8 streams: not supported
		VHT RX highest supported: 780 Mbps
		VHT TX MCS set:
			1 streams: MCS 0-9
			2 streams: MCS 0-9
			3 streams: not supported
			4 streams: not supported
			5 streams: not supported
			6 streams: not supported
			7 streams: not supported
			8 streams: not supported
		VHT TX highest supported: 780 Mbps
		VHT extended NSS: supported
	VHT operation:
		 * channel width: 1 (80 MHz)
		 * center freq segment 1: 42
		 * center freq segment 2: 0
		 * VHT basic MCS set: 0xfffc
	Extended capabilities:
		 * BSS Transition
		 * Interworking
		 * Operating Mode Notification
		 * TWT Responder Support
		 * 85
		 * Max Number Of MSDUs In A-MSDU is unlimited
	WMM:	 * Parameter version 1
		 * BE: CW 15-1023, AIFSN 3
		 * BK: CW 15-1023, AIFSN 7
		 * VI: CW 7-15, AIFSN 2, TXOP 3008 usec
		 * VO: CW 3-7, AIFSN 2, TXOP 1504 usec
	HE capabilities:
		HE MAC Capabilities (0x00051a081044):
			+HTC HE Supported
			TWT Responder
			BSR
			OM Control
			Maximum A-MPDU Length Exponent: 3
			BQR
			A-MSDU in A-MPDU
			OM Control UL MU Data Disable RX
		HE PHY Capabilities: (0x0420ce926f12af10110c00):
			HE40/HE80/5GHz
			LDPC Coding in Payload
			NDP with 4x HE-LTF and 3.2us GI
			STBC Tx <= 80MHz
			STBC Rx <= 80MHz
			Full Bandwidth UL MU-MIMO
			Partial Bandwidth UL MU-MIMO
			DCM Max Constellation: 2
			DCM Max Constellation Rx: 2
			SU Beamformer
			SU Beamformee
			MU Beamformer
			Beamformee STS <= 80Mhz: 3
			Beamformee STS > 80Mhz: 3
			Sounding Dimensions <= 80Mhz: 2
			Sounding Dimensions > 80Mhz: 2
			Codebook Size SU Feedback
			Codebook Size MU Feedback
			Triggered SU Beamforming Feedback
			Triggered MU Beamforming Feedback
			Partial Bandwidth Extended Range
			PPE Threshold Present
			Max NC: 2
			HE ER SU PPDU 4x HE-LTF 0.8us GI
			HE ER SU PPDU 1x HE-LTF 0.8us GI
			TX 1024-QAM
			RX 1024-QAM
		HE RX MCS and NSS set <= 80 MHz
			1 streams: MCS 0-11
			2 streams: MCS 0-11
			3 streams: not supported
			4 streams: not supported
			5 streams: not supported
			6 streams: not supported
			7 streams: not supported
			8 streams: not supported
		HE TX MCS and NSS set <= 80 MHz
			1 streams: MCS 0-11
			2 streams: MCS 0-11
			3 streams: not supported
			4 streams: not supported
			5 streams: not supported
			6 streams: not supported
			7 streams: not supported
			8 streams: not supported
		PPE Threshold 0x39 0x1c 0xc7 0x71 0x1c 0x07 
BSS 26:0b:2a:d1:ba:50(on wlxd0374542d42e)
	TSF: 236032109715 usec (2d, 17:33:52)
	freq: 5200.0
	beacon interval: 100 TUs
	capability: ESS Privacy ShortPreamble SpectrumMgmt RadioMeasure (0x1131)
	signal: -60.00 dBm
	last seen: 29 ms ago
	Information elements from Probe Response frame:
	SSID: VIETTEL_14654646888
	Supported rates: 6.0* 9.0 12.0* 18.0 24.0* 36.0 48.0 54.0 
	DS Parameter set: channel 40
	ERP: <no flags>
	RSN:	 * Version: 1
		 * Group cipher: CCMP
		 * Pairwise ciphers: CCMP
		 * Authentication suites: PSK
		 * Capabilities: 1-PTKSA-RC 1-GTKSA-RC (0x0000)
	HT capabilities:
		Capabilities: 0x9ef
			RX LDPC
			HT20/HT40
			SM Power Save disabled
			RX HT20 SGI
			RX HT40 SGI
			TX STBC
			RX STBC 1-stream
			Max AMSDU length: 7935 bytes
			No DSSS/CCK HT40
		Maximum RX AMPDU length 65535 bytes (exponent: 0x003)
		Minimum RX AMPDU time spacing: 2 usec (0x04)
		HT RX MCS rate indexes supported: 0-15, 32
		HT TX MCS rate indexes are undefined
	HT operation:
		 * primary channel: 40
		 * secondary channel offset: below
		 * STA channel width: any
		 * RIFS: 0
		 * HT protection: no
		 * non-GF present: 0
		 * OBSS non-GF present: 0
		 * dual beacon: 0
		 * dual CTS protection: 0
		 * STBC beacon: 0
		 * L-SIG TXOP Prot: 0
		 * PCO active: 0
		 * PCO phase: 0
	Extended capabilities:
		 * BSS Transition
		 * Interworking
		 * Operating Mode Notification
		 * TWT Responder Support
		 * 85
		 * Max Number Of MSDUs In A-MSDU is unlimited
	WMM:	 * Parameter version 1
		 * BE: CW 15-1023, AIFSN 3
		 * BK: CW 15-1023, AIFSN 7
		 * VI: CW 7-15, AIFSN 2, TXOP 3008 usec
		 * VO: CW 3-7, AIFSN 2, TXOP 1504 usec
	RM enabled capabilities:
		Capabilities: 0x02 0x00 0x01 0x00 0x00
			Neighbor Report
			AP Channel Report
		Nonoperating Channel Max Measurement Duration: 0
		Measurement Pilot Capability: 0
	AP Channel Report:
		 * operating class: 128
		 * channel(s): 42 58 106 122
	Power constraint: 0 dB
	TPC report: TX power: 15 dBm
	Transmit Power Envelope:
	Country: VN	Environment: bogus
		Channels [42 - 54] @ -1 dBm
	VHT capabilities:
		VHT Capabilities (0x33ca79b2):
			Max MPDU length: 11454
			Supported Channel Width: neither 160 nor 80+80
			RX LDPC
			short GI (80 MHz)
			TX STBC
			SU Beamformer
			SU Beamformee
			MU Beamformer
			+HTC-VHT
			RX antenna pattern consistency
			TX antenna pattern consistency
		VHT RX MCS set:
			1 streams: MCS 0-9
			2 streams: MCS 0-9
			3 streams: not supported
			4 streams: not supported
			5 streams: not supported
			6 streams: not supported
			7 streams: not supported
			8 streams: not supported
		VHT RX highest supported: 780 Mbps
		VHT TX MCS set:
			1 streams: MCS 0-9
			2 streams: MCS 0-9
			3 streams: not supported
			4 streams: not supported
			5 streams: not supported
			6 streams: not supported
			7 streams: not supported
			8 streams: not supported
		VHT TX highest supported: 780 Mbps
		VHT extended NSS: supported
	VHT operation:
		 * channel width: 1 (80 MHz)
		 * center freq segment 1: 42
		 * center freq segment 2: 0
		 * VHT basic MCS set: 0xfffc
	HE capabilities:
		HE MAC Capabilities (0x00051a081044):
			+HTC HE Supported
			TWT Responder
			BSR
			OM Control
			Maximum A-MPDU Length Exponent: 3
			BQR
			A-MSDU in A-MPDU
			OM Control UL MU Data Disable RX
		HE PHY Capabilities: (0x0420ce926f12af10110c00):
			HE40/HE80/5GHz
			LDPC Coding in Payload
			NDP with 4x HE-LTF and 3.2us GI
			STBC Tx <= 80MHz
			STBC Rx <= 80MHz
			Full Bandwidth UL MU-MIMO
			Partial Bandwidth UL MU-MIMO
			DCM Max Constellation: 2
			DCM Max Constellation Rx: 2
			SU Beamformer
			SU Beamformee
			MU Beamformer
			Beamformee STS <= 80Mhz: 3
			Beamformee STS > 80Mhz: 3
			Sounding Dimensions <= 80Mhz: 2
			Sounding Dimensions > 80Mhz: 2
			Codebook Size SU Feedback
			Codebook Size MU Feedback
			Triggered SU Beamforming Feedback
			Triggered MU Beamforming Feedback
			Partial Bandwidth Extended Range
			PPE Threshold Present
			Max NC: 2
			HE ER SU PPDU 4x HE-LTF 0.8us GI
			HE ER SU PPDU 1x HE-LTF 0.8us GI
			TX 1024-QAM
			RX 1024-QAM
		HE RX MCS and NSS set <= 80 MHz
			1 streams: MCS 0-11
			2 streams: MCS 0-11
			3 streams: not supported
			4 streams: not supported
			5 streams: not supported
			6 streams: not supported
			7 streams: not supported
			8 streams: not supported
		HE TX MCS and NSS set <= 80 MHz
			1 streams: MCS 0-11
			2 streams: MCS 0-11
			3 streams: not supported
			4 streams: not supported
			5 streams: not supported
			6 streams: not supported
			7 streams: not supported
			8 streams: not supported
		PPE Threshold 0x39 0x1c 0xc7 0x71 0x1c 0x07 
BSS 26:0b:2a:f1:ba:50(on wlxd0374542d42e)
	TSF: 236032102478 usec (2d, 17:33:52)
	freq: 5200.0
	beacon interval: 100 TUs
	capability: ESS Privacy ShortPreamble SpectrumMgmt RadioMeasure (0x1131)
	signal: -57.00 dBm
	last seen: 7202 ms ago
	Supported rates: 6.0* 9.0 12.0* 18.0 24.0* 36.0 48.0 54.0 
	DS Parameter set: channel 40
	TIM: DTIM Count 0 DTIM Period 1 Bitmap Control 0x0 Bitmap[0] 0x0
	Country: VN	Environment: bogus
		Channels [36 - 64] @ 30 dBm
		Channels [100 - 120] @ 30 dBm
		Channels [149 - 161] @ 30 dBm
	Power constraint: 0 dB
	TPC report: TX power: 15 dBm
	Transmit Power Envelope:
	RM enabled capabilities:
		Capabilities: 0x02 0x00 0x01 0x00 0x00
			Neighbor Report
			AP Channel Report
		Nonoperating Channel Max Measurement Duration: 0
		Measurement Pilot Capability: 0
	AP Channel Report:
		 * operating class: 128
		 * channel(s): 42 58 106 122
	RSN:	 * Version: 1
		 * Group cipher: CCMP
		 * Pairwise ciphers: CCMP
		 * Authentication suites: PSK SAE
		 * Capabilities: 1-PTKSA-RC 1-GTKSA-RC MFP-capable (0x0080)
		 * 0 PMKIDs
		 * Group mgmt cipher suite: AES-128-CMAC
	HT capabilities:
		Capabilities: 0x9ef
			RX LDPC
			HT20/HT40
			SM Power Save disabled
			RX HT20 SGI
			RX HT40 SGI
			TX STBC
			RX STBC 1-stream
			Max AMSDU length: 7935 bytes
			No DSSS/CCK HT40
		Maximum RX AMPDU length 65535 bytes (exponent: 0x003)
		Minimum RX AMPDU time spacing: 2 usec (0x04)
		HT RX MCS rate indexes supported: 0-15, 32
		HT TX MCS rate indexes are undefined
	HT operation:
		 * primary channel: 40
		 * secondary channel offset: below
		 * STA channel width: any
		 * RIFS: 0
		 * HT protection: no
		 * non-GF present: 0
		 * OBSS non-GF present: 0
		 * dual beacon: 0
		 * dual CTS protection: 0
		 * STBC beacon: 0
		 * L-SIG TXOP Prot: 0
		 * PCO active: 0
		 * PCO phase: 0
	VHT capabilities:
		VHT Capabilities (0x33ca79b2):
			Max MPDU length: 11454
			Supported Channel Width: neither 160 nor 80+80
			RX LDPC
			short GI (80 MHz)
			TX STBC
			SU Beamformer
			SU Beamformee
			MU Beamformer
			+HTC-VHT
			RX antenna pattern consistency
			TX antenna pattern consistency
		VHT RX MCS set:
			1 streams: MCS 0-9
			2 streams: MCS 0-9
			3 streams: not supported
			4 streams: not supported
			5 streams: not supported
			6 streams: not supported
			7 streams: not supported
			8 streams: not supported
		VHT RX highest supported: 780 Mbps
		VHT TX MCS set:
			1 streams: MCS 0-9
			2 streams: MCS 0-9
			3 streams: not supported
			4 streams: not supported
			5 streams: not supported
			6 streams: not supported
			7 streams: not supported
			8 streams: not supported
		VHT TX highest supported: 780 Mbps
		VHT extended NSS: supported
	VHT operation:
		 * channel width: 1 (80 MHz)
		 * center freq segment 1: 42
		 * center freq segment 2: 0
		 * VHT basic MCS set: 0xfffc
	Extended capabilities:
		 * BSS Transition
		 * Interworking
		 * Operating Mode Notification
		 * TWT Responder Support
		 * 85
		 * Max Number Of MSDUs In A-MSDU is unlimited
	WMM:	 * Parameter version 1
		 * BE: CW 15-1023, AIFSN 3
		 * BK: CW 15-1023, AIFSN 7
		 * VI: CW 7-15, AIFSN 2, TXOP 3008 usec
		 * VO: CW 3-7, AIFSN 2, TXOP 1504 usec
	HE capabilities:
		HE MAC Capabilities (0x00051a081044):
			+HTC HE Supported
			TWT Responder
			BSR
			OM Control
			Maximum A-MPDU Length Exponent: 3
			BQR
			A-MSDU in A-MPDU
			OM Control UL MU Data Disable RX
		HE PHY Capabilities: (0x0420ce926f12af10110c00):
			HE40/HE80/5GHz
			LDPC Coding in Payload
			NDP with 4x HE-LTF and 3.2us GI
			STBC Tx <= 80MHz
			STBC Rx <= 80MHz
			Full Bandwidth UL MU-MIMO
			Partial Bandwidth UL MU-MIMO
			DCM Max Constellation: 2
			DCM Max Constellation Rx: 2
			SU Beamformer
			SU Beamformee
			MU Beamformer
			Beamformee STS <= 80Mhz: 3
			Beamformee STS > 80Mhz: 3
			Sounding Dimensions <= 80Mhz: 2
			Sounding Dimensions > 80Mhz: 2
			Codebook Size SU Feedback
			Codebook Size MU Feedback
			Triggered SU Beamforming Feedback
			Triggered MU Beamforming Feedback
			Partial Bandwidth Extended Range
			PPE Threshold Present
			Max NC: 2
			HE ER SU PPDU 4x HE-LTF 0.8us GI
			HE ER SU PPDU 1x HE-LTF 0.8us GI
			TX 1024-QAM
			RX 1024-QAM
		HE RX MCS and NSS set <= 80 MHz
			1 streams: MCS 0-11
			2 streams: MCS 0-11
			3 streams: not supported
			4 streams: not supported
			5 streams: not supported
			6 streams: not supported
			7 streams: not supported
			8 streams: not supported
		HE TX MCS and NSS set <= 80 MHz
			1 streams: MCS 0-11
			2 streams: MCS 0-11
			3 streams: not supported
			4 streams: not supported
			5 streams: not supported
			6 streams: not supported
			7 streams: not supported
			8 streams: not supported
		PPE Threshold 0x39 0x1c 0xc7 0x71 0x1c 0x07 
BSS 26:0b:2a:c1:ba:41(on wlxd0374542d42e)
	TSF: 236032613748 usec (2d, 17:33:52)
	freq: 5200.0
	beacon interval: 100 TUs
	capability: ESS Privacy ShortPreamble SpectrumMgmt RadioMeasure (0x1131)
	signal: -47.00 dBm
	last seen: 29 ms ago
	Information elements from Probe Response frame:
	SSID: VIETTEL_cvkjhvbj
	Supported rates: 6.0* 9.0 12.0* 18.0 24.0* 36.0 48.0 54.0 
	DS Parameter set: channel 40
	ERP: <no flags>
	RSN:	 * Version: 1
		 * Group cipher: CCMP
		 * Pairwise ciphers: CCMP
		 * Authentication suites: PSK
		 * Capabilities: 1-PTKSA-RC 1-GTKSA-RC (0x0000)
	HT capabilities:
		Capabilities: 0x9ef
			RX LDPC
			HT20/HT40
			SM Power Save disabled
			RX HT20 SGI
			RX HT40 SGI
			TX STBC
			RX STBC 1-stream
			Max AMSDU length: 7935 bytes
			No DSSS/CCK HT40
		Maximum RX AMPDU length 65535 bytes (exponent: 0x003)
		Minimum RX AMPDU time spacing: 2 usec (0x04)
		HT RX MCS rate indexes supported: 0-15, 32
		HT TX MCS rate indexes are undefined
	HT operation:
		 * primary channel: 40
		 * secondary channel offset: below
		 * STA channel width: any
		 * RIFS: 0
		 * HT protection: no
		 * non-GF present: 0
		 * OBSS non-GF present: 0
		 * dual beacon: 0
		 * dual CTS protection: 0
		 * STBC beacon: 0
		 * L-SIG TXOP Prot: 0
		 * PCO active: 0
		 * PCO phase: 0
	Extended capabilities:
		 * BSS Transition
		 * Interworking
		 * Operating Mode Notification
		 * TWT Responder Support
		 * 85
		 * Max Number Of MSDUs In A-MSDU is unlimited
	802.11u Interworking:
		Network Options: 0x0
			Network Type: 0 (Private)
		Venue Group: 2 (Business)
		Venue Type: 8
		HESSID: 00:00:00:00:00:00
	802.11u Advertisement:
		Query Response Info: 0x7f
			Query Response Length Limit: 127
			ANQP
	WMM:	 * Parameter version 1
		 * BE: CW 15-1023, AIFSN 3
		 * BK: CW 15-1023, AIFSN 7
		 * VI: CW 7-15, AIFSN 2, TXOP 3008 usec
		 * VO: CW 3-7, AIFSN 2, TXOP 1504 usec
	RM enabled capabilities:
		Capabilities: 0x02 0x00 0x01 0x00 0x00
			Neighbor Report
			AP Channel Report
		Nonoperating Channel Max Measurement Duration: 0
		Measurement Pilot Capability: 0
	AP Channel Report:
		 * operating class: 128
		 * channel(s): 42 58 106 122
	Power constraint: 0 dB
	TPC report: TX power: 15 dBm
	Transmit Power Envelope:
	Country: VN	Environment: bogus
		Channels [42 - 54] @ -1 dBm
	VHT capabilities:
		VHT Capabilities (0x33ca79b2):
			Max MPDU length: 11454
			Supported Channel Width: neither 160 nor 80+80
			RX LDPC
			short GI (80 MHz)
			TX STBC
			SU Beamformer
			SU Beamformee
			MU Beamformer
			+HTC-VHT
			RX antenna pattern consistency
			TX antenna pattern consistency
		VHT RX MCS set:
			1 streams: MCS 0-9
			2 streams: MCS 0-9
			3 streams: not supported
			4 streams: not supported
			5 streams: not supported
			6 streams: not supported
			7 streams: not supported
			8 streams: not supported
		VHT RX highest supported: 780 Mbps
		VHT TX MCS set:
			1 streams: MCS 0-9
			2 streams: MCS 0-9
			3 streams: not supported
			4 streams: not supported
			5 streams: not supported
			6 streams: not supported
			7 streams: not supported
			8 streams: not supported
		VHT TX highest supported: 780 Mbps
		VHT extended NSS: supported
	VHT operation:
		 * channel width: 1 (80 MHz)
		 * center freq segment 1: 42
		 * center freq segment 2: 0
		 * VHT basic MCS set: 0xfffc
	HE capabilities:
		HE MAC Capabilities (0x00051a081044):
			+HTC HE Supported
			TWT Responder
			BSR
			OM Control
			Maximum A-MPDU Length Exponent: 3
			BQR
			A-MSDU in A-MPDU
			OM Control UL MU Data Disable RX
		HE PHY Capabilities: (0x0420ce926f12af10110c00):
			HE40/HE80/5GHz
			LDPC Coding in Payload
			NDP with 4x HE-LTF and 3.2us GI
			STBC Tx <= 80MHz
			STBC Rx <= 80MHz
			Full Bandwidth UL MU-MIMO
			Partial Bandwidth UL MU-MIMO
			DCM Max Constellation: 2
			DCM Max Constellation Rx: 2
			SU Beamformer
			SU Beamformee
			MU Beamformer
			Beamformee STS <= 80Mhz: 3
			Beamformee STS > 80Mhz: 3
			Sounding Dimensions <= 80Mhz: 2
			Sounding Dimensions > 80Mhz: 2
			Codebook Size SU Feedback
			Codebook Size MU Feedback
			Triggered SU Beamforming Feedback
			Triggered MU Beamforming Feedback
			Partial Bandwidth Extended Range
			PPE Threshold Present
			Max NC: 2
			HE ER SU PPDU 4x HE-LTF 0.8us GI
			HE ER SU PPDU 1x HE-LTF 0.8us GI
			TX 1024-QAM
			RX 1024-QAM
		HE RX MCS and NSS set <= 80 MHz
			1 streams: MCS 0-11
			2 streams: MCS 0-11
			3 streams: not supported
			4 streams: not supported
			5 streams: not supported
			6 streams: not supported
			7 streams: not supported
			8 streams: not supported
		HE TX MCS and NSS set <= 80 MHz
			1 streams: MCS 0-11
			2 streams: MCS 0-11
			3 streams: not supported
			4 streams: not supported
			5 streams: not supported
			6 streams: not supported
			7 streams: not supported
			8 streams: not supported
		PPE Threshold 0x39 0x1c 0xc7 0x71 0x1c 0x07 
BSS 26:0b:2a:d1:ba:41(on wlxd0374542d42e)
	TSF: 236032612165 usec (2d, 17:33:52)
	freq: 5200.0
	beacon interval: 100 TUs
	capability: ESS Privacy ShortPreamble SpectrumMgmt RadioMeasure (0x1131)
	signal: -47.00 dBm
	last seen: 29 ms ago
	Information elements from Probe Response frame:
	SSID: VIETTEL_14654646888
	Supported rates: 6.0* 9.0 12.0* 18.0 24.0* 36.0 48.0 54.0 
	DS Parameter set: channel 40
	ERP: <no flags>
	RSN:	 * Version: 1
		 * Group cipher: CCMP
		 * Pairwise ciphers: CCMP
		 * Authentication suites: PSK
		 * Capabilities: 1-PTKSA-RC 1-GTKSA-RC (0x0000)
	HT capabilities:
		Capabilities: 0x9ef
			RX LDPC
			HT20/HT40
			SM Power Save disabled
			RX HT20 SGI
			RX HT40 SGI
			TX STBC
			RX STBC 1-stream
			Max AMSDU length: 7935 bytes
			No DSSS/CCK HT40
		Maximum RX AMPDU length 65535 bytes (exponent: 0x003)
		Minimum RX AMPDU time spacing: 2 usec (0x04)
		HT RX MCS rate indexes supported: 0-15, 32
		HT TX MCS rate indexes are undefined
	HT operation:
		 * primary channel: 40
		 * secondary channel offset: below
		 * STA channel width: any
		 * RIFS: 0
		 * HT protection: no
		 * non-GF present: 0
		 * OBSS non-GF present: 0
		 * dual beacon: 0
		 * dual CTS protection: 0
		 * STBC beacon: 0
		 * L-SIG TXOP Prot: 0
		 * PCO active: 0
		 * PCO phase: 0
	Extended capabilities:
		 * BSS Transition
		 * Interworking
		 * Operating Mode Notification
		 * TWT Responder Support
		 * 85
		 * Max Number Of MSDUs In A-MSDU is unlimited
	WMM:	 * Parameter version 1
		 * BE: CW 15-1023, AIFSN 3
		 * BK: CW 15-1023, AIFSN 7
		 * VI: CW 7-15, AIFSN 2, TXOP 3008 usec
		 * VO: CW 3-7, AIFSN 2, TXOP 1504 usec
	RM enabled capabilities:
		Capabilities: 0x02 0x00 0x01 0x00 0x00
			Neighbor Report
			AP Channel Report
		Nonoperating Channel Max Measurement Duration: 0
		Measurement Pilot Capability: 0
	AP Channel Report:
		 * operating class: 128
		 * channel(s): 42 58 106 122
	Power constraint: 0 dB
	TPC report: TX power: 15 dBm
	Transmit Power Envelope:
	Country: VN	Environment: bogus
		Channels [42 - 54] @ -1 dBm
	VHT capabilities:
		VHT Capabilities (0x33ca79b2):
			Max MPDU length: 11454
			Supported Channel Width: neither 160 nor 80+80
			RX LDPC
			short GI (80 MHz)
			TX STBC
			SU Beamformer
			SU Beamformee
			MU Beamformer
			+HTC-VHT
			RX antenna pattern consistency
			TX antenna pattern consistency
		VHT RX MCS set:
			1 streams: MCS 0-9
			2 streams: MCS 0-9
			3 streams: not supported
			4 streams: not supported
			5 streams: not supported
			6 streams: not supported
			7 streams: not supported
			8 streams: not supported
		VHT RX highest supported: 780 Mbps
		VHT TX MCS set:
			1 streams: MCS 0-9
			2 streams: MCS 0-9
			3 streams: not supported
			4 streams: not supported
			5 streams: not supported
			6 streams: not supported
			7 streams: not supported
			8 streams: not supported
		VHT TX highest supported: 780 Mbps
		VHT extended NSS: supported
	VHT operation:
		 * channel width: 1 (80 MHz)
		 * center freq segment 1: 42
		 * center freq segment 2: 0
		 * VHT basic MCS set: 0xfffc
	HE capabilities:
		HE MAC Capabilities (0x00051a081044):
			+HTC HE Supported
			TWT Responder
			BSR
			OM Control
			Maximum A-MPDU Length Exponent: 3
			BQR
			A-MSDU in A-MPDU
			OM Control UL MU Data Disable RX
		HE PHY Capabilities: (0x0420ce926f12af10110c00):
			HE40/HE80/5GHz
			LDPC Coding in Payload
			NDP with 4x HE-LTF and 3.2us GI
			STBC Tx <= 80MHz
			STBC Rx <= 80MHz
			Full Bandwidth UL MU-MIMO
			Partial Bandwidth UL MU-MIMO
			DCM Max Constellation: 2
			DCM Max Constellation Rx: 2
			SU Beamformer
			SU Beamformee
			MU Beamformer
			Beamformee STS <= 80Mhz: 3
			Beamformee STS > 80Mhz: 3
			Sounding Dimensions <= 80Mhz: 2
			Sounding Dimensions > 80Mhz: 2
			Codebook Size SU Feedback
			Codebook Size MU Feedback
			Triggered SU Beamforming Feedback
			Triggered MU Beamforming Feedback
			Partial Bandwidth Extended Range
			PPE Threshold Present
			Max NC: 2
			HE ER SU PPDU 4x HE-LTF 0.8us GI
			HE ER SU PPDU 1x HE-LTF 0.8us GI
			TX 1024-QAM
			RX 1024-QAM
		HE RX MCS and NSS set <= 80 MHz
			1 streams: MCS 0-11
			2 streams: MCS 0-11
			3 streams: not supported
			4 streams: not supported
			5 streams: not supported
			6 streams: not supported
			7 streams: not supported
			8 streams: not supported
		HE TX MCS and NSS set <= 80 MHz
			1 streams: MCS 0-11
			2 streams: MCS 0-11
			3 streams: not supported
			4 streams: not supported
			5 streams: not supported
			6 streams: not supported
			7 streams: not supported
			8 streams: not supported
		PPE Threshold 0x39 0x1c 0xc7 0x71 0x1c 0x07 
BSS 26:0b:2a:9f:e8:5c(on wlxd0374542d42e)
	TSF: 235996569676 usec (2d, 17:33:16)
	freq: 5200.0
	beacon interval: 100 TUs
	capability: ESS Privacy ShortPreamble SpectrumMgmt APSD RadioMeasure (0x1931)
	signal: -44.00 dBm
	last seen: 7193 ms ago
	SSID: VIETTEL_cvkjhvbj
	Supported rates: 6.0* 9.0 12.0* 18.0 24.0* 36.0 48.0 54.0 
	DS Parameter set: channel 40
	TIM: DTIM Count 0 DTIM Period 1 Bitmap Control 0x0 Bitmap[0] 0x0
	Country: VN	Environment: Indoor/Outdoor
		Channels [36 - 64] @ 30 dBm
		Channels [100 - 120] @ 30 dBm
		Channels [149 - 161] @ 30 dBm
	Power constraint: 0 dB
	TPC report: TX power: 22 dBm
	Transmit Power Envelope:
	RM enabled capabilities:
		Capabilities: 0x02 0x00 0x01 0x00 0x00
			Neighbor Report
			AP Channel Report
		Nonoperating Channel Max Measurement Duration: 0
		Measurement Pilot Capability: 0
	AP Channel Report:
		 * operating class: 128
		 * channel(s): 42 58 106 122
	RSN:	 * Version: 1
		 * Group cipher: CCMP
		 * Pairwise ciphers: CCMP
		 * Authentication suites: PSK
		 * Capabilities: 1-PTKSA-RC 1-GTKSA-RC (0x0000)
	BSS Load:
		 * station count: 0
		 * channel utilisation: 35/255
		 * available admission capacity: 31250 [*32us]
	HT capabilities:
		Capabilities: 0x9ef
			RX LDPC
			HT20/HT40
			SM Power Save disabled
			RX HT20 SGI
			RX HT40 SGI
			TX STBC
			RX STBC 1-stream
			Max AMSDU length: 7935 bytes
			No DSSS/CCK HT40
		Maximum RX AMPDU length 65535 bytes (exponent: 0x003)
		Minimum RX AMPDU time spacing: 4 usec (0x05)
		HT RX MCS rate indexes supported: 0-15
		HT TX MCS rate indexes are undefined
	HT operation:
		 * primary channel: 40
		 * secondary channel offset: below
		 * STA channel width: any
		 * RIFS: 0
		 * HT protection: no
		 * non-GF present: 1
		 * OBSS non-GF present: 0
		 * dual beacon: 0
		 * dual CTS protection: 0
		 * STBC beacon: 0
		 * L-SIG TXOP Prot: 0
		 * PCO active: 0
		 * PCO phase: 0
	VHT capabilities:
		VHT Capabilities (0x33c979b2):
			Max MPDU length: 11454
			Supported Channel Width: neither 160 nor 80+80
			RX LDPC
			short GI (80 MHz)
			TX STBC
			SU Beamformer
			SU Beamformee
			MU Beamformer
			+HTC-VHT
			RX antenna pattern consistency
			TX antenna pattern consistency
		VHT RX MCS set:
			1 streams: MCS 0-9
			2 streams: MCS 0-9
			3 streams: not supported
			4 streams: not supported
			5 streams: not supported
			6 streams: not supported
			7 streams: not supported
			8 streams: not supported
		VHT RX highest supported: 780 Mbps
		VHT TX MCS set:
			1 streams: MCS 0-9
			2 streams: MCS 0-9
			3 streams: not supported
			4 streams: not supported
			5 streams: not supported
			6 streams: not supported
			7 streams: not supported
			8 streams: not supported
		VHT TX highest supported: 780 Mbps
		VHT extended NSS: supported
	VHT operation:
		 * channel width: 1 (80 MHz)
		 * center freq segment 1: 42
		 * center freq segment 2: 0
		 * VHT basic MCS set: 0xfffc
	Extended capabilities:
		 * BSS Transition
		 * Interworking
		 * Operating Mode Notification
		 * TWT Responder Support
		 * Max Number Of MSDUs In A-MSDU is unlimited
	WMM:	 * Parameter version 1
		 * u-APSD
		 * BE: CW 15-1023, AIFSN 3
		 * BK: CW 15-1023, AIFSN 7
		 * VI: CW 7-15, AIFSN 2, TXOP 3008 usec
		 * VO: CW 3-7, AIFSN 2, TXOP 1504 usec
	HE capabilities:
		HE MAC Capabilities (0x00051a081044):
			+HTC HE Supported
			TWT Responder
			BSR
			OM Control
			Maximum A-MPDU Length Exponent: 3
			BQR
			A-MSDU in A-MPDU
			OM Control UL MU Data Disable RX
		HE PHY Capabilities: (0x0420ce926f09af08110c00):
			HE40/HE80/5GHz
			LDPC Coding in Payload
			NDP with 4x HE-LTF and 3.2us GI
			STBC Tx <= 80MHz
			STBC Rx <= 80MHz
			Full Bandwidth UL MU-MIMO
			Partial Bandwidth UL MU-MIMO
			DCM Max Constellation: 2
			DCM Max Constellation Rx: 2
			SU Beamformer
			SU Beamformee
			MU Beamformer
			Beamformee STS <= 80Mhz: 3
			Beamformee STS > 80Mhz: 3
			Sounding Dimensions <= 80Mhz: 1
			Sounding Dimensions > 80Mhz: 1
			Codebook Size SU Feedback
			Codebook Size MU Feedback
			Triggered SU Beamforming Feedback
			Triggered MU Beamforming Feedback
			Partial Bandwidth Extended Range
			PPE Threshold Present
			Max NC: 1
			HE ER SU PPDU 4x HE-LTF 0.8us GI
			HE ER SU PPDU 1x HE-LTF 0.8us GI
			TX 1024-QAM
			RX 1024-QAM
		HE RX MCS and NSS set <= 80 MHz
			1 streams: MCS 0-11
			2 streams: MCS 0-11
			3 streams: not supported
			4 streams: not supported
			5 streams: not supported
			6 streams: not supported
			7 streams: not supported
			8 streams: not supported
		HE TX MCS and NSS set <= 80 MHz
			1 streams: MCS 0-11
			2 streams: MCS 0-11
			3 streams: not supported
			4 streams: not supported
			5 streams: not supported
			6 streams: not supported
			7 streams: not supported
			8 streams: not supported
		PPE Threshold 0x39 0x1c 0xc7 0x71 0x1c 0x07 
BSS 26:0b:2a:f1:ba:41(on wlxd0374542d42e)
	TSF: 236032614467 usec (2d, 17:33:52)
	freq: 5200.0
	beacon interval: 100 TUs
	capability: ESS Privacy ShortPreamble SpectrumMgmt RadioMeasure (0x1131)
	signal: -48.00 dBm
	last seen: 7192 ms ago
	Supported rates: 6.0* 9.0 12.0* 18.0 24.0* 36.0 48.0 54.0 
	DS Parameter set: channel 40
	TIM: DTIM Count 0 DTIM Period 1 Bitmap Control 0x0 Bitmap[0] 0x0
	Country: VN	Environment: bogus
		Channels [36 - 64] @ 30 dBm
		Channels [100 - 120] @ 30 dBm
		Channels [149 - 161] @ 30 dBm
	Power constraint: 0 dB
	TPC report: TX power: 15 dBm
	Transmit Power Envelope:
	RM enabled capabilities:
		Capabilities: 0x02 0x00 0x01 0x00 0x00
			Neighbor Report
			AP Channel Report
		Nonoperating Channel Max Measurement Duration: 0
		Measurement Pilot Capability: 0
	AP Channel Report:
		 * operating class: 128
		 * channel(s): 42 58 106 122
	RSN:	 * Version: 1
		 * Group cipher: CCMP
		 * Pairwise ciphers: CCMP
		 * Authentication suites: PSK SAE
		 * Capabilities: 1-PTKSA-RC 1-GTKSA-RC MFP-capable (0x0080)
		 * 0 PMKIDs
		 * Group mgmt cipher suite: AES-128-CMAC
	HT capabilities:
		Capabilities: 0x9ef
			RX LDPC
			HT20/HT40
			SM Power Save disabled
			RX HT20 SGI
			RX HT40 SGI
			TX STBC
			RX STBC 1-stream
			Max AMSDU length: 7935 bytes
			No DSSS/CCK HT40
		Maximum RX AMPDU length 65535 bytes (exponent: 0x003)
		Minimum RX AMPDU time spacing: 2 usec (0x04)
		HT RX MCS rate indexes supported: 0-15, 32
		HT TX MCS rate indexes are undefined
	HT operation:
		 * primary channel: 40
		 * secondary channel offset: below
		 * STA channel width: any
		 * RIFS: 0
		 * HT protection: no
		 * non-GF present: 0
		 * OBSS non-GF present: 0
		 * dual beacon: 0
		 * dual CTS protection: 0
		 * STBC beacon: 0
		 * L-SIG TXOP Prot: 0
		 * PCO active: 0
		 * PCO phase: 0
	VHT capabilities:
		VHT Capabilities (0x33ca79b2):
			Max MPDU length: 11454
			Supported Channel Width: neither 160 nor 80+80
			RX LDPC
			short GI (80 MHz)
			TX STBC
			SU Beamformer
			SU Beamformee
			MU Beamformer
			+HTC-VHT
			RX antenna pattern consistency
			TX antenna pattern consistency
		VHT RX MCS set:
			1 streams: MCS 0-9
			2 streams: MCS 0-9
			3 streams: not supported
			4 streams: not supported
			5 streams: not supported
			6 streams: not supported
			7 streams: not supported
			8 streams: not supported
		VHT RX highest supported: 780 Mbps
		VHT TX MCS set:
			1 streams: MCS 0-9
			2 streams: MCS 0-9
			3 streams: not supported
			4 streams: not supported
			5 streams: not supported
			6 streams: not supported
			7 streams: not supported
			8 streams: not supported
		VHT TX highest supported: 780 Mbps
		VHT extended NSS: supported
	VHT operation:
		 * channel width: 1 (80 MHz)
		 * center freq segment 1: 42
		 * center freq segment 2: 0
		 * VHT basic MCS set: 0xfffc
	Extended capabilities:
		 * BSS Transition
		 * Interworking
		 * Operating Mode Notification
		 * TWT Responder Support
		 * 85
		 * Max Number Of MSDUs In A-MSDU is unlimited
	WMM:	 * Parameter version 1
		 * BE: CW 15-1023, AIFSN 3
		 * BK: CW 15-1023, AIFSN 7
		 * VI: CW 7-15, AIFSN 2, TXOP 3008 usec
		 * VO: CW 3-7, AIFSN 2, TXOP 1504 usec
	HE capabilities:
		HE MAC Capabilities (0x00051a081044):
			+HTC HE Supported
			TWT Responder
			BSR
			OM Control
			Maximum A-MPDU Length Exponent: 3
			BQR
			A-MSDU in A-MPDU
			OM Control UL MU Data Disable RX
		HE PHY Capabilities: (0x0420ce926f12af10110c00):
			HE40/HE80/5GHz
			LDPC Coding in Payload
			NDP with 4x HE-LTF and 3.2us GI
			STBC Tx <= 80MHz
			STBC Rx <= 80MHz
			Full Bandwidth UL MU-MIMO
			Partial Bandwidth UL MU-MIMO
			DCM Max Constellation: 2
			DCM Max Constellation Rx: 2
			SU Beamformer
			SU Beamformee
			MU Beamformer
			Beamformee STS <= 80Mhz: 3
			Beamformee STS > 80Mhz: 3
			Sounding Dimensions <= 80Mhz: 2
			Sounding Dimensions > 80Mhz: 2
			Codebook Size SU Feedback
			Codebook Size MU Feedback
			Triggered SU Beamforming Feedback
			Triggered MU Beamforming Feedback
			Partial Bandwidth Extended Range
			PPE Threshold Present
			Max NC: 2
			HE ER SU PPDU 4x HE-LTF 0.8us GI
			HE ER SU PPDU 1x HE-LTF 0.8us GI
			TX 1024-QAM
			RX 1024-QAM
		HE RX MCS and NSS set <= 80 MHz
			1 streams: MCS 0-11
			2 streams: MCS 0-11
			3 streams: not supported
			4 streams: not supported
			5 streams: not supported
			6 streams: not supported
			7 streams: not supported
			8 streams: not supported
		HE TX MCS and NSS set <= 80 MHz
			1 streams: MCS 0-11
			2 streams: MCS 0-11
			3 streams: not supported
			4 streams: not supported
			5 streams: not supported
			6 streams: not supported
			7 streams: not supported
			8 streams: not supported
		PPE Threshold 0x39 0x1c 0xc7 0x71 0x1c 0x07 
BSS 4c:12:e8:f9:ae:08(on wlxd0374542d42e)
	TSF: 236043878500 usec (2d, 17:34:03)
	freq: 5220.0
	beacon interval: 100 TUs
	capability: ESS Privacy ShortPreamble SpectrumMgmt APSD RadioMeasure (0x1931)
	signal: -45.00 dBm
	last seen: 6928 ms ago
	SSID: VNPT-5G
	Supported rates: 6.0* 9.0 12.0* 18.0 24.0* 36.0 48.0 54.0 
	DS Parameter set: channel 44
	TIM: DTIM Count 0 DTIM Period 1 Bitmap Control 0x0 Bitmap[0] 0x0
	Country: US	Environment: bogus
		Channels [36 - 64] @ 30 dBm
		Channels [100 - 144] @ 30 dBm
		Channels [149 - 165] @ 30 dBm
	Power constraint: 0 dB
	TPC report: TX power: 19 dBm
	Transmit Power Envelope:
	RM enabled capabilities:
		Capabilities: 0x02 0x00 0x01 0x00 0x00
			Neighbor Report
			AP Channel Report
		Nonoperating Channel Max Measurement Duration: 0
		Measurement Pilot Capability: 0
	AP Channel Report:
		 * operating class: 128
		 * channel(s): 42 58 106 122 138 155 171
	RSN:	 * Version: 1
		 * Group cipher: CCMP
		 * Pairwise ciphers: CCMP
		 * Authentication suites: PSK SAE
		 * Capabilities: 1-PTKSA-RC 1-GTKSA-RC MFP-capable (0x0080)
		 * 0 PMKIDs
		 * Group mgmt cipher suite: AES-128-CMAC
	BSS Load:
		 * station count: 0
		 * channel utilisation: 43/255
		 * available admission capacity: 31250 [*32us]
	HT capabilities:
		Capabilities: 0x9ef
			RX LDPC
			HT20/HT40
			SM Power Save disabled
			RX HT20 SGI
			RX HT40 SGI
			TX STBC
			RX STBC 1-stream
			Max AMSDU length: 7935 bytes
			No DSSS/CCK HT40
		Maximum RX AMPDU length 65535 bytes (exponent: 0x003)
		Minimum RX AMPDU time spacing: 2 usec (0x04)
		HT RX MCS rate indexes supported: 0-15, 32
		HT TX MCS rate indexes are undefined
	HT operation:
		 * primary channel: 44
		 * secondary channel offset: above
		 * STA channel width: any
		 * RIFS: 0
		 * HT protection: no
		 * non-GF present: 0
		 * OBSS non-GF present: 0
		 * dual beacon: 0
		 * dual CTS protection: 0
		 * STBC beacon: 0
		 * L-SIG TXOP Prot: 0
		 * PCO active: 0
		 * PCO phase: 0
	VHT capabilities:
		VHT Capabilities (0x33ca79b2):
			Max MPDU length: 11454
			Supported Channel Width: neither 160 nor 80+80
			RX LDPC
			short GI (80 MHz)
			TX STBC
			SU Beamformer
			SU Beamformee
			MU Beamformer
			+HTC-VHT
			RX antenna pattern consistency
			TX antenna pattern consistency
		VHT RX MCS set:
			1 streams: MCS 0-9
			2 streams: MCS 0-9
			3 streams: not supported
			4 streams: not supported
			5 streams: not supported
			6 streams: not supported
			7 streams: not supported
			8 streams: not supported
		VHT RX highest supported: 780 Mbps
		VHT TX MCS set:
			1 streams: MCS 0-9
			2 streams: MCS 0-9
			3 streams: not supported
			4 streams: not supported
			5 streams: not supported
			6 streams: not supported
			7 streams: not supported
			8 streams: not supported
		VHT TX highest supported: 780 Mbps
		VHT extended NSS: supported
	VHT operation:
		 * channel width: 1 (80 MHz)
		 * center freq segment 1: 42
		 * center freq segment 2: 0
		 * VHT basic MCS set: 0xfffc
	Extended capabilities:
		 * BSS Transition
		 * Interworking
		 * Operating Mode Notification
		 * TWT Responder Support
		 * 85
		 * Max Number Of MSDUs In A-MSDU is unlimited
	WMM:	 * Parameter version 1
		 * u-APSD
		 * BE: CW 15-1023, AIFSN 3
		 * BK: CW 15-1023, AIFSN 7
		 * VI: CW 7-15, AIFSN 2, TXOP 3008 usec
		 * VO: CW 3-7, AIFSN 2, TXOP 1504 usec
	HE capabilities:
		HE MAC Capabilities (0x00051a081044):
			+HTC HE Supported
			TWT Responder
			BSR
			OM Control
			Maximum A-MPDU Length Exponent: 3
			BQR
			A-MSDU in A-MPDU
			OM Control UL MU Data Disable RX
		HE PHY Capabilities: (0x0460ce926f12af14110c00):
			HE40/HE80/5GHz
			LDPC Coding in Payload
			HE SU PPDU with 1x HE-LTF and 0.8us GI
			NDP with 4x HE-LTF and 3.2us GI
			STBC Tx <= 80MHz
			STBC Rx <= 80MHz
			Full Bandwidth UL MU-MIMO
			Partial Bandwidth UL MU-MIMO
			DCM Max Constellation: 2
			DCM Max Constellation Rx: 2
			SU Beamformer
			SU Beamformee
			MU Beamformer
			Beamformee STS <= 80Mhz: 3
			Beamformee STS > 80Mhz: 3
			Sounding Dimensions <= 80Mhz: 2
			Sounding Dimensions > 80Mhz: 2
			Codebook Size SU Feedback
			Codebook Size MU Feedback
			Triggered SU Beamforming Feedback
			Triggered MU Beamforming Feedback
			Partial Bandwidth Extended Range
			PPE Threshold Present
			HE SU PPDU & HE PPDU 4x HE-LTF 0.8us GI
			Max NC: 2
			HE ER SU PPDU 4x HE-LTF 0.8us GI
			HE ER SU PPDU 1x HE-LTF 0.8us GI
			TX 1024-QAM
			RX 1024-QAM
		HE RX MCS and NSS set <= 80 MHz
			1 streams: MCS 0-11
			2 streams: MCS 0-11
			3 streams: not supported
			4 streams: not supported
			5 streams: not supported
			6 streams: not supported
			7 streams: not supported
			8 streams: not supported
		HE TX MCS and NSS set <= 80 MHz
			1 streams: MCS 0-11
			2 streams: MCS 0-11
			3 streams: not supported
			4 streams: not supported
			5 streams: not supported
			6 streams: not supported
			7 streams: not supported
			8 streams: not supported
		PPE Threshold 0x39 0x1c 0xc7 0x71 0x1c 0x07 
BSS 24:0b:2a:bf:e8:21(on wlxd0374542d42e)
	TSF: 53550284893 usec (0d, 14:52:30)
	freq: 5220.0
	beacon interval: 100 TUs
	capability: ESS Privacy ShortPreamble SpectrumMgmt APSD RadioMeasure (0x1931)
	signal: -34.00 dBm
	last seen: 6897 ms ago
	SSID: hieupt35_ont6
	Supported rates: 6.0* 9.0 12.0* 18.0 24.0* 36.0 48.0 54.0 
	DS Parameter set: channel 44
	TIM: DTIM Count 0 DTIM Period 1 Bitmap Control 0x0 Bitmap[0] 0x0
	Country: VN	Environment: bogus
		Channels [36 - 64] @ 30 dBm
		Channels [100 - 120] @ 30 dBm
		Channels [149 - 161] @ 30 dBm
	Power constraint: 0 dB
	TPC report: TX power: 22 dBm
	Transmit Power Envelope:
	RM enabled capabilities:
		Capabilities: 0x02 0x00 0x01 0x00 0x00
			Neighbor Report
			AP Channel Report
		Nonoperating Channel Max Measurement Duration: 0
		Measurement Pilot Capability: 0
	AP Channel Report:
		 * operating class: 128
		 * channel(s): 42 58 106 122
	RSN:	 * Version: 1
		 * Group cipher: CCMP
		 * Pairwise ciphers: CCMP
		 * Authentication suites: PSK
		 * Capabilities: 1-PTKSA-RC 1-GTKSA-RC (0x0000)
	BSS Load:
		 * station count: 0
		 * channel utilisation: 27/255
		 * available admission capacity: 31250 [*32us]
	802.11u Interworking:
		Network Options: 0x0
			Network Type: 0 (Private)
		Venue Group: 2 (Business)
		Venue Type: 8
		HESSID: 24:0b:2a:bf:e8:21
	802.11u Advertisement:
		Query Response Info: 0x7f
			Query Response Length Limit: 127
			ANQP
	HT capabilities:
		Capabilities: 0x9ef
			RX LDPC
			HT20/HT40
			SM Power Save disabled
			RX HT20 SGI
			RX HT40 SGI
			TX STBC
			RX STBC 1-stream
			Max AMSDU length: 7935 bytes
			No DSSS/CCK HT40
		Maximum RX AMPDU length 65535 bytes (exponent: 0x003)
		Minimum RX AMPDU time spacing: 4 usec (0x05)
		HT RX MCS rate indexes supported: 0-15
		HT TX MCS rate indexes are undefined
	HT operation:
		 * primary channel: 44
		 * secondary channel offset: above
		 * STA channel width: any
		 * RIFS: 0
		 * HT protection: no
		 * non-GF present: 0
		 * OBSS non-GF present: 0
		 * dual beacon: 0
		 * dual CTS protection: 0
		 * STBC beacon: 0
		 * L-SIG TXOP Prot: 0
		 * PCO active: 0
		 * PCO phase: 0
	VHT capabilities:
		VHT Capabilities (0x33c979b2):
			Max MPDU length: 11454
			Supported Channel Width: neither 160 nor 80+80
			RX LDPC
			short GI (80 MHz)
			TX STBC
			SU Beamformer
			SU Beamformee
			MU Beamformer
			+HTC-VHT
			RX antenna pattern consistency
			TX antenna pattern consistency
		VHT RX MCS set:
			1 streams: MCS 0-9
			2 streams: MCS 0-9
			3 streams: not supported
			4 streams: not supported
			5 streams: not supported
			6 streams: not supported
			7 streams: not supported
			8 streams: not supported
		VHT RX highest supported: 780 Mbps
		VHT TX MCS set:
			1 streams: MCS 0-9
			2 streams: MCS 0-9
			3 streams: not supported
			4 streams: not supported
			5 streams: not supported
			6 streams: not supported
			7 streams: not supported
			8 streams: not supported
		VHT TX highest supported: 780 Mbps
		VHT extended NSS: supported
	VHT operation:
		 * channel width: 1 (80 MHz)
		 * center freq segment 1: 42
		 * center freq segment 2: 0
		 * VHT basic MCS set: 0xfffc
	Extended capabilities:
		 * BSS Transition
		 * Interworking
		 * WNM-Notification
		 * Operating Mode Notification
		 * TWT Responder Support
		 * Max Number Of MSDUs In A-MSDU is unlimited
	WMM:	 * Parameter version 1
		 * u-APSD
		 * BE: CW 15-1023, AIFSN 3
		 * BK: CW 15-1023, AIFSN 7
		 * VI: CW 7-15, AIFSN 2, TXOP 3008 usec
		 * VO: CW 3-7, AIFSN 2, TXOP 1504 usec
	HE capabilities:
		HE MAC Capabilities (0x00051a081044):
			+HTC HE Supported
			TWT Responder
			BSR
			OM Control
			Maximum A-MPDU Length Exponent: 3
			BQR
			A-MSDU in A-MPDU
			OM Control UL MU Data Disable RX
		HE PHY Capabilities: (0x0420ce926f09af08110c00):
			HE40/HE80/5GHz
			LDPC Coding in Payload
			NDP with 4x HE-LTF and 3.2us GI
			STBC Tx <= 80MHz
			STBC Rx <= 80MHz
			Full Bandwidth UL MU-MIMO
			Partial Bandwidth UL MU-MIMO
			DCM Max Constellation: 2
			DCM Max Constellation Rx: 2
			SU Beamformer
			SU Beamformee
			MU Beamformer
			Beamformee STS <= 80Mhz: 3
			Beamformee STS > 80Mhz: 3
			Sounding Dimensions <= 80Mhz: 1
			Sounding Dimensions > 80Mhz: 1
			Codebook Size SU Feedback
			Codebook Size MU Feedback
			Triggered SU Beamforming Feedback
			Triggered MU Beamforming Feedback
			Partial Bandwidth Extended Range
			PPE Threshold Present
			Max NC: 1
			HE ER SU PPDU 4x HE-LTF 0.8us GI
			HE ER SU PPDU 1x HE-LTF 0.8us GI
			TX 1024-QAM
			RX 1024-QAM
		HE RX MCS and NSS set <= 80 MHz
			1 streams: MCS 0-11
			2 streams: MCS 0-11
			3 streams: not supported
			4 streams: not supported
			5 streams: not supported
			6 streams: not supported
			7 streams: not supported
			8 streams: not supported
		HE TX MCS and NSS set <= 80 MHz
			1 streams: MCS 0-11
			2 streams: MCS 0-11
			3 streams: not supported
			4 streams: not supported
			5 streams: not supported
			6 streams: not supported
			7 streams: not supported
			8 streams: not supported
		PPE Threshold 0x39 0x1c 0xc7 0x71 0x1c 0x07 
BSS 24:0b:2a:c1:9d:71(on wlxd0374542d42e)
	TSF: 51423869829 usec (0d, 14:17:03)
	freq: 5240.0
	beacon interval: 100 TUs
	capability: ESS Privacy ShortPreamble SpectrumMgmt APSD RadioMeasure (0x1931)
	signal: -56.00 dBm
	last seen: 29 ms ago
	Information elements from Probe Response frame:
	SSID: VIETTEL_C19D6C
	Supported rates: 6.0* 9.0 12.0* 18.0 24.0* 36.0 48.0 54.0 
	DS Parameter set: channel 48
	ERP: <no flags>
	RSN:	 * Version: 1
		 * Group cipher: CCMP
		 * Pairwise ciphers: CCMP
		 * Authentication suites: PSK
		 * Capabilities: 1-PTKSA-RC 1-GTKSA-RC (0x0000)
	HT capabilities:
		Capabilities: 0x9ef
			RX LDPC
			HT20/HT40
			SM Power Save disabled
			RX HT20 SGI
			RX HT40 SGI
			TX STBC
			RX STBC 1-stream
			Max AMSDU length: 7935 bytes
			No DSSS/CCK HT40
		Maximum RX AMPDU length 65535 bytes (exponent: 0x003)
		Minimum RX AMPDU time spacing: 4 usec (0x05)
		HT RX MCS rate indexes supported: 0-15
		HT TX MCS rate indexes are undefined
	HT operation:
		 * primary channel: 48
		 * secondary channel offset: below
		 * STA channel width: any
		 * RIFS: 0
		 * HT protection: 20 MHz
		 * non-GF present: 1
		 * OBSS non-GF present: 0
		 * dual beacon: 0
		 * dual CTS protection: 0
		 * STBC beacon: 0
		 * L-SIG TXOP Prot: 0
		 * PCO active: 0
		 * PCO phase: 0
	Extended capabilities:
		 * BSS Transition
		 * Interworking
		 * WNM-Notification
		 * Operating Mode Notification
		 * TWT Responder Support
		 * Max Number Of MSDUs In A-MSDU is unlimited
	BSS Load:
		 * station count: 1
		 * channel utilisation: 32/255
		 * available admission capacity: 31250 [*32us]
	802.11u Interworking:
		Network Options: 0x0
			Network Type: 0 (Private)
		Venue Group: 2 (Business)
		Venue Type: 8
		HESSID: 24:0b:2a:c1:9d:71
	802.11u Advertisement:
		Query Response Info: 0x7f
			Query Response Length Limit: 127
			ANQP
	WMM:	 * Parameter version 1
		 * u-APSD
		 * BE: CW 15-1023, AIFSN 3
		 * BK: CW 15-1023, AIFSN 7
		 * VI: CW 7-15, AIFSN 2, TXOP 3008 usec
		 * VO: CW 3-7, AIFSN 2, TXOP 1504 usec
	RM enabled capabilities:
		Capabilities: 0x02 0x00 0x01 0x00 0x00
			Neighbor Report
			AP Channel Report
		Nonoperating Channel Max Measurement Duration: 0
		Measurement Pilot Capability: 0
	AP Channel Report:
		 * operating class: 128
		 * channel(s): 42 58 106 122
	Power constraint: 0 dB
	TPC report: TX power: 22 dBm
	Transmit Power Envelope:
	Country: VN	Environment: Indoor/Outdoor
		Channels [42 - 54] @ -1 dBm
	VHT capabilities:
		VHT Capabilities (0x33c979b2):
			Max MPDU length: 11454
			Supported Channel Width: neither 160 nor 80+80
			RX LDPC
			short GI (80 MHz)
			TX STBC
			SU Beamformer
			SU Beamformee
			MU Beamformer
			+HTC-VHT
			RX antenna pattern consistency
			TX antenna pattern consistency
		VHT RX MCS set:
			1 streams: MCS 0-9
			2 streams: MCS 0-9
			3 streams: not supported
			4 streams: not supported
			5 streams: not supported
			6 streams: not supported
			7 streams: not supported
			8 streams: not supported
		VHT RX highest supported: 780 Mbps
		VHT TX MCS set:
			1 streams: MCS 0-9
			2 streams: MCS 0-9
			3 streams: not supported
			4 streams: not supported
			5 streams: not supported
			6 streams: not supported
			7 streams: not supported
			8 streams: not supported
		VHT TX highest supported: 780 Mbps
		VHT extended NSS: supported
	VHT operation:
		 * channel width: 1 (80 MHz)
		 * center freq segment 1: 42
		 * center freq segment 2: 0
		 * VHT basic MCS set: 0xfffc
	HE capabilities:
		HE MAC Capabilities (0x00051a081044):
			+HTC HE Supported
			TWT Responder
			BSR
			OM Control
			Maximum A-MPDU Length Exponent: 3
			BQR
			A-MSDU in A-MPDU
			OM Control UL MU Data Disable RX
		HE PHY Capabilities: (0x0420ce926f09af08110c00):
			HE40/HE80/5GHz
			LDPC Coding in Payload
			NDP with 4x HE-LTF and 3.2us GI
			STBC Tx <= 80MHz
			STBC Rx <= 80MHz
			Full Bandwidth UL MU-MIMO
			Partial Bandwidth UL MU-MIMO
			DCM Max Constellation: 2
			DCM Max Constellation Rx: 2
			SU Beamformer
			SU Beamformee
			MU Beamformer
			Beamformee STS <= 80Mhz: 3
			Beamformee STS > 80Mhz: 3
			Sounding Dimensions <= 80Mhz: 1
			Sounding Dimensions > 80Mhz: 1
			Codebook Size SU Feedback
			Codebook Size MU Feedback
			Triggered SU Beamforming Feedback
			Triggered MU Beamforming Feedback
			Partial Bandwidth Extended Range
			PPE Threshold Present
			Max NC: 1
			HE ER SU PPDU 4x HE-LTF 0.8us GI
			HE ER SU PPDU 1x HE-LTF 0.8us GI
			TX 1024-QAM
			RX 1024-QAM
		HE RX MCS and NSS set <= 80 MHz
			1 streams: MCS 0-11
			2 streams: MCS 0-11
			3 streams: not supported
			4 streams: not supported
			5 streams: not supported
			6 streams: not supported
			7 streams: not supported
			8 streams: not supported
		HE TX MCS and NSS set <= 80 MHz
			1 streams: MCS 0-11
			2 streams: MCS 0-11
			3 streams: not supported
			4 streams: not supported
			5 streams: not supported
			6 streams: not supported
			7 streams: not supported
			8 streams: not supported
		PPE Threshold 0x39 0x1c 0xc7 0x71 0x1c 0x07 
BSS 26:0b:2a:b1:9d:70(on wlxd0374542d42e)
	TSF: 51423846469 usec (0d, 14:17:03)
	freq: 5240.0
	beacon interval: 100 TUs
	capability: ESS Privacy ShortPreamble SpectrumMgmt APSD RadioMeasure (0x1931)
	signal: -55.00 dBm
	last seen: 6628 ms ago
	Supported rates: 6.0* 9.0 12.0* 18.0 24.0* 36.0 48.0 54.0 
	DS Parameter set: channel 48
	TIM: DTIM Count 0 DTIM Period 1 Bitmap Control 0x0 Bitmap[0] 0x0
	Country: VN	Environment: Indoor/Outdoor
		Channels [36 - 64] @ 30 dBm
		Channels [100 - 120] @ 30 dBm
		Channels [149 - 161] @ 30 dBm
	Power constraint: 0 dB
	TPC report: TX power: 22 dBm
	Transmit Power Envelope:
	RM enabled capabilities:
		Capabilities: 0x02 0x00 0x01 0x00 0x00
			Neighbor Report
			AP Channel Report
		Nonoperating Channel Max Measurement Duration: 0
		Measurement Pilot Capability: 0
	AP Channel Report:
		 * operating class: 128
		 * channel(s): 42 58 106 122
	RSN:	 * Version: 1
		 * Group cipher: CCMP
		 * Pairwise ciphers: CCMP
		 * Authentication suites: PSK SAE
		 * Capabilities: 1-PTKSA-RC 1-GTKSA-RC MFP-capable (0x0080)
		 * 0 PMKIDs
		 * Group mgmt cipher suite: AES-128-CMAC
	BSS Load:
		 * station count: 0
		 * channel utilisation: 47/255
		 * available admission capacity: 31250 [*32us]
	HT capabilities:
		Capabilities: 0x9ef
			RX LDPC
			HT20/HT40
			SM Power Save disabled
			RX HT20 SGI
			RX HT40 SGI
			TX STBC
			RX STBC 1-stream
			Max AMSDU length: 7935 bytes
			No DSSS/CCK HT40
		Maximum RX AMPDU length 65535 bytes (exponent: 0x003)
		Minimum RX AMPDU time spacing: 4 usec (0x05)
		HT RX MCS rate indexes supported: 0-15
		HT TX MCS rate indexes are undefined
	HT operation:
		 * primary channel: 48
		 * secondary channel offset: below
		 * STA channel width: any
		 * RIFS: 0
		 * HT protection: 20 MHz
		 * non-GF present: 1
		 * OBSS non-GF present: 0
		 * dual beacon: 0
		 * dual CTS protection: 0
		 * STBC beacon: 0
		 * L-SIG TXOP Prot: 0
		 * PCO active: 0
		 * PCO phase: 0
	VHT capabilities:
		VHT Capabilities (0x33c979b2):
			Max MPDU length: 11454
			Supported Channel Width: neither 160 nor 80+80
			RX LDPC
			short GI (80 MHz)
			TX STBC
			SU Beamformer
			SU Beamformee
			MU Beamformer
			+HTC-VHT
			RX antenna pattern consistency
			TX antenna pattern consistency
		VHT RX MCS set:
			1 streams: MCS 0-9
			2 streams: MCS 0-9
			3 streams: not supported
			4 streams: not supported
			5 streams: not supported
			6 streams: not supported
			7 streams: not supported
			8 streams: not supported
		VHT RX highest supported: 780 Mbps
		VHT TX MCS set:
			1 streams: MCS 0-9
			2 streams: MCS 0-9
			3 streams: not supported
			4 streams: not supported
			5 streams: not supported
			6 streams: not supported
			7 streams: not supported
			8 streams: not supported
		VHT TX highest supported: 780 Mbps
		VHT extended NSS: supported
	VHT operation:
		 * channel width: 1 (80 MHz)
		 * center freq segment 1: 42
		 * center freq segment 2: 0
		 * VHT basic MCS set: 0xfffc
	Extended capabilities:
		 * BSS Transition
		 * Interworking
		 * Operating Mode Notification
		 * TWT Responder Support
		 * Max Number Of MSDUs In A-MSDU is unlimited
	WMM:	 * Parameter version 1
		 * u-APSD
		 * BE: CW 15-1023, AIFSN 3
		 * BK: CW 15-1023, AIFSN 7
		 * VI: CW 7-15, AIFSN 2, TXOP 3008 usec
		 * VO: CW 3-7, AIFSN 2, TXOP 1504 usec
	HE capabilities:
		HE MAC Capabilities (0x00051a081044):
			+HTC HE Supported
			TWT Responder
			BSR
			OM Control
			Maximum A-MPDU Length Exponent: 3
			BQR
			A-MSDU in A-MPDU
			OM Control UL MU Data Disable RX
		HE PHY Capabilities: (0x0420ce926f09af08110c00):
			HE40/HE80/5GHz
			LDPC Coding in Payload
			NDP with 4x HE-LTF and 3.2us GI
			STBC Tx <= 80MHz
			STBC Rx <= 80MHz
			Full Bandwidth UL MU-MIMO
			Partial Bandwidth UL MU-MIMO
			DCM Max Constellation: 2
			DCM Max Constellation Rx: 2
			SU Beamformer
			SU Beamformee
			MU Beamformer
			Beamformee STS <= 80Mhz: 3
			Beamformee STS > 80Mhz: 3
			Sounding Dimensions <= 80Mhz: 1
			Sounding Dimensions > 80Mhz: 1
			Codebook Size SU Feedback
			Codebook Size MU Feedback
			Triggered SU Beamforming Feedback
			Triggered MU Beamforming Feedback
			Partial Bandwidth Extended Range
			PPE Threshold Present
			Max NC: 1
			HE ER SU PPDU 4x HE-LTF 0.8us GI
			HE ER SU PPDU 1x HE-LTF 0.8us GI
			TX 1024-QAM
			RX 1024-QAM
		HE RX MCS and NSS set <= 80 MHz
			1 streams: MCS 0-11
			2 streams: MCS 0-11
			3 streams: not supported
			4 streams: not supported
			5 streams: not supported
			6 streams: not supported
			7 streams: not supported
			8 streams: not supported
		HE TX MCS and NSS set <= 80 MHz
			1 streams: MCS 0-11
			2 streams: MCS 0-11
			3 streams: not supported
			4 streams: not supported
			5 streams: not supported
			6 streams: not supported
			7 streams: not supported
			8 streams: not supported
		PPE Threshold 0x39 0x1c 0xc7 0x71 0x1c 0x07 
BSS 24:0b:2a:ff:f3:a5(on wlxd0374542d42e)
	TSF: 235991854889 usec (2d, 17:33:11)
	freq: 5240.0
	beacon interval: 100 TUs
	capability: ESS Privacy ShortPreamble SpectrumMgmt APSD RadioMeasure (0x1931)
	signal: -41.00 dBm
	last seen: 29 ms ago
	Information elements from Probe Response frame:
	SSID: JBT
	Supported rates: 6.0* 9.0 12.0* 18.0 24.0* 36.0 48.0 54.0 
	DS Parameter set: channel 48
	ERP: <no flags>
	RSN:	 * Version: 1
		 * Group cipher: CCMP
		 * Pairwise ciphers: CCMP
		 * Authentication suites: PSK
		 * Capabilities: 1-PTKSA-RC 1-GTKSA-RC (0x0000)
	HT capabilities:
		Capabilities: 0x9ef
			RX LDPC
			HT20/HT40
			SM Power Save disabled
			RX HT20 SGI
			RX HT40 SGI
			TX STBC
			RX STBC 1-stream
			Max AMSDU length: 7935 bytes
			No DSSS/CCK HT40
		Maximum RX AMPDU length 65535 bytes (exponent: 0x003)
		Minimum RX AMPDU time spacing: 4 usec (0x05)
		HT RX MCS rate indexes supported: 0-15
		HT TX MCS rate indexes are undefined
	HT operation:
		 * primary channel: 48
		 * secondary channel offset: below
		 * STA channel width: any
		 * RIFS: 0
		 * HT protection: no
		 * non-GF present: 0
		 * OBSS non-GF present: 0
		 * dual beacon: 0
		 * dual CTS protection: 0
		 * STBC beacon: 0
		 * L-SIG TXOP Prot: 0
		 * PCO active: 0
		 * PCO phase: 0
	Extended capabilities:
		 * BSS Transition
		 * Interworking
		 * WNM-Notification
		 * Operating Mode Notification
		 * TWT Responder Support
		 * Max Number Of MSDUs In A-MSDU is unlimited
	BSS Load:
		 * station count: 0
		 * channel utilisation: 32/255
		 * available admission capacity: 31250 [*32us]
	802.11u Interworking:
		Network Options: 0x0
			Network Type: 0 (Private)
		Venue Group: 2 (Business)
		Venue Type: 8
		HESSID: 24:0b:2a:ff:f3:a5
	802.11u Advertisement:
		Query Response Info: 0x7f
			Query Response Length Limit: 127
			ANQP
	WMM:	 * Parameter version 1
		 * u-APSD
		 * BE: CW 15-1023, AIFSN 3
		 * BK: CW 15-1023, AIFSN 7
		 * VI: CW 7-15, AIFSN 2, TXOP 3008 usec
		 * VO: CW 3-7, AIFSN 2, TXOP 1504 usec
	RM enabled capabilities:
		Capabilities: 0x02 0x00 0x01 0x00 0x00
			Neighbor Report
			AP Channel Report
		Nonoperating Channel Max Measurement Duration: 0
		Measurement Pilot Capability: 0
	AP Channel Report:
		 * operating class: 128
		 * channel(s): 42 58 106 122
	Power constraint: 0 dB
	TPC report: TX power: 22 dBm
	Transmit Power Envelope:
	Country: VN	Environment: Indoor/Outdoor
		Channels [42 - 54] @ -1 dBm
	VHT capabilities:
		VHT Capabilities (0x33c979b2):
			Max MPDU length: 11454
			Supported Channel Width: neither 160 nor 80+80
			RX LDPC
			short GI (80 MHz)
			TX STBC
			SU Beamformer
			SU Beamformee
			MU Beamformer
			+HTC-VHT
			RX antenna pattern consistency
			TX antenna pattern consistency
		VHT RX MCS set:
			1 streams: MCS 0-9
			2 streams: MCS 0-9
			3 streams: not supported
			4 streams: not supported
			5 streams: not supported
			6 streams: not supported
			7 streams: not supported
			8 streams: not supported
		VHT RX highest supported: 780 Mbps
		VHT TX MCS set:
			1 streams: MCS 0-9
			2 streams: MCS 0-9
			3 streams: not supported
			4 streams: not supported
			5 streams: not supported
			6 streams: not supported
			7 streams: not supported
			8 streams: not supported
		VHT TX highest supported: 780 Mbps
		VHT extended NSS: supported
	VHT operation:
		 * channel width: 1 (80 MHz)
		 * center freq segment 1: 42
		 * center freq segment 2: 0
		 * VHT basic MCS set: 0xfffc
	HE capabilities:
		HE MAC Capabilities (0x00051a081044):
			+HTC HE Supported
			TWT Responder
			BSR
			OM Control
			Maximum A-MPDU Length Exponent: 3
			BQR
			A-MSDU in A-MPDU
			OM Control UL MU Data Disable RX
		HE PHY Capabilities: (0x0420ce926f09af08110c00):
			HE40/HE80/5GHz
			LDPC Coding in Payload
			NDP with 4x HE-LTF and 3.2us GI
			STBC Tx <= 80MHz
			STBC Rx <= 80MHz
			Full Bandwidth UL MU-MIMO
			Partial Bandwidth UL MU-MIMO
			DCM Max Constellation: 2
			DCM Max Constellation Rx: 2
			SU Beamformer
			SU Beamformee
			MU Beamformer
			Beamformee STS <= 80Mhz: 3
			Beamformee STS > 80Mhz: 3
			Sounding Dimensions <= 80Mhz: 1
			Sounding Dimensions > 80Mhz: 1
			Codebook Size SU Feedback
			Codebook Size MU Feedback
			Triggered SU Beamforming Feedback
			Triggered MU Beamforming Feedback
			Partial Bandwidth Extended Range
			PPE Threshold Present
			Max NC: 1
			HE ER SU PPDU 4x HE-LTF 0.8us GI
			HE ER SU PPDU 1x HE-LTF 0.8us GI
			TX 1024-QAM
			RX 1024-QAM
		HE RX MCS and NSS set <= 80 MHz
			1 streams: MCS 0-11
			2 streams: MCS 0-11
			3 streams: not supported
			4 streams: not supported
			5 streams: not supported
			6 streams: not supported
			7 streams: not supported
			8 streams: not supported
		HE TX MCS and NSS set <= 80 MHz
			1 streams: MCS 0-11
			2 streams: MCS 0-11
			3 streams: not supported
			4 streams: not supported
			5 streams: not supported
			6 streams: not supported
			7 streams: not supported
			8 streams: not supported
		PPE Threshold 0x39 0x1c 0xc7 0x71 0x1c 0x07 
BSS 26:0b:2a:bf:f3:a4(on wlxd0374542d42e)
	TSF: 235991859269 usec (2d, 17:33:11)
	freq: 5240.0
	beacon interval: 100 TUs
	capability: ESS Privacy ShortPreamble SpectrumMgmt APSD RadioMeasure (0x1931)
	signal: -40.00 dBm
	last seen: 6599 ms ago
	Supported rates: 6.0* 9.0 12.0* 18.0 24.0* 36.0 48.0 54.0 
	DS Parameter set: channel 48
	TIM: DTIM Count 0 DTIM Period 1 Bitmap Control 0x0 Bitmap[0] 0x0
	Country: VN	Environment: Indoor/Outdoor
		Channels [36 - 64] @ 30 dBm
		Channels [100 - 120] @ 30 dBm
		Channels [149 - 161] @ 30 dBm
	Power constraint: 0 dB
	TPC report: TX power: 22 dBm
	Transmit Power Envelope:
	RM enabled capabilities:
		Capabilities: 0x02 0x00 0x01 0x00 0x00
			Neighbor Report
			AP Channel Report
		Nonoperating Channel Max Measurement Duration: 0
		Measurement Pilot Capability: 0
	AP Channel Report:
		 * operating class: 128
		 * channel(s): 42 58 106 122
	RSN:	 * Version: 1
		 * Group cipher: CCMP
		 * Pairwise ciphers: CCMP
		 * Authentication suites: PSK SAE
		 * Capabilities: 1-PTKSA-RC 1-GTKSA-RC MFP-capable (0x0080)
		 * 0 PMKIDs
		 * Group mgmt cipher suite: AES-128-CMAC
	BSS Load:
		 * station count: 0
		 * channel utilisation: 32/255
		 * available admission capacity: 31250 [*32us]
	HT capabilities:
		Capabilities: 0x9ef
			RX LDPC
			HT20/HT40
			SM Power Save disabled
			RX HT20 SGI
			RX HT40 SGI
			TX STBC
			RX STBC 1-stream
			Max AMSDU length: 7935 bytes
			No DSSS/CCK HT40
		Maximum RX AMPDU length 65535 bytes (exponent: 0x003)
		Minimum RX AMPDU time spacing: 4 usec (0x05)
		HT RX MCS rate indexes supported: 0-15
		HT TX MCS rate indexes are undefined
	HT operation:
		 * primary channel: 48
		 * secondary channel offset: below
		 * STA channel width: any
		 * RIFS: 0
		 * HT protection: no
		 * non-GF present: 0
		 * OBSS non-GF present: 0
		 * dual beacon: 0
		 * dual CTS protection: 0
		 * STBC beacon: 0
		 * L-SIG TXOP Prot: 0
		 * PCO active: 0
		 * PCO phase: 0
	VHT capabilities:
		VHT Capabilities (0x33c979b2):
			Max MPDU length: 11454
			Supported Channel Width: neither 160 nor 80+80
			RX LDPC
			short GI (80 MHz)
			TX STBC
			SU Beamformer
			SU Beamformee
			MU Beamformer
			+HTC-VHT
			RX antenna pattern consistency
			TX antenna pattern consistency
		VHT RX MCS set:
			1 streams: MCS 0-9
			2 streams: MCS 0-9
			3 streams: not supported
			4 streams: not supported
			5 streams: not supported
			6 streams: not supported
			7 streams: not supported
			8 streams: not supported
		VHT RX highest supported: 780 Mbps
		VHT TX MCS set:
			1 streams: MCS 0-9
			2 streams: MCS 0-9
			3 streams: not supported
			4 streams: not supported
			5 streams: not supported
			6 streams: not supported
			7 streams: not supported
			8 streams: not supported
		VHT TX highest supported: 780 Mbps
		VHT extended NSS: supported
	VHT operation:
		 * channel width: 1 (80 MHz)
		 * center freq segment 1: 42
		 * center freq segment 2: 0
		 * VHT basic MCS set: 0xfffc
	Extended capabilities:
		 * BSS Transition
		 * Interworking
		 * Operating Mode Notification
		 * TWT Responder Support
		 * Max Number Of MSDUs In A-MSDU is unlimited
	WMM:	 * Parameter version 1
		 * u-APSD
		 * BE: CW 15-1023, AIFSN 3
		 * BK: CW 15-1023, AIFSN 7
		 * VI: CW 7-15, AIFSN 2, TXOP 3008 usec
		 * VO: CW 3-7, AIFSN 2, TXOP 1504 usec
	HE capabilities:
		HE MAC Capabilities (0x00051a081044):
			+HTC HE Supported
			TWT Responder
			BSR
			OM Control
			Maximum A-MPDU Length Exponent: 3
			BQR
			A-MSDU in A-MPDU
			OM Control UL MU Data Disable RX
		HE PHY Capabilities: (0x0420ce926f09af08110c00):
			HE40/HE80/5GHz
			LDPC Coding in Payload
			NDP with 4x HE-LTF and 3.2us GI
			STBC Tx <= 80MHz
			STBC Rx <= 80MHz
			Full Bandwidth UL MU-MIMO
			Partial Bandwidth UL MU-MIMO
			DCM Max Constellation: 2
			DCM Max Constellation Rx: 2
			SU Beamformer
			SU Beamformee
			MU Beamformer
			Beamformee STS <= 80Mhz: 3
			Beamformee STS > 80Mhz: 3
			Sounding Dimensions <= 80Mhz: 1
			Sounding Dimensions > 80Mhz: 1
			Codebook Size SU Feedback
			Codebook Size MU Feedback
			Triggered SU Beamforming Feedback
			Triggered MU Beamforming Feedback
			Partial Bandwidth Extended Range
			PPE Threshold Present
			Max NC: 1
			HE ER SU PPDU 4x HE-LTF 0.8us GI
			HE ER SU PPDU 1x HE-LTF 0.8us GI
			TX 1024-QAM
			RX 1024-QAM
		HE RX MCS and NSS set <= 80 MHz
			1 streams: MCS 0-11
			2 streams: MCS 0-11
			3 streams: not supported
			4 streams: not supported
			5 streams: not supported
			6 streams: not supported
			7 streams: not supported
			8 streams: not supported
		HE TX MCS and NSS set <= 80 MHz
			1 streams: MCS 0-11
			2 streams: MCS 0-11
			3 streams: not supported
			4 streams: not supported
			5 streams: not supported
			6 streams: not supported
			7 streams: not supported
			8 streams: not supported
		PPE Threshold 0x39 0x1c 0xc7 0x71 0x1c 0x07 
BSS 24:0b:2a:5e:e4:82(on wlxd0374542d42e)
	TSF: 236073168636 usec (2d, 17:34:33)
	freq: 5260.0
	beacon interval: 100 TUs
	capability: ESS Privacy SpectrumMgmt APSD RadioMeasure (0x1911)
	signal: -47.00 dBm
	last seen: 29 ms ago
	Information elements from Probe Response frame:
	SSID: VIETTEL_5EE480
	Supported rates: 6.0* 9.0 12.0* 18.0 24.0* 36.0 48.0 54.0 
	DS Parameter set: channel 52
	HT capabilities:
		Capabilities: 0x19ef
			RX LDPC
			HT20/HT40
			SM Power Save disabled
			RX HT20 SGI
			RX HT40 SGI
			TX STBC
			RX STBC 1-stream
			Max AMSDU length: 7935 bytes
			DSSS/CCK HT40
		Maximum RX AMPDU length 65535 bytes (exponent: 0x003)
		Minimum RX AMPDU time spacing: 4 usec (0x05)
		HT RX MCS rate indexes supported: 0-15, 32
		HT TX MCS rate indexes are undefined
	HT operation:
		 * primary channel: 52
		 * secondary channel offset: above
		 * STA channel width: any
		 * RIFS: 0
		 * HT protection: no
		 * non-GF present: 0
		 * OBSS non-GF present: 0
		 * dual beacon: 0
		 * dual CTS protection: 0
		 * STBC beacon: 0
		 * L-SIG TXOP Prot: 0
		 * PCO active: 0
		 * PCO phase: 0
	RSN:	 * Version: 1
		 * Group cipher: CCMP
		 * Pairwise ciphers: CCMP
		 * Authentication suites: PSK
		 * Capabilities: 1-PTKSA-RC 1-GTKSA-RC (0x0000)
	Extended capabilities:
		 * BSS Transition
		 * Interworking
		 * Max Number Of MSDUs In A-MSDU is unlimited
	BSS Load:
		 * station count: 0
		 * channel utilisation: 129/255
		 * available admission capacity: 31250 [*32us]
	WMM:	 * Parameter version 1
		 * u-APSD
		 * BE: CW 15-1023, AIFSN 3
		 * BK: CW 15-1023, AIFSN 7
		 * VI: CW 7-15, AIFSN 2, TXOP 3008 usec
		 * VO: CW 3-7, AIFSN 2, TXOP 1504 usec
	RM enabled capabilities:
		Capabilities: 0x72 0x00 0x01 0x00 0x00
			Neighbor Report
			Beacon Passive Measurement
			Beacon Active Measurement
			Beacon Table Measurement
			AP Channel Report
		Nonoperating Channel Max Measurement Duration: 0
		Measurement Pilot Capability: 0
	AP Channel Report:
		 * operating class: 128
		 * channel(s): 42 58 106 122 138 155
	Power constraint: 3 dB
	TPC report: TX power: 20 dBm
	Transmit Power Envelope:
		 * Local Maximum Transmit Power For 20 MHz: 15 dBm
		 * Local Maximum Transmit Power For 40 MHz: 15 dBm
		 * Local Maximum Transmit Power For 80 MHz: 15 dBm
	Country: VN	Environment: Indoor/Outdoor
		Channels [36 - 64] @ 23 dBm
		Channels [100 - 120] @ 30 dBm
		Channels [149 - 161] @ 30 dBm
	VHT capabilities:
		VHT Capabilities (0x33c979b1):
			Max MPDU length: 7991
			Supported Channel Width: neither 160 nor 80+80
			RX LDPC
			short GI (80 MHz)
			TX STBC
			SU Beamformer
			SU Beamformee
			MU Beamformer
			+HTC-VHT
			RX antenna pattern consistency
			TX antenna pattern consistency
		VHT RX MCS set:
			1 streams: MCS 0-9
			2 streams: MCS 0-9
			3 streams: not supported
			4 streams: not supported
			5 streams: not supported
			6 streams: not supported
			7 streams: not supported
			8 streams: not supported
		VHT RX highest supported: 780 Mbps
		VHT TX MCS set:
			1 streams: MCS 0-9
			2 streams: MCS 0-9
			3 streams: not supported
			4 streams: not supported
			5 streams: not supported
			6 streams: not supported
			7 streams: not supported
			8 streams: not supported
		VHT TX highest supported: 780 Mbps
		VHT extended NSS: not supported
	VHT operation:
		 * channel width: 1 (80 MHz)
		 * center freq segment 1: 58
		 * center freq segment 2: 0
		 * VHT basic MCS set: 0xfffa
BSS 26:0b:2a:cf:e9:af(on wlxd0374542d42e)
	TSF: 162693326233 usec (1d, 21:11:33)
	freq: 5280.0
	beacon interval: 100 TUs
	capability: ESS Privacy ShortPreamble SpectrumMgmt RadioMeasure (0x1131)
	signal: -51.00 dBm
	last seen: 29 ms ago
	Information elements from Probe Response frame:
	SSID: VHT-MESH ONT6
	Supported rates: 6.0* 9.0 12.0* 18.0 24.0* 36.0 48.0 54.0 
	DS Parameter set: channel 56
	ERP: <no flags>
	RSN:	 * Version: 1
		 * Group cipher: CCMP
		 * Pairwise ciphers: CCMP
		 * Authentication suites: PSK
		 * Capabilities: 1-PTKSA-RC 1-GTKSA-RC (0x0000)
	HT capabilities:
		Capabilities: 0x9ef
			RX LDPC
			HT20/HT40
			SM Power Save disabled
			RX HT20 SGI
			RX HT40 SGI
			TX STBC
			RX STBC 1-stream
			Max AMSDU length: 7935 bytes
			No DSSS/CCK HT40
		Maximum RX AMPDU length 65535 bytes (exponent: 0x003)
		Minimum RX AMPDU time spacing: 2 usec (0x04)
		HT RX MCS rate indexes supported: 0-15
		HT TX MCS rate indexes are undefined
	HT operation:
		 * primary channel: 56
		 * secondary channel offset: below
		 * STA channel width: any
		 * RIFS: 0
		 * HT protection: no
		 * non-GF present: 0
		 * OBSS non-GF present: 0
		 * dual beacon: 0
		 * dual CTS protection: 0
		 * STBC beacon: 0
		 * L-SIG TXOP Prot: 0
		 * PCO active: 0
		 * PCO phase: 0
	Extended capabilities:
		 * BSS Transition
		 * Interworking
		 * Operating Mode Notification
		 * TWT Responder Support
		 * 85
		 * Max Number Of MSDUs In A-MSDU is unlimited
	802.11u Interworking:
		Network Options: 0x0
			Network Type: 0 (Private)
		Venue Group: 2 (Business)
		Venue Type: 8
		HESSID: 00:00:00:00:00:00
	802.11u Advertisement:
		Query Response Info: 0x7f
			Query Response Length Limit: 127
			ANQP
	WMM:	 * Parameter version 1
		 * BE: CW 15-1023, AIFSN 3
		 * BK: CW 15-1023, AIFSN 7
		 * VI: CW 7-15, AIFSN 2, TXOP 3008 usec
		 * VO: CW 3-7, AIFSN 2, TXOP 1504 usec
	RM enabled capabilities:
		Capabilities: 0x02 0x00 0x01 0x00 0x00
			Neighbor Report
			AP Channel Report
		Nonoperating Channel Max Measurement Duration: 0
		Measurement Pilot Capability: 0
	AP Channel Report:
		 * operating class: 128
		 * channel(s): 42 58 106 122
	Power constraint: 0 dB
	TPC report: TX power: 19 dBm
	Transmit Power Envelope:
	Country: VN	Environment: bogus
		Channels [42 - 54] @ -1 dBm
	VHT capabilities:
		VHT Capabilities (0x33ca79b2):
			Max MPDU length: 11454
			Supported Channel Width: neither 160 nor 80+80
			RX LDPC
			short GI (80 MHz)
			TX STBC
			SU Beamformer
			SU Beamformee
			MU Beamformer
			+HTC-VHT
			RX antenna pattern consistency
			TX antenna pattern consistency
		VHT RX MCS set:
			1 streams: MCS 0-9
			2 streams: MCS 0-9
			3 streams: not supported
			4 streams: not supported
			5 streams: not supported
			6 streams: not supported
			7 streams: not supported
			8 streams: not supported
		VHT RX highest supported: 780 Mbps
		VHT TX MCS set:
			1 streams: MCS 0-9
			2 streams: MCS 0-9
			3 streams: not supported
			4 streams: not supported
			5 streams: not supported
			6 streams: not supported
			7 streams: not supported
			8 streams: not supported
		VHT TX highest supported: 780 Mbps
		VHT extended NSS: supported
	VHT operation:
		 * channel width: 1 (80 MHz)
		 * center freq segment 1: 58
		 * center freq segment 2: 0
		 * VHT basic MCS set: 0xfffc
	HE capabilities:
		HE MAC Capabilities (0x00051a081044):
			+HTC HE Supported
			TWT Responder
			BSR
			OM Control
			Maximum A-MPDU Length Exponent: 3
			BQR
			A-MSDU in A-MPDU
			OM Control UL MU Data Disable RX
		HE PHY Capabilities: (0x0420ce926f12af10110c00):
			HE40/HE80/5GHz
			LDPC Coding in Payload
			NDP with 4x HE-LTF and 3.2us GI
			STBC Tx <= 80MHz
			STBC Rx <= 80MHz
			Full Bandwidth UL MU-MIMO
			Partial Bandwidth UL MU-MIMO
			DCM Max Constellation: 2
			DCM Max Constellation Rx: 2
			SU Beamformer
			SU Beamformee
			MU Beamformer
			Beamformee STS <= 80Mhz: 3
			Beamformee STS > 80Mhz: 3
			Sounding Dimensions <= 80Mhz: 2
			Sounding Dimensions > 80Mhz: 2
			Codebook Size SU Feedback
			Codebook Size MU Feedback
			Triggered SU Beamforming Feedback
			Triggered MU Beamforming Feedback
			Partial Bandwidth Extended Range
			PPE Threshold Present
			Max NC: 2
			HE ER SU PPDU 4x HE-LTF 0.8us GI
			HE ER SU PPDU 1x HE-LTF 0.8us GI
			TX 1024-QAM
			RX 1024-QAM
		HE RX MCS and NSS set <= 80 MHz
			1 streams: MCS 0-11
			2 streams: MCS 0-11
			3 streams: not supported
			4 streams: not supported
			5 streams: not supported
			6 streams: not supported
			7 streams: not supported
			8 streams: not supported
		HE TX MCS and NSS set <= 80 MHz
			1 streams: MCS 0-11
			2 streams: MCS 0-11
			3 streams: not supported
			4 streams: not supported
			5 streams: not supported
			6 streams: not supported
			7 streams: not supported
			8 streams: not supported
		PPE Threshold 0x39 0x1c 0xc7 0x71 0x1c 0x07 
BSS 26:0b:2a:df:e9:af(on wlxd0374542d42e)
	TSF: 162693324985 usec (1d, 21:11:33)
	freq: 5280.0
	beacon interval: 100 TUs
	capability: ESS Privacy ShortPreamble SpectrumMgmt RadioMeasure (0x1131)
	signal: -53.00 dBm
	last seen: 6035 ms ago
	SSID: VHT-MESH ONT6 5GHz
	Supported rates: 6.0* 9.0 12.0* 18.0 24.0* 36.0 48.0 54.0 
	DS Parameter set: channel 56
	TIM: DTIM Count 0 DTIM Period 1 Bitmap Control 0x0 Bitmap[0] 0x0
	Country: VN	Environment: bogus
		Channels [36 - 64] @ 30 dBm
		Channels [100 - 120] @ 30 dBm
		Channels [149 - 161] @ 30 dBm
	Power constraint: 0 dB
	TPC report: TX power: 19 dBm
	Transmit Power Envelope:
	RM enabled capabilities:
		Capabilities: 0x02 0x00 0x01 0x00 0x00
			Neighbor Report
			AP Channel Report
		Nonoperating Channel Max Measurement Duration: 0
		Measurement Pilot Capability: 0
	AP Channel Report:
		 * operating class: 128
		 * channel(s): 42 58 106 122
	RSN:	 * Version: 1
		 * Group cipher: CCMP
		 * Pairwise ciphers: CCMP
		 * Authentication suites: PSK
		 * Capabilities: 1-PTKSA-RC 1-GTKSA-RC (0x0000)
	HT capabilities:
		Capabilities: 0x9ef
			RX LDPC
			HT20/HT40
			SM Power Save disabled
			RX HT20 SGI
			RX HT40 SGI
			TX STBC
			RX STBC 1-stream
			Max AMSDU length: 7935 bytes
			No DSSS/CCK HT40
		Maximum RX AMPDU length 65535 bytes (exponent: 0x003)
		Minimum RX AMPDU time spacing: 2 usec (0x04)
		HT RX MCS rate indexes supported: 0-15
		HT TX MCS rate indexes are undefined
	HT operation:
		 * primary channel: 56
		 * secondary channel offset: below
		 * STA channel width: any
		 * RIFS: 0
		 * HT protection: no
		 * non-GF present: 0
		 * OBSS non-GF present: 0
		 * dual beacon: 0
		 * dual CTS protection: 0
		 * STBC beacon: 0
		 * L-SIG TXOP Prot: 0
		 * PCO active: 0
		 * PCO phase: 0
	VHT capabilities:
		VHT Capabilities (0x33ca79b2):
			Max MPDU length: 11454
			Supported Channel Width: neither 160 nor 80+80
			RX LDPC
			short GI (80 MHz)
			TX STBC
			SU Beamformer
			SU Beamformee
			MU Beamformer
			+HTC-VHT
			RX antenna pattern consistency
			TX antenna pattern consistency
		VHT RX MCS set:
			1 streams: MCS 0-9
			2 streams: MCS 0-9
			3 streams: not supported
			4 streams: not supported
			5 streams: not supported
			6 streams: not supported
			7 streams: not supported
			8 streams: not supported
		VHT RX highest supported: 780 Mbps
		VHT TX MCS set:
			1 streams: MCS 0-9
			2 streams: MCS 0-9
			3 streams: not supported
			4 streams: not supported
			5 streams: not supported
			6 streams: not supported
			7 streams: not supported
			8 streams: not supported
		VHT TX highest supported: 780 Mbps
		VHT extended NSS: supported
	VHT operation:
		 * channel width: 1 (80 MHz)
		 * center freq segment 1: 58
		 * center freq segment 2: 0
		 * VHT basic MCS set: 0xfffc
	Extended capabilities:
		 * BSS Transition
		 * Interworking
		 * Operating Mode Notification
		 * TWT Responder Support
		 * 85
		 * Max Number Of MSDUs In A-MSDU is unlimited
	WMM:	 * Parameter version 1
		 * BE: CW 15-1023, AIFSN 3
		 * BK: CW 15-1023, AIFSN 7
		 * VI: CW 7-15, AIFSN 2, TXOP 3008 usec
		 * VO: CW 3-7, AIFSN 2, TXOP 1504 usec
	HE capabilities:
		HE MAC Capabilities (0x00051a081044):
			+HTC HE Supported
			TWT Responder
			BSR
			OM Control
			Maximum A-MPDU Length Exponent: 3
			BQR
			A-MSDU in A-MPDU
			OM Control UL MU Data Disable RX
		HE PHY Capabilities: (0x0420ce926f12af10110c00):
			HE40/HE80/5GHz
			LDPC Coding in Payload
			NDP with 4x HE-LTF and 3.2us GI
			STBC Tx <= 80MHz
			STBC Rx <= 80MHz
			Full Bandwidth UL MU-MIMO
			Partial Bandwidth UL MU-MIMO
			DCM Max Constellation: 2
			DCM Max Constellation Rx: 2
			SU Beamformer
			SU Beamformee
			MU Beamformer
			Beamformee STS <= 80Mhz: 3
			Beamformee STS > 80Mhz: 3
			Sounding Dimensions <= 80Mhz: 2
			Sounding Dimensions > 80Mhz: 2
			Codebook Size SU Feedback
			Codebook Size MU Feedback
			Triggered SU Beamforming Feedback
			Triggered MU Beamforming Feedback
			Partial Bandwidth Extended Range
			PPE Threshold Present
			Max NC: 2
			HE ER SU PPDU 4x HE-LTF 0.8us GI
			HE ER SU PPDU 1x HE-LTF 0.8us GI
			TX 1024-QAM
			RX 1024-QAM
		HE RX MCS and NSS set <= 80 MHz
			1 streams: MCS 0-11
			2 streams: MCS 0-11
			3 streams: not supported
			4 streams: not supported
			5 streams: not supported
			6 streams: not supported
			7 streams: not supported
			8 streams: not supported
		HE TX MCS and NSS set <= 80 MHz
			1 streams: MCS 0-11
			2 streams: MCS 0-11
			3 streams: not supported
			4 streams: not supported
			5 streams: not supported
			6 streams: not supported
			7 streams: not supported
			8 streams: not supported
		PPE Threshold 0x39 0x1c 0xc7 0x71 0x1c 0x07 
BSS 26:0b:2a:ff:e9:af(on wlxd0374542d42e)
	TSF: 162693324871 usec (1d, 21:11:33)
	freq: 5280.0
	beacon interval: 100 TUs
	capability: ESS Privacy ShortPreamble SpectrumMgmt RadioMeasure (0x1131)
	signal: -52.00 dBm
	last seen: 6031 ms ago
	Supported rates: 6.0* 9.0 12.0* 18.0 24.0* 36.0 48.0 54.0 
	DS Parameter set: channel 56
	TIM: DTIM Count 0 DTIM Period 1 Bitmap Control 0x0 Bitmap[0] 0x0
	Country: VN	Environment: bogus
		Channels [36 - 64] @ 30 dBm
		Channels [100 - 120] @ 30 dBm
		Channels [149 - 161] @ 30 dBm
	Power constraint: 0 dB
	TPC report: TX power: 19 dBm
	Transmit Power Envelope:
	RM enabled capabilities:
		Capabilities: 0x02 0x00 0x01 0x00 0x00
			Neighbor Report
			AP Channel Report
		Nonoperating Channel Max Measurement Duration: 0
		Measurement Pilot Capability: 0
	AP Channel Report:
		 * operating class: 128
		 * channel(s): 42 58 106 122
	RSN:	 * Version: 1
		 * Group cipher: CCMP
		 * Pairwise ciphers: CCMP
		 * Authentication suites: PSK SAE
		 * Capabilities: 1-PTKSA-RC 1-GTKSA-RC MFP-capable (0x0080)
		 * 0 PMKIDs
		 * Group mgmt cipher suite: AES-128-CMAC
	HT capabilities:
		Capabilities: 0x9ef
			RX LDPC
			HT20/HT40
			SM Power Save disabled
			RX HT20 SGI
			RX HT40 SGI
			TX STBC
			RX STBC 1-stream
			Max AMSDU length: 7935 bytes
			No DSSS/CCK HT40
		Maximum RX AMPDU length 65535 bytes (exponent: 0x003)
		Minimum RX AMPDU time spacing: 2 usec (0x04)
		HT RX MCS rate indexes supported: 0-15
		HT TX MCS rate indexes are undefined
	HT operation:
		 * primary channel: 56
		 * secondary channel offset: below
		 * STA channel width: any
		 * RIFS: 0
		 * HT protection: no
		 * non-GF present: 0
		 * OBSS non-GF present: 0
		 * dual beacon: 0
		 * dual CTS protection: 0
		 * STBC beacon: 0
		 * L-SIG TXOP Prot: 0
		 * PCO active: 0
		 * PCO phase: 0
	VHT capabilities:
		VHT Capabilities (0x33ca79b2):
			Max MPDU length: 11454
			Supported Channel Width: neither 160 nor 80+80
			RX LDPC
			short GI (80 MHz)
			TX STBC
			SU Beamformer
			SU Beamformee
			MU Beamformer
			+HTC-VHT
			RX antenna pattern consistency
			TX antenna pattern consistency
		VHT RX MCS set:
			1 streams: MCS 0-9
			2 streams: MCS 0-9
			3 streams: not supported
			4 streams: not supported
			5 streams: not supported
			6 streams: not supported
			7 streams: not supported
			8 streams: not supported
		VHT RX highest supported: 780 Mbps
		VHT TX MCS set:
			1 streams: MCS 0-9
			2 streams: MCS 0-9
			3 streams: not supported
			4 streams: not supported
			5 streams: not supported
			6 streams: not supported
			7 streams: not supported
			8 streams: not supported
		VHT TX highest supported: 780 Mbps
		VHT extended NSS: supported
	VHT operation:
		 * channel width: 1 (80 MHz)
		 * center freq segment 1: 58
		 * center freq segment 2: 0
		 * VHT basic MCS set: 0xfffc
	Extended capabilities:
		 * BSS Transition
		 * Interworking
		 * Operating Mode Notification
		 * TWT Responder Support
		 * 85
		 * Max Number Of MSDUs In A-MSDU is unlimited
	WMM:	 * Parameter version 1
		 * BE: CW 15-1023, AIFSN 3
		 * BK: CW 15-1023, AIFSN 7
		 * VI: CW 7-15, AIFSN 2, TXOP 3008 usec
		 * VO: CW 3-7, AIFSN 2, TXOP 1504 usec
	HE capabilities:
		HE MAC Capabilities (0x00051a081044):
			+HTC HE Supported
			TWT Responder
			BSR
			OM Control
			Maximum A-MPDU Length Exponent: 3
			BQR
			A-MSDU in A-MPDU
			OM Control UL MU Data Disable RX
		HE PHY Capabilities: (0x0420ce926f12af10110c00):
			HE40/HE80/5GHz
			LDPC Coding in Payload
			NDP with 4x HE-LTF and 3.2us GI
			STBC Tx <= 80MHz
			STBC Rx <= 80MHz
			Full Bandwidth UL MU-MIMO
			Partial Bandwidth UL MU-MIMO
			DCM Max Constellation: 2
			DCM Max Constellation Rx: 2
			SU Beamformer
			SU Beamformee
			MU Beamformer
			Beamformee STS <= 80Mhz: 3
			Beamformee STS > 80Mhz: 3
			Sounding Dimensions <= 80Mhz: 2
			Sounding Dimensions > 80Mhz: 2
			Codebook Size SU Feedback
			Codebook Size MU Feedback
			Triggered SU Beamforming Feedback
			Triggered MU Beamforming Feedback
			Partial Bandwidth Extended Range
			PPE Threshold Present
			Max NC: 2
			HE ER SU PPDU 4x HE-LTF 0.8us GI
			HE ER SU PPDU 1x HE-LTF 0.8us GI
			TX 1024-QAM
			RX 1024-QAM
		HE RX MCS and NSS set <= 80 MHz
			1 streams: MCS 0-11
			2 streams: MCS 0-11
			3 streams: not supported
			4 streams: not supported
			5 streams: not supported
			6 streams: not supported
			7 streams: not supported
			8 streams: not supported
		HE TX MCS and NSS set <= 80 MHz
			1 streams: MCS 0-11
			2 streams: MCS 0-11
			3 streams: not supported
			4 streams: not supported
			5 streams: not supported
			6 streams: not supported
			7 streams: not supported
			8 streams: not supported
		PPE Threshold 0x39 0x1c 0xc7 0x71 0x1c 0x07 
BSS 24:0b:2a:5e:28:7a(on wlxd0374542d42e)
	TSF: 236074464589 usec (2d, 17:34:34)
	freq: 5300.0
	beacon interval: 100 TUs
	capability: ESS Privacy SpectrumMgmt APSD RadioMeasure (0x1911)
	signal: -52.00 dBm
	last seen: 30 ms ago
	Information elements from Probe Response frame:
	SSID: DVSBH
	Supported rates: 6.0* 9.0 12.0* 18.0 24.0* 36.0 48.0 54.0 
	DS Parameter set: channel 60
	HT capabilities:
		Capabilities: 0x9ef
			RX LDPC
			HT20/HT40
			SM Power Save disabled
			RX HT20 SGI
			RX HT40 SGI
			TX STBC
			RX STBC 1-stream
			Max AMSDU length: 7935 bytes
			No DSSS/CCK HT40
		Maximum RX AMPDU length 65535 bytes (exponent: 0x003)
		Minimum RX AMPDU time spacing: 4 usec (0x05)
		HT RX MCS rate indexes supported: 0-15, 32
		HT TX MCS rate indexes are undefined
	HT operation:
		 * primary channel: 60
		 * secondary channel offset: above
		 * STA channel width: any
		 * RIFS: 0
		 * HT protection: no
		 * non-GF present: 1
		 * OBSS non-GF present: 0
		 * dual beacon: 0
		 * dual CTS protection: 0
		 * STBC beacon: 0
		 * L-SIG TXOP Prot: 0
		 * PCO active: 0
		 * PCO phase: 0
	RSN:	 * Version: 1
		 * Group cipher: CCMP
		 * Pairwise ciphers: CCMP
		 * Authentication suites: PSK
		 * Capabilities: 1-PTKSA-RC 1-GTKSA-RC (0x0000)
	802.11u Interworking:
		Network Options: 0x0
			Network Type: 0 (Private)
		Venue Group: 2 (Business)
		Venue Type: 8
		HESSID: 24:0b:2a:5e:28:7a
	802.11u Advertisement:
		Query Response Info: 0x7f
			Query Response Length Limit: 127
			ANQP
	Extended capabilities:
		 * BSS Transition
		 * Interworking
		 * QoS Map
		 * WNM-Notification
		 * Max Number Of MSDUs In A-MSDU is unlimited
	BSS Load:
		 * station count: 4
		 * channel utilisation: 90/255
		 * available admission capacity: 31250 [*32us]
	WMM:	 * Parameter version 1
		 * u-APSD
		 * BE: CW 15-1023, AIFSN 3
		 * BK: CW 15-1023, AIFSN 7
		 * VI: CW 7-15, AIFSN 2, TXOP 3008 usec
		 * VO: CW 3-7, AIFSN 2, TXOP 1504 usec
	RM enabled capabilities:
		Capabilities: 0x72 0x00 0x01 0x00 0x00
			Neighbor Report
			Beacon Passive Measurement
			Beacon Active Measurement
			Beacon Table Measurement
			AP Channel Report
		Nonoperating Channel Max Measurement Duration: 0
		Measurement Pilot Capability: 0
	AP Channel Report:
		 * operating class: 128
		 * channel(s): 42 58 106 122 138 155
	Power constraint: 3 dB
	TPC report: TX power: 20 dBm
	Transmit Power Envelope:
		 * Local Maximum Transmit Power For 20 MHz: 15 dBm
		 * Local Maximum Transmit Power For 40 MHz: 15 dBm
		 * Local Maximum Transmit Power For 80 MHz: 15 dBm
	Country: VN	Environment: Indoor/Outdoor
		Channels [36 - 64] @ 23 dBm
		Channels [100 - 120] @ 30 dBm
		Channels [149 - 161] @ 30 dBm
	VHT capabilities:
		VHT Capabilities (0x33c001b1):
			Max MPDU length: 7991
			Supported Channel Width: neither 160 nor 80+80
			RX LDPC
			short GI (80 MHz)
			TX STBC
			+HTC-VHT
			RX antenna pattern consistency
			TX antenna pattern consistency
		VHT RX MCS set:
			1 streams: MCS 0-9
			2 streams: MCS 0-9
			3 streams: not supported
			4 streams: not supported
			5 streams: not supported
			6 streams: not supported
			7 streams: not supported
			8 streams: not supported
		VHT RX highest supported: 780 Mbps
		VHT TX MCS set:
			1 streams: MCS 0-9
			2 streams: MCS 0-9
			3 streams: not supported
			4 streams: not supported
			5 streams: not supported
			6 streams: not supported
			7 streams: not supported
			8 streams: not supported
		VHT TX highest supported: 780 Mbps
		VHT extended NSS: not supported
	VHT operation:
		 * channel width: 1 (80 MHz)
		 * center freq segment 1: 58
		 * center freq segment 2: 0
		 * VHT basic MCS set: 0xfffa
BSS 26:0b:2a:cf:e9:a3(on wlxd0374542d42e)
	TSF: 236031180998 usec (2d, 17:33:51)
	freq: 5500.0
	beacon interval: 100 TUs
	capability: ESS Privacy ShortPreamble SpectrumMgmt RadioMeasure (0x1131)
	signal: -47.00 dBm
	last seen: 5196 ms ago
	SSID: VHT-MESH
	Supported rates: 6.0* 9.0 12.0* 18.0 24.0* 36.0 48.0 54.0 
	DS Parameter set: channel 100
	TIM: DTIM Count 0 DTIM Period 1 Bitmap Control 0x1 Bitmap[0] 0x0
	Country: VN	Environment: bogus
		Channels [36 - 64] @ 30 dBm
		Channels [100 - 120] @ 30 dBm
		Channels [149 - 161] @ 30 dBm
	Power constraint: 0 dB
	TPC report: TX power: 13 dBm
	Transmit Power Envelope:
	RM enabled capabilities:
		Capabilities: 0x02 0x00 0x01 0x00 0x00
			Neighbor Report
			AP Channel Report
		Nonoperating Channel Max Measurement Duration: 0
		Measurement Pilot Capability: 0
	AP Channel Report:
		 * operating class: 128
		 * channel(s): 42 58 106 122
	RSN:	 * Version: 1
		 * Group cipher: CCMP
		 * Pairwise ciphers: CCMP
		 * Authentication suites: PSK
		 * Capabilities: 1-PTKSA-RC 1-GTKSA-RC (0x0000)
	802.11u Interworking:
		Network Options: 0x0
			Network Type: 0 (Private)
		Venue Group: 2 (Business)
		Venue Type: 8
		HESSID: 00:00:00:00:00:00
	802.11u Advertisement:
		Query Response Info: 0x7f
			Query Response Length Limit: 127
			ANQP
	HT capabilities:
		Capabilities: 0x9ef
			RX LDPC
			HT20/HT40
			SM Power Save disabled
			RX HT20 SGI
			RX HT40 SGI
			TX STBC
			RX STBC 1-stream
			Max AMSDU length: 7935 bytes
			No DSSS/CCK HT40
		Maximum RX AMPDU length 65535 bytes (exponent: 0x003)
		Minimum RX AMPDU time spacing: 2 usec (0x04)
		HT RX MCS rate indexes supported: 0-15
		HT TX MCS rate indexes are undefined
	HT operation:
		 * primary channel: 100
		 * secondary channel offset: above
		 * STA channel width: any
		 * RIFS: 0
		 * HT protection: no
		 * non-GF present: 1
		 * OBSS non-GF present: 0
		 * dual beacon: 0
		 * dual CTS protection: 0
		 * STBC beacon: 0
		 * L-SIG TXOP Prot: 0
		 * PCO active: 0
		 * PCO phase: 0
	VHT capabilities:
		VHT Capabilities (0x33ca79b2):
			Max MPDU length: 11454
			Supported Channel Width: neither 160 nor 80+80
			RX LDPC
			short GI (80 MHz)
			TX STBC
			SU Beamformer
			SU Beamformee
			MU Beamformer
			+HTC-VHT
			RX antenna pattern consistency
			TX antenna pattern consistency
		VHT RX MCS set:
			1 streams: MCS 0-9
			2 streams: MCS 0-9
			3 streams: not supported
			4 streams: not supported
			5 streams: not supported
			6 streams: not supported
			7 streams: not supported
			8 streams: not supported
		VHT RX highest supported: 780 Mbps
		VHT TX MCS set:
			1 streams: MCS 0-9
			2 streams: MCS 0-9
			3 streams: not supported
			4 streams: not supported
			5 streams: not supported
			6 streams: not supported
			7 streams: not supported
			8 streams: not supported
		VHT TX highest supported: 780 Mbps
		VHT extended NSS: supported
	VHT operation:
		 * channel width: 1 (80 MHz)
		 * center freq segment 1: 106
		 * center freq segment 2: 0
		 * VHT basic MCS set: 0xfffc
	Extended capabilities:
		 * BSS Transition
		 * Interworking
		 * Operating Mode Notification
		 * TWT Responder Support
		 * 85
		 * Max Number Of MSDUs In A-MSDU is unlimited
	WMM:	 * Parameter version 1
		 * BE: CW 15-1023, AIFSN 3
		 * BK: CW 15-1023, AIFSN 7
		 * VI: CW 7-15, AIFSN 2, TXOP 3008 usec
		 * VO: CW 3-7, AIFSN 2, TXOP 1504 usec
	HE capabilities:
		HE MAC Capabilities (0x00051a081044):
			+HTC HE Supported
			TWT Responder
			BSR
			OM Control
			Maximum A-MPDU Length Exponent: 3
			BQR
			A-MSDU in A-MPDU
			OM Control UL MU Data Disable RX
		HE PHY Capabilities: (0x0420ce926f12af10110c00):
			HE40/HE80/5GHz
			LDPC Coding in Payload
			NDP with 4x HE-LTF and 3.2us GI
			STBC Tx <= 80MHz
			STBC Rx <= 80MHz
			Full Bandwidth UL MU-MIMO
			Partial Bandwidth UL MU-MIMO
			DCM Max Constellation: 2
			DCM Max Constellation Rx: 2
			SU Beamformer
			SU Beamformee
			MU Beamformer
			Beamformee STS <= 80Mhz: 3
			Beamformee STS > 80Mhz: 3
			Sounding Dimensions <= 80Mhz: 2
			Sounding Dimensions > 80Mhz: 2
			Codebook Size SU Feedback
			Codebook Size MU Feedback
			Triggered SU Beamforming Feedback
			Triggered MU Beamforming Feedback
			Partial Bandwidth Extended Range
			PPE Threshold Present
			Max NC: 2
			HE ER SU PPDU 4x HE-LTF 0.8us GI
			HE ER SU PPDU 1x HE-LTF 0.8us GI
			TX 1024-QAM
			RX 1024-QAM
		HE RX MCS and NSS set <= 80 MHz
			1 streams: MCS 0-11
			2 streams: MCS 0-11
			3 streams: not supported
			4 streams: not supported
			5 streams: not supported
			6 streams: not supported
			7 streams: not supported
			8 streams: not supported
		HE TX MCS and NSS set <= 80 MHz
			1 streams: MCS 0-11
			2 streams: MCS 0-11
			3 streams: not supported
			4 streams: not supported
			5 streams: not supported
			6 streams: not supported
			7 streams: not supported
			8 streams: not supported
		PPE Threshold 0x39 0x1c 0xc7 0x71 0x1c 0x07 
BSS 26:0b:2a:cf:e9:5d(on wlxd0374542d42e)
	TSF: 165594110242 usec (1d, 21:59:54)
	freq: 5500.0
	beacon interval: 100 TUs
	capability: ESS Privacy ShortPreamble SpectrumMgmt RadioMeasure (0x1131)
	signal: -38.00 dBm
	last seen: 30 ms ago
	Information elements from Probe Response frame:
	SSID: VHT-MESH
	Supported rates: 6.0* 9.0 12.0* 18.0 24.0* 36.0 48.0 54.0 
	DS Parameter set: channel 100
	ERP: Barker_Preamble_Mode
	RSN:	 * Version: 1
		 * Group cipher: CCMP
		 * Pairwise ciphers: CCMP
		 * Authentication suites: PSK
		 * Capabilities: 1-PTKSA-RC 1-GTKSA-RC (0x0000)
	HT capabilities:
		Capabilities: 0x9ef
			RX LDPC
			HT20/HT40
			SM Power Save disabled
			RX HT20 SGI
			RX HT40 SGI
			TX STBC
			RX STBC 1-stream
			Max AMSDU length: 7935 bytes
			No DSSS/CCK HT40
		Maximum RX AMPDU length 65535 bytes (exponent: 0x003)
		Minimum RX AMPDU time spacing: 2 usec (0x04)
		HT RX MCS rate indexes supported: 0-15
		HT TX MCS rate indexes are undefined
	HT operation:
		 * primary channel: 100
		 * secondary channel offset: above
		 * STA channel width: any
		 * RIFS: 0
		 * HT protection: no
		 * non-GF present: 1
		 * OBSS non-GF present: 0
		 * dual beacon: 0
		 * dual CTS protection: 0
		 * STBC beacon: 0
		 * L-SIG TXOP Prot: 0
		 * PCO active: 0
		 * PCO phase: 0
	Extended capabilities:
		 * BSS Transition
		 * Interworking
		 * Operating Mode Notification
		 * TWT Responder Support
		 * 85
		 * Max Number Of MSDUs In A-MSDU is unlimited
	802.11u Interworking:
		Network Options: 0x0
			Network Type: 0 (Private)
		Venue Group: 2 (Business)
		Venue Type: 8
		HESSID: 00:00:00:00:00:00
	802.11u Advertisement:
		Query Response Info: 0x7f
			Query Response Length Limit: 127
			ANQP
	WMM:	 * Parameter version 1
		 * BE: CW 15-1023, AIFSN 3
		 * BK: CW 15-1023, AIFSN 7
		 * VI: CW 7-15, AIFSN 2, TXOP 3008 usec
		 * VO: CW 3-7, AIFSN 2, TXOP 1504 usec
	RM enabled capabilities:
		Capabilities: 0x02 0x00 0x01 0x00 0x00
			Neighbor Report
			AP Channel Report
		Nonoperating Channel Max Measurement Duration: 0
		Measurement Pilot Capability: 0
	AP Channel Report:
		 * operating class: 128
		 * channel(s): 42 58 106 122
	Power constraint: 0 dB
	TPC report: TX power: 13 dBm
	Transmit Power Envelope:
	Country: VN	Environment: bogus
		Channels [42 - 54] @ -1 dBm
	VHT capabilities:
		VHT Capabilities (0x33ca79b2):
			Max MPDU length: 11454
			Supported Channel Width: neither 160 nor 80+80
			RX LDPC
			short GI (80 MHz)
			TX STBC
			SU Beamformer
			SU Beamformee
			MU Beamformer
			+HTC-VHT
			RX antenna pattern consistency
			TX antenna pattern consistency
		VHT RX MCS set:
			1 streams: MCS 0-9
			2 streams: MCS 0-9
			3 streams: not supported
			4 streams: not supported
			5 streams: not supported
			6 streams: not supported
			7 streams: not supported
			8 streams: not supported
		VHT RX highest supported: 780 Mbps
		VHT TX MCS set:
			1 streams: MCS 0-9
			2 streams: MCS 0-9
			3 streams: not supported
			4 streams: not supported
			5 streams: not supported
			6 streams: not supported
			7 streams: not supported
			8 streams: not supported
		VHT TX highest supported: 780 Mbps
		VHT extended NSS: supported
	VHT operation:
		 * channel width: 1 (80 MHz)
		 * center freq segment 1: 106
		 * center freq segment 2: 0
		 * VHT basic MCS set: 0xfffc
	HE capabilities:
		HE MAC Capabilities (0x00051a081044):
			+HTC HE Supported
			TWT Responder
			BSR
			OM Control
			Maximum A-MPDU Length Exponent: 3
			BQR
			A-MSDU in A-MPDU
			OM Control UL MU Data Disable RX
		HE PHY Capabilities: (0x0420ce926f12af10110c00):
			HE40/HE80/5GHz
			LDPC Coding in Payload
			NDP with 4x HE-LTF and 3.2us GI
			STBC Tx <= 80MHz
			STBC Rx <= 80MHz
			Full Bandwidth UL MU-MIMO
			Partial Bandwidth UL MU-MIMO
			DCM Max Constellation: 2
			DCM Max Constellation Rx: 2
			SU Beamformer
			SU Beamformee
			MU Beamformer
			Beamformee STS <= 80Mhz: 3
			Beamformee STS > 80Mhz: 3
			Sounding Dimensions <= 80Mhz: 2
			Sounding Dimensions > 80Mhz: 2
			Codebook Size SU Feedback
			Codebook Size MU Feedback
			Triggered SU Beamforming Feedback
			Triggered MU Beamforming Feedback
			Partial Bandwidth Extended Range
			PPE Threshold Present
			Max NC: 2
			HE ER SU PPDU 4x HE-LTF 0.8us GI
			HE ER SU PPDU 1x HE-LTF 0.8us GI
			TX 1024-QAM
			RX 1024-QAM
		HE RX MCS and NSS set <= 80 MHz
			1 streams: MCS 0-11
			2 streams: MCS 0-11
			3 streams: not supported
			4 streams: not supported
			5 streams: not supported
			6 streams: not supported
			7 streams: not supported
			8 streams: not supported
		HE TX MCS and NSS set <= 80 MHz
			1 streams: MCS 0-11
			2 streams: MCS 0-11
			3 streams: not supported
			4 streams: not supported
			5 streams: not supported
			6 streams: not supported
			7 streams: not supported
			8 streams: not supported
		PPE Threshold 0x39 0x1c 0xc7 0x71 0x1c 0x07 
BSS 26:0b:2a:ff:e9:a3(on wlxd0374542d42e)
	TSF: 236031181140 usec (2d, 17:33:51)
	freq: 5500.0
	beacon interval: 100 TUs
	capability: ESS Privacy ShortPreamble SpectrumMgmt RadioMeasure (0x1131)
	signal: -47.00 dBm
	last seen: 5191 ms ago
	Supported rates: 6.0* 9.0 12.0* 18.0 24.0* 36.0 48.0 54.0 
	DS Parameter set: channel 100
	TIM: DTIM Count 0 DTIM Period 1 Bitmap Control 0x0 Bitmap[0] 0x0
	Country: VN	Environment: bogus
		Channels [36 - 64] @ 30 dBm
		Channels [100 - 120] @ 30 dBm
		Channels [149 - 161] @ 30 dBm
	Power constraint: 0 dB
	TPC report: TX power: 13 dBm
	Transmit Power Envelope:
	RM enabled capabilities:
		Capabilities: 0x02 0x00 0x01 0x00 0x00
			Neighbor Report
			AP Channel Report
		Nonoperating Channel Max Measurement Duration: 0
		Measurement Pilot Capability: 0
	AP Channel Report:
		 * operating class: 128
		 * channel(s): 42 58 106 122
	RSN:	 * Version: 1
		 * Group cipher: CCMP
		 * Pairwise ciphers: CCMP
		 * Authentication suites: PSK SAE
		 * Capabilities: 1-PTKSA-RC 1-GTKSA-RC MFP-capable (0x0080)
		 * 0 PMKIDs
		 * Group mgmt cipher suite: AES-128-CMAC
	HT capabilities:
		Capabilities: 0x9ef
			RX LDPC
			HT20/HT40
			SM Power Save disabled
			RX HT20 SGI
			RX HT40 SGI
			TX STBC
			RX STBC 1-stream
			Max AMSDU length: 7935 bytes
			No DSSS/CCK HT40
		Maximum RX AMPDU length 65535 bytes (exponent: 0x003)
		Minimum RX AMPDU time spacing: 2 usec (0x04)
		HT RX MCS rate indexes supported: 0-15
		HT TX MCS rate indexes are undefined
	HT operation:
		 * primary channel: 100
		 * secondary channel offset: above
		 * STA channel width: any
		 * RIFS: 0
		 * HT protection: no
		 * non-GF present: 1
		 * OBSS non-GF present: 0
		 * dual beacon: 0
		 * dual CTS protection: 0
		 * STBC beacon: 0
		 * L-SIG TXOP Prot: 0
		 * PCO active: 0
		 * PCO phase: 0
	VHT capabilities:
		VHT Capabilities (0x33ca79b2):
			Max MPDU length: 11454
			Supported Channel Width: neither 160 nor 80+80
			RX LDPC
			short GI (80 MHz)
			TX STBC
			SU Beamformer
			SU Beamformee
			MU Beamformer
			+HTC-VHT
			RX antenna pattern consistency
			TX antenna pattern consistency
		VHT RX MCS set:
			1 streams: MCS 0-9
			2 streams: MCS 0-9
			3 streams: not supported
			4 streams: not supported
			5 streams: not supported
			6 streams: not supported
			7 streams: not supported
			8 streams: not supported
		VHT RX highest supported: 780 Mbps
		VHT TX MCS set:
			1 streams: MCS 0-9
			2 streams: MCS 0-9
			3 streams: not supported
			4 streams: not supported
			5 streams: not supported
			6 streams: not supported
			7 streams: not supported
			8 streams: not supported
		VHT TX highest supported: 780 Mbps
		VHT extended NSS: supported
	VHT operation:
		 * channel width: 1 (80 MHz)
		 * center freq segment 1: 106
		 * center freq segment 2: 0
		 * VHT basic MCS set: 0xfffc
	Extended capabilities:
		 * BSS Transition
		 * Interworking
		 * Operating Mode Notification
		 * TWT Responder Support
		 * 85
		 * Max Number Of MSDUs In A-MSDU is unlimited
	WMM:	 * Parameter version 1
		 * BE: CW 15-1023, AIFSN 3
		 * BK: CW 15-1023, AIFSN 7
		 * VI: CW 7-15, AIFSN 2, TXOP 3008 usec
		 * VO: CW 3-7, AIFSN 2, TXOP 1504 usec
	HE capabilities:
		HE MAC Capabilities (0x00051a081044):
			+HTC HE Supported
			TWT Responder
			BSR
			OM Control
			Maximum A-MPDU Length Exponent: 3
			BQR
			A-MSDU in A-MPDU
			OM Control UL MU Data Disable RX
		HE PHY Capabilities: (0x0420ce926f12af10110c00):
			HE40/HE80/5GHz
			LDPC Coding in Payload
			NDP with 4x HE-LTF and 3.2us GI
			STBC Tx <= 80MHz
			STBC Rx <= 80MHz
			Full Bandwidth UL MU-MIMO
			Partial Bandwidth UL MU-MIMO
			DCM Max Constellation: 2
			DCM Max Constellation Rx: 2
			SU Beamformer
			SU Beamformee
			MU Beamformer
			Beamformee STS <= 80Mhz: 3
			Beamformee STS > 80Mhz: 3
			Sounding Dimensions <= 80Mhz: 2
			Sounding Dimensions > 80Mhz: 2
			Codebook Size SU Feedback
			Codebook Size MU Feedback
			Triggered SU Beamforming Feedback
			Triggered MU Beamforming Feedback
			Partial Bandwidth Extended Range
			PPE Threshold Present
			Max NC: 2
			HE ER SU PPDU 4x HE-LTF 0.8us GI
			HE ER SU PPDU 1x HE-LTF 0.8us GI
			TX 1024-QAM
			RX 1024-QAM
		HE RX MCS and NSS set <= 80 MHz
			1 streams: MCS 0-11
			2 streams: MCS 0-11
			3 streams: not supported
			4 streams: not supported
			5 streams: not supported
			6 streams: not supported
			7 streams: not supported
			8 streams: not supported
		HE TX MCS and NSS set <= 80 MHz
			1 streams: MCS 0-11
			2 streams: MCS 0-11
			3 streams: not supported
			4 streams: not supported
			5 streams: not supported
			6 streams: not supported
			7 streams: not supported
			8 streams: not supported
		PPE Threshold 0x39 0x1c 0xc7 0x71 0x1c 0x07 
BSS 24:0b:2a:28:06:8d(on wlxd0374542d42e)
	TSF: 165555577418 usec (1d, 21:59:15)
	freq: 5520.0
	beacon interval: 100 TUs
	capability: ESS Privacy ShortPreamble SpectrumMgmt APSD RadioMeasure (0x1931)
	signal: -42.00 dBm
	last seen: 30 ms ago
	Information elements from Probe Response frame:
	SSID: VIETTEL_280688_5G
	Supported rates: 6.0* 9.0 12.0* 18.0 24.0* 36.0 48.0 54.0 
	DS Parameter set: channel 104
	ERP: <no flags>
	RSN:	 * Version: 1
		 * Group cipher: CCMP
		 * Pairwise ciphers: CCMP
		 * Authentication suites: PSK
		 * Capabilities: 1-PTKSA-RC 1-GTKSA-RC (0x0000)
	HT capabilities:
		Capabilities: 0x9ef
			RX LDPC
			HT20/HT40
			SM Power Save disabled
			RX HT20 SGI
			RX HT40 SGI
			TX STBC
			RX STBC 1-stream
			Max AMSDU length: 7935 bytes
			No DSSS/CCK HT40
		Maximum RX AMPDU length 65535 bytes (exponent: 0x003)
		Minimum RX AMPDU time spacing: 4 usec (0x05)
		HT RX MCS rate indexes supported: 0-15
		HT TX MCS rate indexes are undefined
	HT operation:
		 * primary channel: 104
		 * secondary channel offset: below
		 * STA channel width: any
		 * RIFS: 0
		 * HT protection: no
		 * non-GF present: 1
		 * OBSS non-GF present: 0
		 * dual beacon: 0
		 * dual CTS protection: 0
		 * STBC beacon: 0
		 * L-SIG TXOP Prot: 0
		 * PCO active: 0
		 * PCO phase: 0
	Extended capabilities:
		 * BSS Transition
		 * Interworking
		 * Operating Mode Notification
		 * Max Number Of MSDUs In A-MSDU is unlimited
	BSS Load:
		 * station count: 0
		 * channel utilisation: 62/255
		 * available admission capacity: 31250 [*32us]
	WMM:	 * Parameter version 1
		 * u-APSD
		 * BE: CW 15-1023, AIFSN 3
		 * BK: CW 15-1023, AIFSN 7
		 * VI: CW 7-15, AIFSN 2, TXOP 3008 usec
		 * VO: CW 3-7, AIFSN 2, TXOP 1504 usec
	RM enabled capabilities:
		Capabilities: 0x02 0x00 0x01 0x00 0x00
			Neighbor Report
			AP Channel Report
		Nonoperating Channel Max Measurement Duration: 0
		Measurement Pilot Capability: 0
	AP Channel Report:
		 * operating class: 128
		 * channel(s): 42 58 106 122
	Power constraint: 0 dB
	TPC report: TX power: 22 dBm
	Transmit Power Envelope:
	Country: VN	Environment: Indoor/Outdoor
		Channels [42 - 54] @ -1 dBm
	VHT capabilities:
		VHT Capabilities (0x33ca79b2):
			Max MPDU length: 11454
			Supported Channel Width: neither 160 nor 80+80
			RX LDPC
			short GI (80 MHz)
			TX STBC
			SU Beamformer
			SU Beamformee
			MU Beamformer
			+HTC-VHT
			RX antenna pattern consistency
			TX antenna pattern consistency
		VHT RX MCS set:
			1 streams: MCS 0-9
			2 streams: MCS 0-9
			3 streams: not supported
			4 streams: not supported
			5 streams: not supported
			6 streams: not supported
			7 streams: not supported
			8 streams: not supported
		VHT RX highest supported: 780 Mbps
		VHT TX MCS set:
			1 streams: MCS 0-9
			2 streams: MCS 0-9
			3 streams: not supported
			4 streams: not supported
			5 streams: not supported
			6 streams: not supported
			7 streams: not supported
			8 streams: not supported
		VHT TX highest supported: 780 Mbps
		VHT extended NSS: supported
	VHT operation:
		 * channel width: 1 (80 MHz)
		 * center freq segment 1: 106
		 * center freq segment 2: 0
		 * VHT basic MCS set: 0xfffc
	HE capabilities:
		HE MAC Capabilities (0x00011a081044):
			+HTC HE Supported
			BSR
			OM Control
			Maximum A-MPDU Length Exponent: 3
			BQR
			A-MSDU in A-MPDU
			OM Control UL MU Data Disable RX
		HE PHY Capabilities: (0x0420ce926f12af10110c00):
			HE40/HE80/5GHz
			LDPC Coding in Payload
			NDP with 4x HE-LTF and 3.2us GI
			STBC Tx <= 80MHz
			STBC Rx <= 80MHz
			Full Bandwidth UL MU-MIMO
			Partial Bandwidth UL MU-MIMO
			DCM Max Constellation: 2
			DCM Max Constellation Rx: 2
			SU Beamformer
			SU Beamformee
			MU Beamformer
			Beamformee STS <= 80Mhz: 3
			Beamformee STS > 80Mhz: 3
			Sounding Dimensions <= 80Mhz: 2
			Sounding Dimensions > 80Mhz: 2
			Codebook Size SU Feedback
			Codebook Size MU Feedback
			Triggered SU Beamforming Feedback
			Triggered MU Beamforming Feedback
			Partial Bandwidth Extended Range
			PPE Threshold Present
			Max NC: 2
			HE ER SU PPDU 4x HE-LTF 0.8us GI
			HE ER SU PPDU 1x HE-LTF 0.8us GI
			TX 1024-QAM
			RX 1024-QAM
		HE RX MCS and NSS set <= 80 MHz
			1 streams: MCS 0-11
			2 streams: MCS 0-11
			3 streams: not supported
			4 streams: not supported
			5 streams: not supported
			6 streams: not supported
			7 streams: not supported
			8 streams: not supported
		HE TX MCS and NSS set <= 80 MHz
			1 streams: MCS 0-11
			2 streams: MCS 0-11
			3 streams: not supported
			4 streams: not supported
			5 streams: not supported
			6 streams: not supported
			7 streams: not supported
			8 streams: not supported
		PPE Threshold 0x39 0x1c 0xc7 0x71 0x1c 0x07 
BSS 24:0b:2a:f1:14:09(on wlxd0374542d42e)
	TSF: 139303353696 usec (1d, 14:41:43)
	freq: 5520.0
	beacon interval: 100 TUs
	capability: ESS Privacy ShortPreamble SpectrumMgmt APSD RadioMeasure (0x1931)
	signal: -33.00 dBm
	last seen: 30 ms ago
	Information elements from Probe Response frame:
	SSID: VIETTEL_F11404
	Supported rates: 6.0* 9.0 12.0* 18.0 24.0* 36.0 48.0 54.0 
	DS Parameter set: channel 104
	ERP: <no flags>
	RSN:	 * Version: 1
		 * Group cipher: CCMP
		 * Pairwise ciphers: CCMP
		 * Authentication suites: PSK
		 * Capabilities: 1-PTKSA-RC 1-GTKSA-RC (0x0000)
	HT capabilities:
		Capabilities: 0x9ef
			RX LDPC
			HT20/HT40
			SM Power Save disabled
			RX HT20 SGI
			RX HT40 SGI
			TX STBC
			RX STBC 1-stream
			Max AMSDU length: 7935 bytes
			No DSSS/CCK HT40
		Maximum RX AMPDU length 65535 bytes (exponent: 0x003)
		Minimum RX AMPDU time spacing: 4 usec (0x05)
		HT RX MCS rate indexes supported: 0-15
		HT TX MCS rate indexes are undefined
	HT operation:
		 * primary channel: 104
		 * secondary channel offset: below
		 * STA channel width: any
		 * RIFS: 0
		 * HT protection: no
		 * non-GF present: 0
		 * OBSS non-GF present: 0
		 * dual beacon: 0
		 * dual CTS protection: 0
		 * STBC beacon: 0
		 * L-SIG TXOP Prot: 0
		 * PCO active: 0
		 * PCO phase: 0
	Extended capabilities:
		 * BSS Transition
		 * Interworking
		 * Operating Mode Notification
		 * Max Number Of MSDUs In A-MSDU is unlimited
	BSS Load:
		 * station count: 0
		 * channel utilisation: 66/255
		 * available admission capacity: 31250 [*32us]
	WMM:	 * Parameter version 1
		 * u-APSD
		 * BE: CW 15-1023, AIFSN 3
		 * BK: CW 15-1023, AIFSN 7
		 * VI: CW 7-15, AIFSN 2, TXOP 3008 usec
		 * VO: CW 3-7, AIFSN 2, TXOP 1504 usec
	RM enabled capabilities:
		Capabilities: 0x02 0x00 0x01 0x00 0x00
			Neighbor Report
			AP Channel Report
		Nonoperating Channel Max Measurement Duration: 0
		Measurement Pilot Capability: 0
	AP Channel Report:
		 * operating class: 128
		 * channel(s): 42 58 106 122
	Power constraint: 0 dB
	TPC report: TX power: 22 dBm
	Transmit Power Envelope:
	Country: VN	Environment: Indoor/Outdoor
		Channels [42 - 54] @ -1 dBm
	VHT capabilities:
		VHT Capabilities (0x33ca79b2):
			Max MPDU length: 11454
			Supported Channel Width: neither 160 nor 80+80
			RX LDPC
			short GI (80 MHz)
			TX STBC
			SU Beamformer
			SU Beamformee
			MU Beamformer
			+HTC-VHT
			RX antenna pattern consistency
			TX antenna pattern consistency
		VHT RX MCS set:
			1 streams: MCS 0-9
			2 streams: MCS 0-9
			3 streams: not supported
			4 streams: not supported
			5 streams: not supported
			6 streams: not supported
			7 streams: not supported
			8 streams: not supported
		VHT RX highest supported: 780 Mbps
		VHT TX MCS set:
			1 streams: MCS 0-9
			2 streams: MCS 0-9
			3 streams: not supported
			4 streams: not supported
			5 streams: not supported
			6 streams: not supported
			7 streams: not supported
			8 streams: not supported
		VHT TX highest supported: 780 Mbps
		VHT extended NSS: supported
	VHT operation:
		 * channel width: 1 (80 MHz)
		 * center freq segment 1: 106
		 * center freq segment 2: 0
		 * VHT basic MCS set: 0xfffc
	HE capabilities:
		HE MAC Capabilities (0x00011a081044):
			+HTC HE Supported
			BSR
			OM Control
			Maximum A-MPDU Length Exponent: 3
			BQR
			A-MSDU in A-MPDU
			OM Control UL MU Data Disable RX
		HE PHY Capabilities: (0x0420ce926f12af10110c00):
			HE40/HE80/5GHz
			LDPC Coding in Payload
			NDP with 4x HE-LTF and 3.2us GI
			STBC Tx <= 80MHz
			STBC Rx <= 80MHz
			Full Bandwidth UL MU-MIMO
			Partial Bandwidth UL MU-MIMO
			DCM Max Constellation: 2
			DCM Max Constellation Rx: 2
			SU Beamformer
			SU Beamformee
			MU Beamformer
			Beamformee STS <= 80Mhz: 3
			Beamformee STS > 80Mhz: 3
			Sounding Dimensions <= 80Mhz: 2
			Sounding Dimensions > 80Mhz: 2
			Codebook Size SU Feedback
			Codebook Size MU Feedback
			Triggered SU Beamforming Feedback
			Triggered MU Beamforming Feedback
			Partial Bandwidth Extended Range
			PPE Threshold Present
			Max NC: 2
			HE ER SU PPDU 4x HE-LTF 0.8us GI
			HE ER SU PPDU 1x HE-LTF 0.8us GI
			TX 1024-QAM
			RX 1024-QAM
		HE RX MCS and NSS set <= 80 MHz
			1 streams: MCS 0-11
			2 streams: MCS 0-11
			3 streams: not supported
			4 streams: not supported
			5 streams: not supported
			6 streams: not supported
			7 streams: not supported
			8 streams: not supported
		HE TX MCS and NSS set <= 80 MHz
			1 streams: MCS 0-11
			2 streams: MCS 0-11
			3 streams: not supported
			4 streams: not supported
			5 streams: not supported
			6 streams: not supported
			7 streams: not supported
			8 streams: not supported
		PPE Threshold 0x39 0x1c 0xc7 0x71 0x1c 0x07 
BSS 26:0b:2a:c1:ba:14(on wlxd0374542d42e)
	TSF: 236037534160 usec (2d, 17:33:57)
	freq: 5520.0
	beacon interval: 100 TUs
	capability: ESS Privacy ShortPreamble SpectrumMgmt RadioMeasure (0x1131)
	signal: -50.00 dBm
	last seen: 4899 ms ago
	SSID: VIETTEL_AP_F1BA13
	Supported rates: 6.0* 9.0 12.0* 18.0 24.0* 36.0 48.0 54.0 
	DS Parameter set: channel 104
	TIM: DTIM Count 0 DTIM Period 1 Bitmap Control 0x0 Bitmap[0] 0x0
	Country: VN	Environment: bogus
		Channels [36 - 64] @ 30 dBm
		Channels [100 - 140] @ 30 dBm
		Channels [149 - 165] @ 30 dBm
	Power constraint: 0 dB
	TPC report: TX power: 14 dBm
	Transmit Power Envelope:
	RM enabled capabilities:
		Capabilities: 0x02 0x00 0x01 0x00 0x00
			Neighbor Report
			AP Channel Report
		Nonoperating Channel Max Measurement Duration: 0
		Measurement Pilot Capability: 0
	AP Channel Report:
		 * operating class: 129
		 * channel(s): 50 114
	RSN:	 * Version: 1
		 * Group cipher: CCMP
		 * Pairwise ciphers: CCMP
		 * Authentication suites: PSK SAE
		 * Capabilities: 1-PTKSA-RC 1-GTKSA-RC MFP-capable (0x0080)
		 * 0 PMKIDs
		 * Group mgmt cipher suite: AES-128-CMAC
	802.11u Interworking:
		Network Options: 0x0
			Network Type: 0 (Private)
		Venue Group: 0 (Unspecified)
		Venue Type: 8
		HESSID: 00:00:00:00:00:00
	802.11u Advertisement:
		Query Response Info: 0x7f
			Query Response Length Limit: 127
			ANQP
	HT capabilities:
		Capabilities: 0x9ef
			RX LDPC
			HT20/HT40
			SM Power Save disabled
			RX HT20 SGI
			RX HT40 SGI
			TX STBC
			RX STBC 1-stream
			Max AMSDU length: 7935 bytes
			No DSSS/CCK HT40
		Maximum RX AMPDU length 65535 bytes (exponent: 0x003)
		Minimum RX AMPDU time spacing: 2 usec (0x04)
		HT RX MCS rate indexes supported: 0-15, 32
		HT TX MCS rate indexes are undefined
	HT operation:
		 * primary channel: 104
		 * secondary channel offset: below
		 * STA channel width: any
		 * RIFS: 0
		 * HT protection: no
		 * non-GF present: 0
		 * OBSS non-GF present: 0
		 * dual beacon: 0
		 * dual CTS protection: 0
		 * STBC beacon: 0
		 * L-SIG TXOP Prot: 0
		 * PCO active: 0
		 * PCO phase: 0
	VHT capabilities:
		VHT Capabilities (0x33ca79f6):
			Max MPDU length: 11454
			Supported Channel Width: 160 MHz
			RX LDPC
			short GI (80 MHz)
			short GI (160/80+80 MHz)
			TX STBC
			SU Beamformer
			SU Beamformee
			MU Beamformer
			+HTC-VHT
			RX antenna pattern consistency
			TX antenna pattern consistency
		VHT RX MCS set:
			1 streams: MCS 0-9
			2 streams: MCS 0-9
			3 streams: not supported
			4 streams: not supported
			5 streams: not supported
			6 streams: not supported
			7 streams: not supported
			8 streams: not supported
		VHT RX highest supported: 1560 Mbps
		VHT TX MCS set:
			1 streams: MCS 0-9
			2 streams: MCS 0-9
			3 streams: not supported
			4 streams: not supported
			5 streams: not supported
			6 streams: not supported
			7 streams: not supported
			8 streams: not supported
		VHT TX highest supported: 1560 Mbps
		VHT extended NSS: supported
	VHT operation:
		 * channel width: 1 (80 MHz)
		 * center freq segment 1: 106
		 * center freq segment 2: 114
		 * VHT basic MCS set: 0xfffc
	Extended capabilities:
		 * BSS Transition
		 * Interworking
		 * Operating Mode Notification
		 * TWT Responder Support
		 * 85
		 * Max Number Of MSDUs In A-MSDU is unlimited
	WMM:	 * Parameter version 1
		 * BE: CW 15-1023, AIFSN 3
		 * BK: CW 15-1023, AIFSN 7
		 * VI: CW 7-15, AIFSN 2, TXOP 3008 usec
		 * VO: CW 3-7, AIFSN 2, TXOP 1504 usec
	HE capabilities:
		HE MAC Capabilities (0x00051a081044):
			+HTC HE Supported
			TWT Responder
			BSR
			OM Control
			Maximum A-MPDU Length Exponent: 3
			BQR
			A-MSDU in A-MPDU
			OM Control UL MU Data Disable RX
		HE PHY Capabilities: (0x0c20ce926f12afd0110c00):
			HE40/HE80/5GHz
			HE160/5GHz
			LDPC Coding in Payload
			NDP with 4x HE-LTF and 3.2us GI
			STBC Tx <= 80MHz
			STBC Rx <= 80MHz
			Full Bandwidth UL MU-MIMO
			Partial Bandwidth UL MU-MIMO
			DCM Max Constellation: 2
			DCM Max Constellation Rx: 2
			SU Beamformer
			SU Beamformee
			MU Beamformer
			Beamformee STS <= 80Mhz: 3
			Beamformee STS > 80Mhz: 3
			Sounding Dimensions <= 80Mhz: 2
			Sounding Dimensions > 80Mhz: 2
			Codebook Size SU Feedback
			Codebook Size MU Feedback
			Triggered SU Beamforming Feedback
			Triggered MU Beamforming Feedback
			Partial Bandwidth Extended Range
			PPE Threshold Present
			Max NC: 2
			STBC Tx > 80MHz
			STBC Rx > 80MHz
			HE ER SU PPDU 4x HE-LTF 0.8us GI
			HE ER SU PPDU 1x HE-LTF 0.8us GI
			TX 1024-QAM
			RX 1024-QAM
		HE RX MCS and NSS set <= 80 MHz
			1 streams: MCS 0-11
			2 streams: MCS 0-11
			3 streams: not supported
			4 streams: not supported
			5 streams: not supported
			6 streams: not supported
			7 streams: not supported
			8 streams: not supported
		HE TX MCS and NSS set <= 80 MHz
			1 streams: MCS 0-11
			2 streams: MCS 0-11
			3 streams: not supported
			4 streams: not supported
			5 streams: not supported
			6 streams: not supported
			7 streams: not supported
			8 streams: not supported
		HE RX MCS and NSS set 160 MHz
			1 streams: MCS 0-11
			2 streams: MCS 0-11
			3 streams: not supported
			4 streams: not supported
			5 streams: not supported
			6 streams: not supported
			7 streams: not supported
			8 streams: not supported
		HE TX MCS and NSS set 160 MHz
			1 streams: MCS 0-11
			2 streams: MCS 0-11
			3 streams: not supported
			4 streams: not supported
			5 streams: not supported
			6 streams: not supported
			7 streams: not supported
			8 streams: not supported
		PPE Threshold 0x79 0x1c 0xc7 0x71 0x1c 0xc7 0x71 
BSS 26:0b:2a:f1:ba:14(on wlxd0374542d42e)
	TSF: 236037530017 usec (2d, 17:33:57)
	freq: 5520.0
	beacon interval: 100 TUs
	capability: ESS Privacy ShortPreamble SpectrumMgmt RadioMeasure (0x1131)
	signal: -50.00 dBm
	last seen: 4891 ms ago
	Supported rates: 6.0* 9.0 12.0* 18.0 24.0* 36.0 48.0 54.0 
	DS Parameter set: channel 104
	TIM: DTIM Count 0 DTIM Period 1 Bitmap Control 0x0 Bitmap[0] 0x0
	Country: VN	Environment: bogus
		Channels [36 - 64] @ 30 dBm
		Channels [100 - 140] @ 30 dBm
		Channels [149 - 165] @ 30 dBm
	Power constraint: 0 dB
	TPC report: TX power: 14 dBm
	Transmit Power Envelope:
	RM enabled capabilities:
		Capabilities: 0x02 0x00 0x01 0x00 0x00
			Neighbor Report
			AP Channel Report
		Nonoperating Channel Max Measurement Duration: 0
		Measurement Pilot Capability: 0
	AP Channel Report:
		 * operating class: 129
		 * channel(s): 50 114
	RSN:	 * Version: 1
		 * Group cipher: CCMP
		 * Pairwise ciphers: CCMP
		 * Authentication suites: PSK SAE
		 * Capabilities: 1-PTKSA-RC 1-GTKSA-RC MFP-capable (0x0080)
		 * 0 PMKIDs
		 * Group mgmt cipher suite: AES-128-CMAC
	HT capabilities:
		Capabilities: 0x9ef
			RX LDPC
			HT20/HT40
			SM Power Save disabled
			RX HT20 SGI
			RX HT40 SGI
			TX STBC
			RX STBC 1-stream
			Max AMSDU length: 7935 bytes
			No DSSS/CCK HT40
		Maximum RX AMPDU length 65535 bytes (exponent: 0x003)
		Minimum RX AMPDU time spacing: 2 usec (0x04)
		HT RX MCS rate indexes supported: 0-15, 32
		HT TX MCS rate indexes are undefined
	HT operation:
		 * primary channel: 104
		 * secondary channel offset: below
		 * STA channel width: any
		 * RIFS: 0
		 * HT protection: no
		 * non-GF present: 0
		 * OBSS non-GF present: 0
		 * dual beacon: 0
		 * dual CTS protection: 0
		 * STBC beacon: 0
		 * L-SIG TXOP Prot: 0
		 * PCO active: 0
		 * PCO phase: 0
	VHT capabilities:
		VHT Capabilities (0x33ca79f6):
			Max MPDU length: 11454
			Supported Channel Width: 160 MHz
			RX LDPC
			short GI (80 MHz)
			short GI (160/80+80 MHz)
			TX STBC
			SU Beamformer
			SU Beamformee
			MU Beamformer
			+HTC-VHT
			RX antenna pattern consistency
			TX antenna pattern consistency
		VHT RX MCS set:
			1 streams: MCS 0-9
			2 streams: MCS 0-9
			3 streams: not supported
			4 streams: not supported
			5 streams: not supported
			6 streams: not supported
			7 streams: not supported
			8 streams: not supported
		VHT RX highest supported: 1560 Mbps
		VHT TX MCS set:
			1 streams: MCS 0-9
			2 streams: MCS 0-9
			3 streams: not supported
			4 streams: not supported
			5 streams: not supported
			6 streams: not supported
			7 streams: not supported
			8 streams: not supported
		VHT TX highest supported: 1560 Mbps
		VHT extended NSS: supported
	VHT operation:
		 * channel width: 1 (80 MHz)
		 * center freq segment 1: 106
		 * center freq segment 2: 114
		 * VHT basic MCS set: 0xfffc
	Extended capabilities:
		 * BSS Transition
		 * Interworking
		 * Operating Mode Notification
		 * TWT Responder Support
		 * 85
		 * Max Number Of MSDUs In A-MSDU is unlimited
	WMM:	 * Parameter version 1
		 * BE: CW 15-1023, AIFSN 3
		 * BK: CW 15-1023, AIFSN 7
		 * VI: CW 7-15, AIFSN 2, TXOP 3008 usec
		 * VO: CW 3-7, AIFSN 2, TXOP 1504 usec
	HE capabilities:
		HE MAC Capabilities (0x00051a081044):
			+HTC HE Supported
			TWT Responder
			BSR
			OM Control
			Maximum A-MPDU Length Exponent: 3
			BQR
			A-MSDU in A-MPDU
			OM Control UL MU Data Disable RX
		HE PHY Capabilities: (0x0c20ce926f12afd0110c00):
			HE40/HE80/5GHz
			HE160/5GHz
			LDPC Coding in Payload
			NDP with 4x HE-LTF and 3.2us GI
			STBC Tx <= 80MHz
			STBC Rx <= 80MHz
			Full Bandwidth UL MU-MIMO
			Partial Bandwidth UL MU-MIMO
			DCM Max Constellation: 2
			DCM Max Constellation Rx: 2
			SU Beamformer
			SU Beamformee
			MU Beamformer
			Beamformee STS <= 80Mhz: 3
			Beamformee STS > 80Mhz: 3
			Sounding Dimensions <= 80Mhz: 2
			Sounding Dimensions > 80Mhz: 2
			Codebook Size SU Feedback
			Codebook Size MU Feedback
			Triggered SU Beamforming Feedback
			Triggered MU Beamforming Feedback
			Partial Bandwidth Extended Range
			PPE Threshold Present
			Max NC: 2
			STBC Tx > 80MHz
			STBC Rx > 80MHz
			HE ER SU PPDU 4x HE-LTF 0.8us GI
			HE ER SU PPDU 1x HE-LTF 0.8us GI
			TX 1024-QAM
			RX 1024-QAM
		HE RX MCS and NSS set <= 80 MHz
			1 streams: MCS 0-11
			2 streams: MCS 0-11
			3 streams: not supported
			4 streams: not supported
			5 streams: not supported
			6 streams: not supported
			7 streams: not supported
			8 streams: not supported
		HE TX MCS and NSS set <= 80 MHz
			1 streams: MCS 0-11
			2 streams: MCS 0-11
			3 streams: not supported
			4 streams: not supported
			5 streams: not supported
			6 streams: not supported
			7 streams: not supported
			8 streams: not supported
		HE RX MCS and NSS set 160 MHz
			1 streams: MCS 0-11
			2 streams: MCS 0-11
			3 streams: not supported
			4 streams: not supported
			5 streams: not supported
			6 streams: not supported
			7 streams: not supported
			8 streams: not supported
		HE TX MCS and NSS set 160 MHz
			1 streams: MCS 0-11
			2 streams: MCS 0-11
			3 streams: not supported
			4 streams: not supported
			5 streams: not supported
			6 streams: not supported
			7 streams: not supported
			8 streams: not supported
		PPE Threshold 0x79 0x1c 0xc7 0x71 0x1c 0xc7 0x71 
BSS 26:0b:2a:c1:b9:ea(on wlxd0374542d42e)
	TSF: 236035037132 usec (2d, 17:33:55)
	freq: 5540.0
	beacon interval: 100 TUs
	capability: ESS Privacy ShortPreamble SpectrumMgmt RadioMeasure (0x1131)
	signal: -49.00 dBm
	last seen: 30 ms ago
	Information elements from Probe Response frame:
	SSID: _VHT-MESH-20Users
	Supported rates: 6.0* 9.0 12.0* 18.0 24.0* 36.0 48.0 54.0 
	DS Parameter set: channel 108
	ERP: Barker_Preamble_Mode
	RSN:	 * Version: 1
		 * Group cipher: CCMP
		 * Pairwise ciphers: CCMP
		 * Authentication suites: PSK
		 * Capabilities: 1-PTKSA-RC 1-GTKSA-RC (0x0000)
	HT capabilities:
		Capabilities: 0x9ef
			RX LDPC
			HT20/HT40
			SM Power Save disabled
			RX HT20 SGI
			RX HT40 SGI
			TX STBC
			RX STBC 1-stream
			Max AMSDU length: 7935 bytes
			No DSSS/CCK HT40
		Maximum RX AMPDU length 65535 bytes (exponent: 0x003)
		Minimum RX AMPDU time spacing: 2 usec (0x04)
		HT RX MCS rate indexes supported: 0-15
		HT TX MCS rate indexes are undefined
	HT operation:
		 * primary channel: 108
		 * secondary channel offset: above
		 * STA channel width: any
		 * RIFS: 0
		 * HT protection: no
		 * non-GF present: 1
		 * OBSS non-GF present: 0
		 * dual beacon: 0
		 * dual CTS protection: 0
		 * STBC beacon: 0
		 * L-SIG TXOP Prot: 0
		 * PCO active: 0
		 * PCO phase: 0
	Extended capabilities:
		 * BSS Transition
		 * Interworking
		 * Operating Mode Notification
		 * TWT Responder Support
		 * 85
		 * Max Number Of MSDUs In A-MSDU is unlimited
	802.11u Interworking:
		Network Options: 0x0
			Network Type: 0 (Private)
		Venue Group: 2 (Business)
		Venue Type: 8
		HESSID: 00:00:00:00:00:00
	802.11u Advertisement:
		Query Response Info: 0x7f
			Query Response Length Limit: 127
			ANQP
	WMM:	 * Parameter version 1
		 * BE: CW 15-1023, AIFSN 3
		 * BK: CW 15-1023, AIFSN 7
		 * VI: CW 7-15, AIFSN 2, TXOP 3008 usec
		 * VO: CW 3-7, AIFSN 2, TXOP 1504 usec
	RM enabled capabilities:
		Capabilities: 0x02 0x00 0x01 0x00 0x00
			Neighbor Report
			AP Channel Report
		Nonoperating Channel Max Measurement Duration: 0
		Measurement Pilot Capability: 0
	AP Channel Report:
		 * operating class: 128
		 * channel(s): 42 58 106 122
	Power constraint: 0 dB
	TPC report: TX power: 14 dBm
	Transmit Power Envelope:
	Country: VN	Environment: bogus
		Channels [42 - 54] @ -1 dBm
	VHT capabilities:
		VHT Capabilities (0x33ca79b2):
			Max MPDU length: 11454
			Supported Channel Width: neither 160 nor 80+80
			RX LDPC
			short GI (80 MHz)
			TX STBC
			SU Beamformer
			SU Beamformee
			MU Beamformer
			+HTC-VHT
			RX antenna pattern consistency
			TX antenna pattern consistency
		VHT RX MCS set:
			1 streams: MCS 0-9
			2 streams: MCS 0-9
			3 streams: not supported
			4 streams: not supported
			5 streams: not supported
			6 streams: not supported
			7 streams: not supported
			8 streams: not supported
		VHT RX highest supported: 780 Mbps
		VHT TX MCS set:
			1 streams: MCS 0-9
			2 streams: MCS 0-9
			3 streams: not supported
			4 streams: not supported
			5 streams: not supported
			6 streams: not supported
			7 streams: not supported
			8 streams: not supported
		VHT TX highest supported: 780 Mbps
		VHT extended NSS: supported
	VHT operation:
		 * channel width: 1 (80 MHz)
		 * center freq segment 1: 106
		 * center freq segment 2: 0
		 * VHT basic MCS set: 0xfffc
	HE capabilities:
		HE MAC Capabilities (0x00051a081044):
			+HTC HE Supported
			TWT Responder
			BSR
			OM Control
			Maximum A-MPDU Length Exponent: 3
			BQR
			A-MSDU in A-MPDU
			OM Control UL MU Data Disable RX
		HE PHY Capabilities: (0x0420ce926f12af10110c00):
			HE40/HE80/5GHz
			LDPC Coding in Payload
			NDP with 4x HE-LTF and 3.2us GI
			STBC Tx <= 80MHz
			STBC Rx <= 80MHz
			Full Bandwidth UL MU-MIMO
			Partial Bandwidth UL MU-MIMO
			DCM Max Constellation: 2
			DCM Max Constellation Rx: 2
			SU Beamformer
			SU Beamformee
			MU Beamformer
			Beamformee STS <= 80Mhz: 3
			Beamformee STS > 80Mhz: 3
			Sounding Dimensions <= 80Mhz: 2
			Sounding Dimensions > 80Mhz: 2
			Codebook Size SU Feedback
			Codebook Size MU Feedback
			Triggered SU Beamforming Feedback
			Triggered MU Beamforming Feedback
			Partial Bandwidth Extended Range
			PPE Threshold Present
			Max NC: 2
			HE ER SU PPDU 4x HE-LTF 0.8us GI
			HE ER SU PPDU 1x HE-LTF 0.8us GI
			TX 1024-QAM
			RX 1024-QAM
		HE RX MCS and NSS set <= 80 MHz
			1 streams: MCS 0-11
			2 streams: MCS 0-11
			3 streams: not supported
			4 streams: not supported
			5 streams: not supported
			6 streams: not supported
			7 streams: not supported
			8 streams: not supported
		HE TX MCS and NSS set <= 80 MHz
			1 streams: MCS 0-11
			2 streams: MCS 0-11
			3 streams: not supported
			4 streams: not supported
			5 streams: not supported
			6 streams: not supported
			7 streams: not supported
			8 streams: not supported
		PPE Threshold 0x39 0x1c 0xc7 0x71 0x1c 0x07 
BSS 26:0b:2a:c1:b9:e7(on wlxd0374542d42e)
	TSF: 236034080386 usec (2d, 17:33:54)
	freq: 5540.0
	beacon interval: 100 TUs
	capability: ESS Privacy ShortPreamble SpectrumMgmt RadioMeasure (0x1131)
	signal: -51.00 dBm
	last seen: 30 ms ago
	Information elements from Probe Response frame:
	SSID: _VHT-MESH-20Users
	Supported rates: 6.0* 9.0 12.0* 18.0 24.0* 36.0 48.0 54.0 
	DS Parameter set: channel 108
	ERP: <no flags>
	RSN:	 * Version: 1
		 * Group cipher: CCMP
		 * Pairwise ciphers: CCMP
		 * Authentication suites: PSK
		 * Capabilities: 1-PTKSA-RC 1-GTKSA-RC (0x0000)
	HT capabilities:
		Capabilities: 0x9ef
			RX LDPC
			HT20/HT40
			SM Power Save disabled
			RX HT20 SGI
			RX HT40 SGI
			TX STBC
			RX STBC 1-stream
			Max AMSDU length: 7935 bytes
			No DSSS/CCK HT40
		Maximum RX AMPDU length 65535 bytes (exponent: 0x003)
		Minimum RX AMPDU time spacing: 2 usec (0x04)
		HT RX MCS rate indexes supported: 0-15
		HT TX MCS rate indexes are undefined
	HT operation:
		 * primary channel: 108
		 * secondary channel offset: above
		 * STA channel width: any
		 * RIFS: 0
		 * HT protection: no
		 * non-GF present: 0
		 * OBSS non-GF present: 0
		 * dual beacon: 0
		 * dual CTS protection: 0
		 * STBC beacon: 0
		 * L-SIG TXOP Prot: 0
		 * PCO active: 0
		 * PCO phase: 0
	Extended capabilities:
		 * BSS Transition
		 * Interworking
		 * Operating Mode Notification
		 * TWT Responder Support
		 * 85
		 * Max Number Of MSDUs In A-MSDU is unlimited
	802.11u Interworking:
		Network Options: 0x0
			Network Type: 0 (Private)
		Venue Group: 2 (Business)
		Venue Type: 8
		HESSID: 00:00:00:00:00:00
	802.11u Advertisement:
		Query Response Info: 0x7f
			Query Response Length Limit: 127
			ANQP
	WMM:	 * Parameter version 1
		 * BE: CW 15-1023, AIFSN 3
		 * BK: CW 15-1023, AIFSN 7
		 * VI: CW 7-15, AIFSN 2, TXOP 3008 usec
		 * VO: CW 3-7, AIFSN 2, TXOP 1504 usec
	RM enabled capabilities:
		Capabilities: 0x02 0x00 0x01 0x00 0x00
			Neighbor Report
			AP Channel Report
		Nonoperating Channel Max Measurement Duration: 0
		Measurement Pilot Capability: 0
	AP Channel Report:
		 * operating class: 128
		 * channel(s): 42 58 106 122
	Power constraint: 0 dB
	TPC report: TX power: 14 dBm
	Transmit Power Envelope:
	Country: VN	Environment: bogus
		Channels [42 - 54] @ -1 dBm
	VHT capabilities:
		VHT Capabilities (0x33ca79b2):
			Max MPDU length: 11454
			Supported Channel Width: neither 160 nor 80+80
			RX LDPC
			short GI (80 MHz)
			TX STBC
			SU Beamformer
			SU Beamformee
			MU Beamformer
			+HTC-VHT
			RX antenna pattern consistency
			TX antenna pattern consistency
		VHT RX MCS set:
			1 streams: MCS 0-9
			2 streams: MCS 0-9
			3 streams: not supported
			4 streams: not supported
			5 streams: not supported
			6 streams: not supported
			7 streams: not supported
			8 streams: not supported
		VHT RX highest supported: 780 Mbps
		VHT TX MCS set:
			1 streams: MCS 0-9
			2 streams: MCS 0-9
			3 streams: not supported
			4 streams: not supported
			5 streams: not supported
			6 streams: not supported
			7 streams: not supported
			8 streams: not supported
		VHT TX highest supported: 780 Mbps
		VHT extended NSS: supported
	VHT operation:
		 * channel width: 1 (80 MHz)
		 * center freq segment 1: 106
		 * center freq segment 2: 0
		 * VHT basic MCS set: 0xfffc
	HE capabilities:
		HE MAC Capabilities (0x00051a081044):
			+HTC HE Supported
			TWT Responder
			BSR
			OM Control
			Maximum A-MPDU Length Exponent: 3
			BQR
			A-MSDU in A-MPDU
			OM Control UL MU Data Disable RX
		HE PHY Capabilities: (0x0420ce926f12af10110c00):
			HE40/HE80/5GHz
			LDPC Coding in Payload
			NDP with 4x HE-LTF and 3.2us GI
			STBC Tx <= 80MHz
			STBC Rx <= 80MHz
			Full Bandwidth UL MU-MIMO
			Partial Bandwidth UL MU-MIMO
			DCM Max Constellation: 2
			DCM Max Constellation Rx: 2
			SU Beamformer
			SU Beamformee
			MU Beamformer
			Beamformee STS <= 80Mhz: 3
			Beamformee STS > 80Mhz: 3
			Sounding Dimensions <= 80Mhz: 2
			Sounding Dimensions > 80Mhz: 2
			Codebook Size SU Feedback
			Codebook Size MU Feedback
			Triggered SU Beamforming Feedback
			Triggered MU Beamforming Feedback
			Partial Bandwidth Extended Range
			PPE Threshold Present
			Max NC: 2
			HE ER SU PPDU 4x HE-LTF 0.8us GI
			HE ER SU PPDU 1x HE-LTF 0.8us GI
			TX 1024-QAM
			RX 1024-QAM
		HE RX MCS and NSS set <= 80 MHz
			1 streams: MCS 0-11
			2 streams: MCS 0-11
			3 streams: not supported
			4 streams: not supported
			5 streams: not supported
			6 streams: not supported
			7 streams: not supported
			8 streams: not supported
		HE TX MCS and NSS set <= 80 MHz
			1 streams: MCS 0-11
			2 streams: MCS 0-11
			3 streams: not supported
			4 streams: not supported
			5 streams: not supported
			6 streams: not supported
			7 streams: not supported
			8 streams: not supported
		PPE Threshold 0x39 0x1c 0xc7 0x71 0x1c 0x07 
BSS 26:0b:2a:f1:b9:e7(on wlxd0374542d42e)
	TSF: 236035891262 usec (2d, 17:33:55)
	freq: 5540.0
	beacon interval: 100 TUs
	capability: ESS Privacy ShortPreamble SpectrumMgmt RadioMeasure (0x1131)
	signal: -54.00 dBm
	last seen: 2830 ms ago
	Supported rates: 6.0* 9.0 12.0* 18.0 24.0* 36.0 48.0 54.0 
	DS Parameter set: channel 108
	TIM: DTIM Count 0 DTIM Period 1 Bitmap Control 0x0 Bitmap[0] 0x0
	Country: VN	Environment: bogus
		Channels [36 - 64] @ 30 dBm
		Channels [100 - 120] @ 30 dBm
		Channels [149 - 161] @ 30 dBm
	Power constraint: 0 dB
	TPC report: TX power: 14 dBm
	Transmit Power Envelope:
	RM enabled capabilities:
		Capabilities: 0x02 0x00 0x01 0x00 0x00
			Neighbor Report
			AP Channel Report
		Nonoperating Channel Max Measurement Duration: 0
		Measurement Pilot Capability: 0
	AP Channel Report:
		 * operating class: 128
		 * channel(s): 42 58 106 122
	RSN:	 * Version: 1
		 * Group cipher: CCMP
		 * Pairwise ciphers: CCMP
		 * Authentication suites: PSK SAE
		 * Capabilities: 1-PTKSA-RC 1-GTKSA-RC MFP-capable (0x0080)
		 * 0 PMKIDs
		 * Group mgmt cipher suite: AES-128-CMAC
	HT capabilities:
		Capabilities: 0x9ef
			RX LDPC
			HT20/HT40
			SM Power Save disabled
			RX HT20 SGI
			RX HT40 SGI
			TX STBC
			RX STBC 1-stream
			Max AMSDU length: 7935 bytes
			No DSSS/CCK HT40
		Maximum RX AMPDU length 65535 bytes (exponent: 0x003)
		Minimum RX AMPDU time spacing: 2 usec (0x04)
		HT RX MCS rate indexes supported: 0-15
		HT TX MCS rate indexes are undefined
	HT operation:
		 * primary channel: 108
		 * secondary channel offset: above
		 * STA channel width: any
		 * RIFS: 0
		 * HT protection: no
		 * non-GF present: 0
		 * OBSS non-GF present: 0
		 * dual beacon: 0
		 * dual CTS protection: 0
		 * STBC beacon: 0
		 * L-SIG TXOP Prot: 0
		 * PCO active: 0
		 * PCO phase: 0
	VHT capabilities:
		VHT Capabilities (0x33ca79b2):
			Max MPDU length: 11454
			Supported Channel Width: neither 160 nor 80+80
			RX LDPC
			short GI (80 MHz)
			TX STBC
			SU Beamformer
			SU Beamformee
			MU Beamformer
			+HTC-VHT
			RX antenna pattern consistency
			TX antenna pattern consistency
		VHT RX MCS set:
			1 streams: MCS 0-9
			2 streams: MCS 0-9
			3 streams: not supported
			4 streams: not supported
			5 streams: not supported
			6 streams: not supported
			7 streams: not supported
			8 streams: not supported
		VHT RX highest supported: 780 Mbps
		VHT TX MCS set:
			1 streams: MCS 0-9
			2 streams: MCS 0-9
			3 streams: not supported
			4 streams: not supported
			5 streams: not supported
			6 streams: not supported
			7 streams: not supported
			8 streams: not supported
		VHT TX highest supported: 780 Mbps
		VHT extended NSS: supported
	VHT operation:
		 * channel width: 1 (80 MHz)
		 * center freq segment 1: 106
		 * center freq segment 2: 0
		 * VHT basic MCS set: 0xfffc
	Extended capabilities:
		 * BSS Transition
		 * Interworking
		 * Operating Mode Notification
		 * TWT Responder Support
		 * 85
		 * Max Number Of MSDUs In A-MSDU is unlimited
	WMM:	 * Parameter version 1
		 * BE: CW 15-1023, AIFSN 3
		 * BK: CW 15-1023, AIFSN 7
		 * VI: CW 7-15, AIFSN 2, TXOP 3008 usec
		 * VO: CW 3-7, AIFSN 2, TXOP 1504 usec
	HE capabilities:
		HE MAC Capabilities (0x00051a081044):
			+HTC HE Supported
			TWT Responder
			BSR
			OM Control
			Maximum A-MPDU Length Exponent: 3
			BQR
			A-MSDU in A-MPDU
			OM Control UL MU Data Disable RX
		HE PHY Capabilities: (0x0420ce926f12af10110c00):
			HE40/HE80/5GHz
			LDPC Coding in Payload
			NDP with 4x HE-LTF and 3.2us GI
			STBC Tx <= 80MHz
			STBC Rx <= 80MHz
			Full Bandwidth UL MU-MIMO
			Partial Bandwidth UL MU-MIMO
			DCM Max Constellation: 2
			DCM Max Constellation Rx: 2
			SU Beamformer
			SU Beamformee
			MU Beamformer
			Beamformee STS <= 80Mhz: 3
			Beamformee STS > 80Mhz: 3
			Sounding Dimensions <= 80Mhz: 2
			Sounding Dimensions > 80Mhz: 2
			Codebook Size SU Feedback
			Codebook Size MU Feedback
			Triggered SU Beamforming Feedback
			Triggered MU Beamforming Feedback
			Partial Bandwidth Extended Range
			PPE Threshold Present
			Max NC: 2
			HE ER SU PPDU 4x HE-LTF 0.8us GI
			HE ER SU PPDU 1x HE-LTF 0.8us GI
			TX 1024-QAM
			RX 1024-QAM
		HE RX MCS and NSS set <= 80 MHz
			1 streams: MCS 0-11
			2 streams: MCS 0-11
			3 streams: not supported
			4 streams: not supported
			5 streams: not supported
			6 streams: not supported
			7 streams: not supported
			8 streams: not supported
		HE TX MCS and NSS set <= 80 MHz
			1 streams: MCS 0-11
			2 streams: MCS 0-11
			3 streams: not supported
			4 streams: not supported
			5 streams: not supported
			6 streams: not supported
			7 streams: not supported
			8 streams: not supported
		PPE Threshold 0x39 0x1c 0xc7 0x71 0x1c 0x07 
BSS 24:0b:2a:30:12:25(on wlxd0374542d42e)
	TSF: 78706850970 usec (0d, 21:51:46)
	freq: 5765.0
	beacon interval: 100 TUs
	capability: ESS Privacy ShortPreamble SpectrumMgmt APSD RadioMeasure (0x1931)
	signal: -45.00 dBm
	last seen: 29 ms ago
	Information elements from Probe Response frame:
	SSID: VIETTEL_301220
	Supported rates: 6.0* 9.0 12.0* 18.0 24.0* 36.0 48.0 54.0 
	DS Parameter set: channel 153
	ERP: <no flags>
	RSN:	 * Version: 1
		 * Group cipher: CCMP
		 * Pairwise ciphers: CCMP
		 * Authentication suites: PSK
		 * Capabilities: 1-PTKSA-RC 1-GTKSA-RC (0x0000)
	HT capabilities:
		Capabilities: 0x9ef
			RX LDPC
			HT20/HT40
			SM Power Save disabled
			RX HT20 SGI
			RX HT40 SGI
			TX STBC
			RX STBC 1-stream
			Max AMSDU length: 7935 bytes
			No DSSS/CCK HT40
		Maximum RX AMPDU length 65535 bytes (exponent: 0x003)
		Minimum RX AMPDU time spacing: 4 usec (0x05)
		HT RX MCS rate indexes supported: 0-15
		HT TX MCS rate indexes are undefined
	HT operation:
		 * primary channel: 153
		 * secondary channel offset: below
		 * STA channel width: any
		 * RIFS: 0
		 * HT protection: no
		 * non-GF present: 0
		 * OBSS non-GF present: 0
		 * dual beacon: 0
		 * dual CTS protection: 0
		 * STBC beacon: 0
		 * L-SIG TXOP Prot: 0
		 * PCO active: 0
		 * PCO phase: 0
	Extended capabilities:
		 * BSS Transition
		 * Interworking
		 * Operating Mode Notification
		 * Max Number Of MSDUs In A-MSDU is unlimited
	BSS Load:
		 * station count: 0
		 * channel utilisation: 87/255
		 * available admission capacity: 31250 [*32us]
	WMM:	 * Parameter version 1
		 * u-APSD
		 * BE: CW 15-1023, AIFSN 3
		 * BK: CW 15-1023, AIFSN 7
		 * VI: CW 7-15, AIFSN 2, TXOP 3008 usec
		 * VO: CW 3-7, AIFSN 2, TXOP 1504 usec
	RM enabled capabilities:
		Capabilities: 0x02 0x00 0x01 0x00 0x00
			Neighbor Report
			AP Channel Report
		Nonoperating Channel Max Measurement Duration: 0
		Measurement Pilot Capability: 0
	AP Channel Report:
		 * operating class: 128
		 * channel(s): 42 58 106 122
	Power constraint: 0 dB
	TPC report: TX power: 22 dBm
	Transmit Power Envelope:
	Country: VN	Environment: Indoor/Outdoor
		Channels [42 - 54] @ -1 dBm
	VHT capabilities:
		VHT Capabilities (0x33ca79b2):
			Max MPDU length: 11454
			Supported Channel Width: neither 160 nor 80+80
			RX LDPC
			short GI (80 MHz)
			TX STBC
			SU Beamformer
			SU Beamformee
			MU Beamformer
			+HTC-VHT
			RX antenna pattern consistency
			TX antenna pattern consistency
		VHT RX MCS set:
			1 streams: MCS 0-9
			2 streams: MCS 0-9
			3 streams: not supported
			4 streams: not supported
			5 streams: not supported
			6 streams: not supported
			7 streams: not supported
			8 streams: not supported
		VHT RX highest supported: 780 Mbps
		VHT TX MCS set:
			1 streams: MCS 0-9
			2 streams: MCS 0-9
			3 streams: not supported
			4 streams: not supported
			5 streams: not supported
			6 streams: not supported
			7 streams: not supported
			8 streams: not supported
		VHT TX highest supported: 780 Mbps
		VHT extended NSS: supported
	VHT operation:
		 * channel width: 1 (80 MHz)
		 * center freq segment 1: 155
		 * center freq segment 2: 0
		 * VHT basic MCS set: 0xfffc
	HE capabilities:
		HE MAC Capabilities (0x00011a081044):
			+HTC HE Supported
			BSR
			OM Control
			Maximum A-MPDU Length Exponent: 3
			BQR
			A-MSDU in A-MPDU
			OM Control UL MU Data Disable RX
		HE PHY Capabilities: (0x0420ce926f12af10110c00):
			HE40/HE80/5GHz
			LDPC Coding in Payload
			NDP with 4x HE-LTF and 3.2us GI
			STBC Tx <= 80MHz
			STBC Rx <= 80MHz
			Full Bandwidth UL MU-MIMO
			Partial Bandwidth UL MU-MIMO
			DCM Max Constellation: 2
			DCM Max Constellation Rx: 2
			SU Beamformer
			SU Beamformee
			MU Beamformer
			Beamformee STS <= 80Mhz: 3
			Beamformee STS > 80Mhz: 3
			Sounding Dimensions <= 80Mhz: 2
			Sounding Dimensions > 80Mhz: 2
			Codebook Size SU Feedback
			Codebook Size MU Feedback
			Triggered SU Beamforming Feedback
			Triggered MU Beamforming Feedback
			Partial Bandwidth Extended Range
			PPE Threshold Present
			Max NC: 2
			HE ER SU PPDU 4x HE-LTF 0.8us GI
			HE ER SU PPDU 1x HE-LTF 0.8us GI
			TX 1024-QAM
			RX 1024-QAM
		HE RX MCS and NSS set <= 80 MHz
			1 streams: MCS 0-11
			2 streams: MCS 0-11
			3 streams: not supported
			4 streams: not supported
			5 streams: not supported
			6 streams: not supported
			7 streams: not supported
			8 streams: not supported
		HE TX MCS and NSS set <= 80 MHz
			1 streams: MCS 0-11
			2 streams: MCS 0-11
			3 streams: not supported
			4 streams: not supported
			5 streams: not supported
			6 streams: not supported
			7 streams: not supported
			8 streams: not supported
		PPE Threshold 0x39 0x1c 0xc7 0x71 0x1c 0x07 
BSS 24:0b:2a:77:5b:51(on wlxd0374542d42e)
	TSF: 236076706348 usec (2d, 17:34:36)
	freq: 5765.0
	beacon interval: 100 TUs
	capability: ESS Privacy ShortPreamble RadioMeasure (0x1031)
	signal: -55.00 dBm
	last seen: 29 ms ago
	Information elements from Probe Response frame:
	SSID: VHT-MESH ONT5
	Supported rates: 6.0* 9.0 12.0* 18.0 24.0* 36.0 48.0 54.0 
	DS Parameter set: channel 153
	HT capabilities:
		Capabilities: 0x9ef
			RX LDPC
			HT20/HT40
			SM Power Save disabled
			RX HT20 SGI
			RX HT40 SGI
			TX STBC
			RX STBC 1-stream
			Max AMSDU length: 7935 bytes
			No DSSS/CCK HT40
		Maximum RX AMPDU length 65535 bytes (exponent: 0x003)
		Minimum RX AMPDU time spacing: 4 usec (0x05)
		HT RX MCS rate indexes supported: 0-15, 32
		HT TX MCS rate indexes are undefined
	HT operation:
		 * primary channel: 153
		 * secondary channel offset: below
		 * STA channel width: any
		 * RIFS: 0
		 * HT protection: no
		 * non-GF present: 0
		 * OBSS non-GF present: 0
		 * dual beacon: 0
		 * dual CTS protection: 0
		 * STBC beacon: 0
		 * L-SIG TXOP Prot: 0
		 * PCO active: 0
		 * PCO phase: 0
	RSN:	 * Version: 1
		 * Group cipher: CCMP
		 * Pairwise ciphers: CCMP
		 * Authentication suites: PSK
		 * Capabilities: 1-PTKSA-RC 1-GTKSA-RC (0x0000)
	802.11u Interworking:
		Network Options: 0x0
			Network Type: 0 (Private)
		Venue Group: 2 (Business)
		Venue Type: 8
		HESSID: 24:0b:2a:77:5b:51
	802.11u Advertisement:
		Query Response Info: 0x7f
			Query Response Length Limit: 127
			ANQP
	Extended capabilities:
		 * BSS Transition
		 * Interworking
		 * QoS Map
		 * WNM-Notification
		 * Max Number Of MSDUs In A-MSDU is unlimited
	BSS Load:
		 * station count: 0
		 * channel utilisation: 143/255
		 * available admission capacity: 31250 [*32us]
	WMM:	 * Parameter version 1
		 * BE: CW 15-1023, AIFSN 3
		 * BK: CW 15-1023, AIFSN 7
		 * VI: CW 7-15, AIFSN 2, TXOP 3008 usec
		 * VO: CW 3-7, AIFSN 2, TXOP 1504 usec
	RM enabled capabilities:
		Capabilities: 0x72 0x00 0x01 0x00 0x00
			Neighbor Report
			Beacon Passive Measurement
			Beacon Active Measurement
			Beacon Table Measurement
			AP Channel Report
		Nonoperating Channel Max Measurement Duration: 0
		Measurement Pilot Capability: 0
	AP Channel Report:
		 * operating class: 128
		 * channel(s): 42 58 106 122 138 155
	Power constraint: 3 dB
	TPC report: TX power: 63 dBm
	Transmit Power Envelope:
		 * Local Maximum Transmit Power For 20 MHz: 15 dBm
		 * Local Maximum Transmit Power For 40 MHz: 15 dBm
		 * Local Maximum Transmit Power For 80 MHz: 15 dBm
	Country: VN	Environment: Indoor/Outdoor
		Channels [42 - 62] @ -1 dBm
	VHT capabilities:
		VHT Capabilities (0x33c179b1):
			Max MPDU length: 7991
			Supported Channel Width: neither 160 nor 80+80
			RX LDPC
			short GI (80 MHz)
			TX STBC
			SU Beamformer
			SU Beamformee
			+HTC-VHT
			RX antenna pattern consistency
			TX antenna pattern consistency
		VHT RX MCS set:
			1 streams: MCS 0-9
			2 streams: MCS 0-9
			3 streams: not supported
			4 streams: not supported
			5 streams: not supported
			6 streams: not supported
			7 streams: not supported
			8 streams: not supported
		VHT RX highest supported: 780 Mbps
		VHT TX MCS set:
			1 streams: MCS 0-9
			2 streams: MCS 0-9
			3 streams: not supported
			4 streams: not supported
			5 streams: not supported
			6 streams: not supported
			7 streams: not supported
			8 streams: not supported
		VHT TX highest supported: 780 Mbps
		VHT extended NSS: not supported
	VHT operation:
		 * channel width: 1 (80 MHz)
		 * center freq segment 1: 155
		 * center freq segment 2: 0
		 * VHT basic MCS set: 0xfffa
BSS 26:0b:2a:cf:e9:4b(on wlxd0374542d42e)
	TSF: 52117571478 usec (0d, 14:28:37)
	freq: 5785.0
	beacon interval: 100 TUs
	capability: ESS Privacy ShortPreamble SpectrumMgmt RadioMeasure (0x1131)
	signal: -22.00 dBm
	last seen: 29 ms ago
	Information elements from Probe Response frame:
	SSID: .-_-.
	Supported rates: 6.0* 9.0 12.0* 18.0 24.0* 36.0 48.0 54.0 
	DS Parameter set: channel 157
	ERP: Barker_Preamble_Mode
	RSN:	 * Version: 1
		 * Group cipher: CCMP
		 * Pairwise ciphers: CCMP
		 * Authentication suites: PSK
		 * Capabilities: 1-PTKSA-RC 1-GTKSA-RC (0x0000)
	HT capabilities:
		Capabilities: 0x9ef
			RX LDPC
			HT20/HT40
			SM Power Save disabled
			RX HT20 SGI
			RX HT40 SGI
			TX STBC
			RX STBC 1-stream
			Max AMSDU length: 7935 bytes
			No DSSS/CCK HT40
		Maximum RX AMPDU length 65535 bytes (exponent: 0x003)
		Minimum RX AMPDU time spacing: 2 usec (0x04)
		HT RX MCS rate indexes supported: 0-15, 32
		HT TX MCS rate indexes are undefined
	HT operation:
		 * primary channel: 157
		 * secondary channel offset: above
		 * STA channel width: any
		 * RIFS: 0
		 * HT protection: no
		 * non-GF present: 1
		 * OBSS non-GF present: 0
		 * dual beacon: 0
		 * dual CTS protection: 0
		 * STBC beacon: 0
		 * L-SIG TXOP Prot: 0
		 * PCO active: 0
		 * PCO phase: 0
	Extended capabilities:
		 * BSS Transition
		 * Interworking
		 * Operating Mode Notification
		 * TWT Responder Support
		 * 85
		 * Max Number Of MSDUs In A-MSDU is unlimited
	802.11u Interworking:
		Network Options: 0x0
			Network Type: 0 (Private)
		Venue Group: 2 (Business)
		Venue Type: 8
		HESSID: 00:00:00:00:00:00
	802.11u Advertisement:
		Query Response Info: 0x7f
			Query Response Length Limit: 127
			ANQP
	WMM:	 * Parameter version 1
		 * BE: CW 15-1023, AIFSN 3
		 * BK: CW 15-1023, AIFSN 7
		 * VI: CW 7-15, AIFSN 2, TXOP 3008 usec
		 * VO: CW 3-7, AIFSN 2, TXOP 1504 usec
	RM enabled capabilities:
		Capabilities: 0x02 0x00 0x01 0x00 0x00
			Neighbor Report
			AP Channel Report
		Nonoperating Channel Max Measurement Duration: 0
		Measurement Pilot Capability: 0
	AP Channel Report:
		 * operating class: 128
		 * channel(s): 42 58 106 122
	Power constraint: 0 dB
	TPC report: TX power: 18 dBm
	Transmit Power Envelope:
	Country: VN	Environment: bogus
		Channels [42 - 54] @ -1 dBm
	VHT capabilities:
		VHT Capabilities (0x33ca79b2):
			Max MPDU length: 11454
			Supported Channel Width: neither 160 nor 80+80
			RX LDPC
			short GI (80 MHz)
			TX STBC
			SU Beamformer
			SU Beamformee
			MU Beamformer
			+HTC-VHT
			RX antenna pattern consistency
			TX antenna pattern consistency
		VHT RX MCS set:
			1 streams: MCS 0-9
			2 streams: MCS 0-9
			3 streams: not supported
			4 streams: not supported
			5 streams: not supported
			6 streams: not supported
			7 streams: not supported
			8 streams: not supported
		VHT RX highest supported: 780 Mbps
		VHT TX MCS set:
			1 streams: MCS 0-9
			2 streams: MCS 0-9
			3 streams: not supported
			4 streams: not supported
			5 streams: not supported
			6 streams: not supported
			7 streams: not supported
			8 streams: not supported
		VHT TX highest supported: 780 Mbps
		VHT extended NSS: supported
	VHT operation:
		 * channel width: 1 (80 MHz)
		 * center freq segment 1: 155
		 * center freq segment 2: 0
		 * VHT basic MCS set: 0xfffc
	HE capabilities:
		HE MAC Capabilities (0x00051a081044):
			+HTC HE Supported
			TWT Responder
			BSR
			OM Control
			Maximum A-MPDU Length Exponent: 3
			BQR
			A-MSDU in A-MPDU
			OM Control UL MU Data Disable RX
		HE PHY Capabilities: (0x0420ce926f12af10110c00):
			HE40/HE80/5GHz
			LDPC Coding in Payload
			NDP with 4x HE-LTF and 3.2us GI
			STBC Tx <= 80MHz
			STBC Rx <= 80MHz
			Full Bandwidth UL MU-MIMO
			Partial Bandwidth UL MU-MIMO
			DCM Max Constellation: 2
			DCM Max Constellation Rx: 2
			SU Beamformer
			SU Beamformee
			MU Beamformer
			Beamformee STS <= 80Mhz: 3
			Beamformee STS > 80Mhz: 3
			Sounding Dimensions <= 80Mhz: 2
			Sounding Dimensions > 80Mhz: 2
			Codebook Size SU Feedback
			Codebook Size MU Feedback
			Triggered SU Beamforming Feedback
			Triggered MU Beamforming Feedback
			Partial Bandwidth Extended Range
			PPE Threshold Present
			Max NC: 2
			HE ER SU PPDU 4x HE-LTF 0.8us GI
			HE ER SU PPDU 1x HE-LTF 0.8us GI
			TX 1024-QAM
			RX 1024-QAM
		HE RX MCS and NSS set <= 80 MHz
			1 streams: MCS 0-11
			2 streams: MCS 0-11
			3 streams: not supported
			4 streams: not supported
			5 streams: not supported
			6 streams: not supported
			7 streams: not supported
			8 streams: not supported
		HE TX MCS and NSS set <= 80 MHz
			1 streams: MCS 0-11
			2 streams: MCS 0-11
			3 streams: not supported
			4 streams: not supported
			5 streams: not supported
			6 streams: not supported
			7 streams: not supported
			8 streams: not supported
		PPE Threshold 0x39 0x1c 0xc7 0x71 0x1c 0x07 
BSS 26:0b:2a:cf:e9:6b(on wlxd0374542d42e)
	TSF: 236038490772 usec (2d, 17:33:58)
	freq: 5805.0
	beacon interval: 100 TUs
	capability: ESS Privacy ShortPreamble SpectrumMgmt RadioMeasure (0x1131)
	signal: -33.00 dBm
	last seen: 29 ms ago
	Information elements from Probe Response frame:
	SSID: VHT_5G
	Supported rates: 6.0* 9.0 12.0* 18.0 24.0* 36.0 48.0 54.0 
	DS Parameter set: channel 161
	ERP: <no flags>
	RSN:	 * Version: 1
		 * Group cipher: CCMP
		 * Pairwise ciphers: CCMP
		 * Authentication suites: PSK
		 * Capabilities: 1-PTKSA-RC 1-GTKSA-RC (0x0000)
	HT capabilities:
		Capabilities: 0x9ef
			RX LDPC
			HT20/HT40
			SM Power Save disabled
			RX HT20 SGI
			RX HT40 SGI
			TX STBC
			RX STBC 1-stream
			Max AMSDU length: 7935 bytes
			No DSSS/CCK HT40
		Maximum RX AMPDU length 65535 bytes (exponent: 0x003)
		Minimum RX AMPDU time spacing: 2 usec (0x04)
		HT RX MCS rate indexes supported: 0-15
		HT TX MCS rate indexes are undefined
	HT operation:
		 * primary channel: 161
		 * secondary channel offset: below
		 * STA channel width: any
		 * RIFS: 0
		 * HT protection: no
		 * non-GF present: 0
		 * OBSS non-GF present: 0
		 * dual beacon: 0
		 * dual CTS protection: 0
		 * STBC beacon: 0
		 * L-SIG TXOP Prot: 0
		 * PCO active: 0
		 * PCO phase: 0
	Extended capabilities:
		 * BSS Transition
		 * Interworking
		 * Operating Mode Notification
		 * TWT Responder Support
		 * 85
		 * Max Number Of MSDUs In A-MSDU is unlimited
	802.11u Interworking:
		Network Options: 0x0
			Network Type: 0 (Private)
		Venue Group: 2 (Business)
		Venue Type: 8
		HESSID: 00:00:00:00:00:00
	802.11u Advertisement:
		Query Response Info: 0x7f
			Query Response Length Limit: 127
			ANQP
	WMM:	 * Parameter version 1
		 * BE: CW 15-1023, AIFSN 3
		 * BK: CW 15-1023, AIFSN 7
		 * VI: CW 7-15, AIFSN 2, TXOP 3008 usec
		 * VO: CW 3-7, AIFSN 2, TXOP 1504 usec
	RM enabled capabilities:
		Capabilities: 0x02 0x00 0x01 0x00 0x00
			Neighbor Report
			AP Channel Report
		Nonoperating Channel Max Measurement Duration: 0
		Measurement Pilot Capability: 0
	AP Channel Report:
		 * operating class: 128
		 * channel(s): 42 58 106 122
	Power constraint: 0 dB
	TPC report: TX power: 10 dBm
	Transmit Power Envelope:
	Country: VN	Environment: bogus
		Channels [42 - 54] @ -1 dBm
	VHT capabilities:
		VHT Capabilities (0x33ca79b2):
			Max MPDU length: 11454
			Supported Channel Width: neither 160 nor 80+80
			RX LDPC
			short GI (80 MHz)
			TX STBC
			SU Beamformer
			SU Beamformee
			MU Beamformer
			+HTC-VHT
			RX antenna pattern consistency
			TX antenna pattern consistency
		VHT RX MCS set:
			1 streams: MCS 0-9
			2 streams: MCS 0-9
			3 streams: not supported
			4 streams: not supported
			5 streams: not supported
			6 streams: not supported
			7 streams: not supported
			8 streams: not supported
		VHT RX highest supported: 780 Mbps
		VHT TX MCS set:
			1 streams: MCS 0-9
			2 streams: MCS 0-9
			3 streams: not supported
			4 streams: not supported
			5 streams: not supported
			6 streams: not supported
			7 streams: not supported
			8 streams: not supported
		VHT TX highest supported: 780 Mbps
		VHT extended NSS: supported
	VHT operation:
		 * channel width: 1 (80 MHz)
		 * center freq segment 1: 155
		 * center freq segment 2: 0
		 * VHT basic MCS set: 0xfffc
	HE capabilities:
		HE MAC Capabilities (0x00051a081044):
			+HTC HE Supported
			TWT Responder
			BSR
			OM Control
			Maximum A-MPDU Length Exponent: 3
			BQR
			A-MSDU in A-MPDU
			OM Control UL MU Data Disable RX
		HE PHY Capabilities: (0x0420ce926f12af10110c00):
			HE40/HE80/5GHz
			LDPC Coding in Payload
			NDP with 4x HE-LTF and 3.2us GI
			STBC Tx <= 80MHz
			STBC Rx <= 80MHz
			Full Bandwidth UL MU-MIMO
			Partial Bandwidth UL MU-MIMO
			DCM Max Constellation: 2
			DCM Max Constellation Rx: 2
			SU Beamformer
			SU Beamformee
			MU Beamformer
			Beamformee STS <= 80Mhz: 3
			Beamformee STS > 80Mhz: 3
			Sounding Dimensions <= 80Mhz: 2
			Sounding Dimensions > 80Mhz: 2
			Codebook Size SU Feedback
			Codebook Size MU Feedback
			Triggered SU Beamforming Feedback
			Triggered MU Beamforming Feedback
			Partial Bandwidth Extended Range
			PPE Threshold Present
			Max NC: 2
			HE ER SU PPDU 4x HE-LTF 0.8us GI
			HE ER SU PPDU 1x HE-LTF 0.8us GI
			TX 1024-QAM
			RX 1024-QAM
		HE RX MCS and NSS set <= 80 MHz
			1 streams: MCS 0-11
			2 streams: MCS 0-11
			3 streams: not supported
			4 streams: not supported
			5 streams: not supported
			6 streams: not supported
			7 streams: not supported
			8 streams: not supported
		HE TX MCS and NSS set <= 80 MHz
			1 streams: MCS 0-11
			2 streams: MCS 0-11
			3 streams: not supported
			4 streams: not supported
			5 streams: not supported
			6 streams: not supported
			7 streams: not supported
			8 streams: not supported
		PPE Threshold 0x39 0x1c 0xc7 0x71 0x1c 0x07 
BSS 00:aa:bb:01:23:45(on wlxd0374542d42e)
	TSF: 67570324945 usec (0d, 18:46:10)
	freq: 5805.0
	beacon interval: 100 TUs
	capability: ESS Privacy ShortPreamble SpectrumMgmt APSD RadioMeasure (0x1931)
	signal: -34.00 dBm
	last seen: 29 ms ago
	Information elements from Probe Response frame:
	SSID: VIETTEL_012340
	Supported rates: 6.0* 9.0 12.0* 18.0 24.0* 36.0 48.0 54.0 
	DS Parameter set: channel 161
	ERP: <no flags>
	RSN:	 * Version: 1
		 * Group cipher: CCMP
		 * Pairwise ciphers: CCMP
		 * Authentication suites: PSK
		 * Capabilities: 1-PTKSA-RC 1-GTKSA-RC (0x0000)
	HT capabilities:
		Capabilities: 0x9ef
			RX LDPC
			HT20/HT40
			SM Power Save disabled
			RX HT20 SGI
			RX HT40 SGI
			TX STBC
			RX STBC 1-stream
			Max AMSDU length: 7935 bytes
			No DSSS/CCK HT40
		Maximum RX AMPDU length 65535 bytes (exponent: 0x003)
		Minimum RX AMPDU time spacing: 4 usec (0x05)
		HT RX MCS rate indexes supported: 0-15
		HT TX MCS rate indexes are undefined
	HT operation:
		 * primary channel: 161
		 * secondary channel offset: below
		 * STA channel width: any
		 * RIFS: 0
		 * HT protection: no
		 * non-GF present: 0
		 * OBSS non-GF present: 0
		 * dual beacon: 0
		 * dual CTS protection: 0
		 * STBC beacon: 0
		 * L-SIG TXOP Prot: 0
		 * PCO active: 0
		 * PCO phase: 0
	Extended capabilities:
		 * BSS Transition
		 * Interworking
		 * WNM-Notification
		 * Operating Mode Notification
		 * TWT Responder Support
		 * Max Number Of MSDUs In A-MSDU is unlimited
	BSS Load:
		 * station count: 0
		 * channel utilisation: 56/255
		 * available admission capacity: 31250 [*32us]
	802.11u Interworking:
		Network Options: 0x0
			Network Type: 0 (Private)
		Venue Group: 2 (Business)
		Venue Type: 8
		HESSID: 00:aa:bb:01:23:45
	802.11u Advertisement:
		Query Response Info: 0x7f
			Query Response Length Limit: 127
			ANQP
	WMM:	 * Parameter version 1
		 * u-APSD
		 * BE: CW 15-1023, AIFSN 3
		 * BK: CW 15-1023, AIFSN 7
		 * VI: CW 7-15, AIFSN 2, TXOP 3008 usec
		 * VO: CW 3-7, AIFSN 2, TXOP 1504 usec
	RM enabled capabilities:
		Capabilities: 0x02 0x00 0x01 0x00 0x00
			Neighbor Report
			AP Channel Report
		Nonoperating Channel Max Measurement Duration: 0
		Measurement Pilot Capability: 0
	AP Channel Report:
		 * operating class: 128
		 * channel(s): 42 58 106 122
	Power constraint: 0 dB
	TPC report: TX power: 22 dBm
	Transmit Power Envelope:
	Country: VN	Environment: Indoor/Outdoor
		Channels [42 - 54] @ -1 dBm
	VHT capabilities:
		VHT Capabilities (0x33c979b2):
			Max MPDU length: 11454
			Supported Channel Width: neither 160 nor 80+80
			RX LDPC
			short GI (80 MHz)
			TX STBC
			SU Beamformer
			SU Beamformee
			MU Beamformer
			+HTC-VHT
			RX antenna pattern consistency
			TX antenna pattern consistency
		VHT RX MCS set:
			1 streams: MCS 0-9
			2 streams: MCS 0-9
			3 streams: not supported
			4 streams: not supported
			5 streams: not supported
			6 streams: not supported
			7 streams: not supported
			8 streams: not supported
		VHT RX highest supported: 780 Mbps
		VHT TX MCS set:
			1 streams: MCS 0-9
			2 streams: MCS 0-9
			3 streams: not supported
			4 streams: not supported
			5 streams: not supported
			6 streams: not supported
			7 streams: not supported
			8 streams: not supported
		VHT TX highest supported: 780 Mbps
		VHT extended NSS: supported
	VHT operation:
		 * channel width: 1 (80 MHz)
		 * center freq segment 1: 155
		 * center freq segment 2: 0
		 * VHT basic MCS set: 0xfffc
	HE capabilities:
		HE MAC Capabilities (0x00051a081044):
			+HTC HE Supported
			TWT Responder
			BSR
			OM Control
			Maximum A-MPDU Length Exponent: 3
			BQR
			A-MSDU in A-MPDU
			OM Control UL MU Data Disable RX
		HE PHY Capabilities: (0x0420ce926f09af08110c00):
			HE40/HE80/5GHz
			LDPC Coding in Payload
			NDP with 4x HE-LTF and 3.2us GI
			STBC Tx <= 80MHz
			STBC Rx <= 80MHz
			Full Bandwidth UL MU-MIMO
			Partial Bandwidth UL MU-MIMO
			DCM Max Constellation: 2
			DCM Max Constellation Rx: 2
			SU Beamformer
			SU Beamformee
			MU Beamformer
			Beamformee STS <= 80Mhz: 3
			Beamformee STS > 80Mhz: 3
			Sounding Dimensions <= 80Mhz: 1
			Sounding Dimensions > 80Mhz: 1
			Codebook Size SU Feedback
			Codebook Size MU Feedback
			Triggered SU Beamforming Feedback
			Triggered MU Beamforming Feedback
			Partial Bandwidth Extended Range
			PPE Threshold Present
			Max NC: 1
			HE ER SU PPDU 4x HE-LTF 0.8us GI
			HE ER SU PPDU 1x HE-LTF 0.8us GI
			TX 1024-QAM
			RX 1024-QAM
		HE RX MCS and NSS set <= 80 MHz
			1 streams: MCS 0-11
			2 streams: MCS 0-11
			3 streams: not supported
			4 streams: not supported
			5 streams: not supported
			6 streams: not supported
			7 streams: not supported
			8 streams: not supported
		HE TX MCS and NSS set <= 80 MHz
			1 streams: MCS 0-11
			2 streams: MCS 0-11
			3 streams: not supported
			4 streams: not supported
			5 streams: not supported
			6 streams: not supported
			7 streams: not supported
			8 streams: not supported
		PPE Threshold 0x39 0x1c 0xc7 0x71 0x1c 0x07 
BSS 24:0b:2a:bf:e8:dd(on wlxd0374542d42e)
	TSF: 235998253127 usec (2d, 17:33:18)
	freq: 5805.0
	beacon interval: 100 TUs
	capability: ESS Privacy ShortPreamble SpectrumMgmt APSD RadioMeasure (0x1931)
	signal: -51.00 dBm
	last seen: 29 ms ago
	Information elements from Probe Response frame:
	SSID: VIETTEL_BFE8D8
	Supported rates: 6.0* 9.0 12.0* 18.0 24.0* 36.0 48.0 54.0 
	DS Parameter set: channel 161
	ERP: <no flags>
	RSN:	 * Version: 1
		 * Group cipher: CCMP
		 * Pairwise ciphers: CCMP
		 * Authentication suites: PSK
		 * Capabilities: 1-PTKSA-RC 1-GTKSA-RC (0x0000)
	HT capabilities:
		Capabilities: 0x9ef
			RX LDPC
			HT20/HT40
			SM Power Save disabled
			RX HT20 SGI
			RX HT40 SGI
			TX STBC
			RX STBC 1-stream
			Max AMSDU length: 7935 bytes
			No DSSS/CCK HT40
		Maximum RX AMPDU length 65535 bytes (exponent: 0x003)
		Minimum RX AMPDU time spacing: 4 usec (0x05)
		HT RX MCS rate indexes supported: 0-15
		HT TX MCS rate indexes are undefined
	HT operation:
		 * primary channel: 161
		 * secondary channel offset: below
		 * STA channel width: any
		 * RIFS: 0
		 * HT protection: no
		 * non-GF present: 0
		 * OBSS non-GF present: 0
		 * dual beacon: 0
		 * dual CTS protection: 0
		 * STBC beacon: 0
		 * L-SIG TXOP Prot: 0
		 * PCO active: 0
		 * PCO phase: 0
	Extended capabilities:
		 * BSS Transition
		 * Interworking
		 * WNM-Notification
		 * Operating Mode Notification
		 * TWT Responder Support
		 * Max Number Of MSDUs In A-MSDU is unlimited
	BSS Load:
		 * station count: 0
		 * channel utilisation: 75/255
		 * available admission capacity: 31250 [*32us]
	802.11u Interworking:
		Network Options: 0x0
			Network Type: 0 (Private)
		Venue Group: 2 (Business)
		Venue Type: 8
		HESSID: 24:0b:2a:bf:e8:dd
	802.11u Advertisement:
		Query Response Info: 0x7f
			Query Response Length Limit: 127
			ANQP
	WMM:	 * Parameter version 1
		 * u-APSD
		 * BE: CW 15-1023, AIFSN 3
		 * BK: CW 15-1023, AIFSN 7
		 * VI: CW 7-15, AIFSN 2, TXOP 3008 usec
		 * VO: CW 3-7, AIFSN 2, TXOP 1504 usec
	RM enabled capabilities:
		Capabilities: 0x02 0x00 0x01 0x00 0x00
			Neighbor Report
			AP Channel Report
		Nonoperating Channel Max Measurement Duration: 0
		Measurement Pilot Capability: 0
	AP Channel Report:
		 * operating class: 128
		 * channel(s): 42 58 106 122
	Power constraint: 0 dB
	TPC report: TX power: 22 dBm
	Transmit Power Envelope:
	Country: VN	Environment: Indoor/Outdoor
		Channels [42 - 54] @ -1 dBm
	VHT capabilities:
		VHT Capabilities (0x33c979b2):
			Max MPDU length: 11454
			Supported Channel Width: neither 160 nor 80+80
			RX LDPC
			short GI (80 MHz)
			TX STBC
			SU Beamformer
			SU Beamformee
			MU Beamformer
			+HTC-VHT
			RX antenna pattern consistency
			TX antenna pattern consistency
		VHT RX MCS set:
			1 streams: MCS 0-9
			2 streams: MCS 0-9
			3 streams: not supported
			4 streams: not supported
			5 streams: not supported
			6 streams: not supported
			7 streams: not supported
			8 streams: not supported
		VHT RX highest supported: 780 Mbps
		VHT TX MCS set:
			1 streams: MCS 0-9
			2 streams: MCS 0-9
			3 streams: not supported
			4 streams: not supported
			5 streams: not supported
			6 streams: not supported
			7 streams: not supported
			8 streams: not supported
		VHT TX highest supported: 780 Mbps
		VHT extended NSS: supported
	VHT operation:
		 * channel width: 1 (80 MHz)
		 * center freq segment 1: 155
		 * center freq segment 2: 0
		 * VHT basic MCS set: 0xfffc
	HE capabilities:
		HE MAC Capabilities (0x00051a081044):
			+HTC HE Supported
			TWT Responder
			BSR
			OM Control
			Maximum A-MPDU Length Exponent: 3
			BQR
			A-MSDU in A-MPDU
			OM Control UL MU Data Disable RX
		HE PHY Capabilities: (0x0420ce926f09af08110c00):
			HE40/HE80/5GHz
			LDPC Coding in Payload
			NDP with 4x HE-LTF and 3.2us GI
			STBC Tx <= 80MHz
			STBC Rx <= 80MHz
			Full Bandwidth UL MU-MIMO
			Partial Bandwidth UL MU-MIMO
			DCM Max Constellation: 2
			DCM Max Constellation Rx: 2
			SU Beamformer
			SU Beamformee
			MU Beamformer
			Beamformee STS <= 80Mhz: 3
			Beamformee STS > 80Mhz: 3
			Sounding Dimensions <= 80Mhz: 1
			Sounding Dimensions > 80Mhz: 1
			Codebook Size SU Feedback
			Codebook Size MU Feedback
			Triggered SU Beamforming Feedback
			Triggered MU Beamforming Feedback
			Partial Bandwidth Extended Range
			PPE Threshold Present
			Max NC: 1
			HE ER SU PPDU 4x HE-LTF 0.8us GI
			HE ER SU PPDU 1x HE-LTF 0.8us GI
			TX 1024-QAM
			RX 1024-QAM
		HE RX MCS and NSS set <= 80 MHz
			1 streams: MCS 0-11
			2 streams: MCS 0-11
			3 streams: not supported
			4 streams: not supported
			5 streams: not supported
			6 streams: not supported
			7 streams: not supported
			8 streams: not supported
		HE TX MCS and NSS set <= 80 MHz
			1 streams: MCS 0-11
			2 streams: MCS 0-11
			3 streams: not supported
			4 streams: not supported
			5 streams: not supported
			6 streams: not supported
			7 streams: not supported
			8 streams: not supported
		PPE Threshold 0x39 0x1c 0xc7 0x71 0x1c 0x07 
